{"type": "FeatureCollection", "features": [{"type": "Feature", "properties": {"osm_id": "way/42432240", "building": "yes"}, "geometry": {"type": "Polygon", "coordinates": [[[-43.1808818, -22.964598], [-43.180796, -22.964724499999992], [-43.1810964, -22.9648983], [-43.1811822, -22.964764000000002], [-43.1808818, -22.964598]]]}}, {"type": "Feature", "properties": {"osm_id": "way/61015399", "IPP:CADASTRAL": "287F", "IPP:CODIGO": "23121", "IPP:COD_QUADRA": "287F23121", "amenity": "restaurant", "building": "yes", "cuisine": "seafood;regional;fish;dessert", "name": "Pavão Azul", "source": "IPP"}, "geometry": {"type": "Polygon", "coordinates": [[[-43.1853204, -22.96814279999999], [-43.1860508, -22.9672064], [-43.1860631, -22.9671767], [-43.1860488, -22.967148599999994], [-43.18524980000001, -22.96674979999999], [-43.1852212, -22.966743200000003], [-43.1851918, -22.9667556], [-43.1851539, -22.9667943], [-43.1844802, -22.9676851], [-43.184474200000004, -22.9677085], [-43.1844887, -22.967739599999994], [-43.1851611, -22.9681703], [-43.1852454, -22.9682189], [-43.1852792, -22.968200399999994], [-43.1853204, -22.96814279999999]]]}}, {"type": "Feature", "properties": {"osm_id": "way/95569019", "building": "yes", "source": "Bing"}, "geometry": {"type": "Polygon", "coordinates": [[[-43.183584700000004, -22.9691448], [-43.1835672, -22.9691434], [-43.1835501, -22.969147399999997], [-43.1835354, -22.969156300000005], [-43.1835247, -22.969169199999996], [-43.183519200000006, -22.9691846], [-43.1835195, -22.969200799999996], [-43.1835254, -22.9692157], [-43.1835362, -22.9692281], [-43.1835507, -22.969236699999996], [-43.1835674, -22.9692405], [-43.1835846, -22.9692391], [-43.1836003, -22.969232700000003], [-43.1836131, -22.969222000000002], [-43.1836214, -22.969208200000004], [-43.1836244, -22.969192499999995], [-43.1836218, -22.969176899999994], [-43.1836137, -22.969162500000003], [-43.1836008, -22.969151399999994], [-43.183584700000004, -22.9691448]]]}}, {"type": "Feature", "properties": {"osm_id": "way/99222552", "building": "station", "layer": "-1"}, "geometry": {"type": "Polygon", "coordinates": [[[-43.1944658, -22.974830899999997], [-43.1944014, -22.9744755], [-43.1942295, -22.9744977], [-43.1943005, -22.9749242], [-43.1941385, -22.974954299999997], [-43.1941544, -22.9750813], [-43.1943255, -22.975070599999995], [-43.1943736, -22.975523899999992], [-43.1940508, -22.975724099999997], [-43.1940978, -22.975768999999996], [-43.19439040000001, -22.9755902], [-43.1943952, -22.97563119999999], [-43.194322, -22.975724099999994], [-43.193674, -22.976127800000004], [-43.1929935, -22.9762835], [-43.1929254, -22.9762688], [-43.1927457, -22.976313000000005], [-43.1927549, -22.97634889999999], [-43.1927709, -22.9764118], [-43.1928602, -22.976388799999995], [-43.1928682, -22.9764115], [-43.1931311, -22.97635010000001], [-43.1931711, -22.97630999999999], [-43.1935305, -22.976217199999997], [-43.1936001, -22.976235299999995], [-43.1937169, -22.976666600000005], [-43.1938078, -22.97663849999999], [-43.1938241, -22.976683099999995], [-43.1938446, -22.976739500000008], [-43.1939733, -22.976697499999997], [-43.1938108, -22.9762488], [-43.1937665, -22.976227800000004], [-43.1937596, -22.976194899999996], [-43.193755, -22.9761732], [-43.1943512, -22.975783299999996], [-43.1943979, -22.975783599999993], [-43.1945057, -22.976562], [-43.1941989, -22.9766182], [-43.1942102, -22.976679200000003], [-43.194305, -22.976663400000003], [-43.194634088813665, -22.976624817816283], [-43.19470237645584, -22.976565243934505], [-43.1944658, -22.974830899999997]]]}}, {"type": "Feature", "properties": {"osm_id": "way/115811105", "building": "roof", "layer": "1", "source": "Bing"}, "geometry": {"type": "Polygon", "coordinates": [[[-43.1827016, -22.970252999999996], [-43.1826819, -22.970275600000004], [-43.1827507, -22.970326799999995], [-43.1827705, -22.970304199999998], [-43.1827016, -22.970252999999996]]]}}, {"type": "Feature", "properties": {"osm_id": "way/115811107", "building": "roof", "layer": "1", "source": "Bing"}, "geometry": {"type": "Polygon", "coordinates": [[[-43.1824514, -22.970436099999997], [-43.1824554, -22.970480700000003], [-43.1825037, -22.970476999999995], [-43.18249970000001, -22.970432399999996], [-43.1824514, -22.970436099999997]]]}}, {"type": "Feature", "properties": {"osm_id": "way/115811108", "building": "roof", "layer": "1", "source": "Bing"}, "geometry": {"type": "Polygon", "coordinates": [[[-43.1820799, -22.969848600000002], [-43.1821499, -22.969894899999993], [-43.1821661, -22.969874100000002], [-43.1820962, -22.969827799999994], [-43.1820799, -22.969848600000002]]]}}, {"type": "Feature", "properties": {"osm_id": "way/115811110", "building": "roof", "layer": "1", "source": "Bing"}, "geometry": {"type": "Polygon", "coordinates": [[[-43.1826016, -22.970548299999997], [-43.1826052, -22.970590400000003], [-43.182654, -22.970586899999997], [-43.1826505, -22.9705448], [-43.1826016, -22.970548299999997]]]}}, {"type": "Feature", "properties": {"osm_id": "way/115811111", "building": "roof", "layer": "1", "source": "Bing"}, "geometry": {"type": "Polygon", "coordinates": [[[-43.1819631, -22.9697385], [-43.181947, -22.9697593], [-43.1820163, -22.9698047], [-43.1820323, -22.969783799999995], [-43.1819631, -22.9697385]]]}}, {"type": "Feature", "properties": {"osm_id": "way/115811113", "building": "roof", "layer": "1", "source": "Bing"}, "geometry": {"type": "Polygon", "coordinates": [[[-43.1828096, -22.970370400000007], [-43.1828787, -22.9704215], [-43.1828985, -22.9703988], [-43.1828295, -22.970347599999993], [-43.1828096, -22.970370400000007]]]}}, {"type": "Feature", "properties": {"osm_id": "way/115811369", "building": "roof", "layer": "1", "source": "Bing"}, "geometry": {"type": "Polygon", "coordinates": [[[-43.1867819, -22.9743465], [-43.1867581, -22.9743621], [-43.1868084, -22.974427199999997], [-43.1868322, -22.9744116], [-43.1867819, -22.9743465]]]}}, {"type": "Feature", "properties": {"osm_id": "way/115811373", "building": "yes", "layer": "1", "source": "Bing"}, "geometry": {"type": "Polygon", "coordinates": [[[-43.18494640000001, -22.972599199999998], [-43.1849477, -22.972568399999997], [-43.1849154, -22.9725673], [-43.1848817, -22.972566199999992], [-43.18488030000001, -22.972601099999995], [-43.1849114, -22.972602199999997], [-43.1849102, -22.9726303], [-43.184981, -22.972632700000002], [-43.1849823, -22.972600500000006], [-43.18494640000001, -22.972599199999998]]]}}, {"type": "Feature", "properties": {"osm_id": "way/115811375", "building": "roof", "layer": "1", "source": "Bing"}, "geometry": {"type": "Polygon", "coordinates": [[[-43.1861353, -22.973525499999997], [-43.1861873, -22.973588999999997], [-43.1862094, -22.973573699999996], [-43.1861574, -22.9735102], [-43.1861353, -22.973525499999997]]]}}, {"type": "Feature", "properties": {"osm_id": "way/115811384", "building": "roof", "layer": "1", "source": "Bing"}, "geometry": {"type": "Polygon", "coordinates": [[[-43.1862296, -22.973650600000003], [-43.1862825, -22.973716200000005], [-43.1863078, -22.973698900000002], [-43.1862549, -22.973633299999996], [-43.1862296, -22.973650600000003]]]}}, {"type": "Feature", "properties": {"osm_id": "way/115811386", "building": "roof", "layer": "1", "source": "Bing"}, "geometry": {"type": "Polygon", "coordinates": [[[-43.1866901, -22.974211899999993], [-43.1866657, -22.974226999999996], [-43.1867131, -22.974291799999996], [-43.1867375, -22.974276700000004], [-43.1866901, -22.974211899999993]]]}}, {"type": "Feature", "properties": {"osm_id": "way/115811391", "amenity": "fast_food", "building": "yes", "name": "Força & Saúde", "source": "Bing"}, "geometry": {"type": "Polygon", "coordinates": [[[-43.1848699, -22.972513399999993], [-43.1848685, -22.9725598], [-43.1849175, -22.972561199999998], [-43.1849189, -22.9725146], [-43.1848699, -22.972513399999993]]]}}, {"type": "Feature", "properties": {"osm_id": "way/115811392", "building": "roof", "layer": "1", "source": "Bing"}, "geometry": {"type": "Polygon", "coordinates": [[[-43.1856771, -22.9734193], [-43.185673, -22.9734783], [-43.185704, -22.9734801], [-43.1857017, -22.973512699999997], [-43.1857362, -22.973514700000003], [-43.1857405, -22.973453200000005], [-43.1857077, -22.973451199999996], [-43.1857098, -22.9734212], [-43.1856771, -22.9734193]]]}}, {"type": "Feature", "properties": {"osm_id": "way/115811470", "building": "yes", "layer": "1", "source": "Bing"}, "geometry": {"type": "Polygon", "coordinates": [[[-43.1875386, -22.976088000000004], [-43.1875052, -22.9760777], [-43.1875168, -22.976046099999994], [-43.1874822, -22.9760353], [-43.1874927, -22.976006500000004], [-43.1874272, -22.975986199999994], [-43.1874044, -22.976048300000002], [-43.1874711, -22.976068999999995], [-43.1874516, -22.976125699999997], [-43.187484100000006, -22.976135900000006], [-43.1875056, -22.976175600000005], [-43.1874963, -22.976204400000004], [-43.1875288, -22.9762122], [-43.1875385, -22.976184600000003], [-43.1875702, -22.976193099999993], [-43.1875804, -22.976160099999998], [-43.1875184, -22.9761429], [-43.1875386, -22.976088000000004]]]}}, {"type": "Feature", "properties": {"osm_id": "way/134013759", "building": "yes", "height": "22", "source": "Bing"}, "geometry": {"type": "Polygon", "coordinates": [[[-43.1810727, -22.968608299999996], [-43.1812849, -22.9687532], [-43.1814061, -22.9686027], [-43.1811939, -22.968457800000003], [-43.1810727, -22.968608299999996]]]}}, {"type": "Feature", "properties": {"osm_id": "way/134013760", "addr:city": "Rio de Janeiro", "addr:housenumber": "1800", "addr:street": "Avenida Atlântica", "addr:suburb": "Copacabana", "building": "yes", "building:levels": "12", "source": "Bing"}, "geometry": {"type": "Polygon", "coordinates": [[[-43.1798985, -22.967288700000005], [-43.1796989, -22.9671668], [-43.1794708, -22.96750279999999], [-43.1796776, -22.967624799999996], [-43.1798985, -22.967288700000005]]]}}, {"type": "Feature", "properties": {"osm_id": "way/134013926", "building": "yes", "source": "Bing"}, "geometry": {"type": "Polygon", "coordinates": [[[-43.18334600000001, -22.9679839], [-43.1833221, -22.967969], [-43.1833083, -22.967987799999992], [-43.1832706, -22.967964300000002], [-43.1833388, -22.967871499999994], [-43.1833775, -22.967895600000002], [-43.1834037, -22.967859999999998], [-43.1832702, -22.967776799999992], [-43.1832412, -22.967758800000002], [-43.1830765, -22.9679829], [-43.183261800000004, -22.96809839999999], [-43.18334600000001, -22.9679839]]]}}, {"type": "Feature", "properties": {"osm_id": "way/134013929", "building": "yes", "source": "Bing"}, "geometry": {"type": "Polygon", "coordinates": [[[-43.1844129, -22.9667838], [-43.1841816, -22.96662329999999], [-43.1839457, -22.966911499999995], [-43.184177, -22.967071999999998], [-43.1844129, -22.9667838]]]}}, {"type": "Feature", "properties": {"osm_id": "way/134013930", "building": "yes", "height": "48", "source": "Bing"}, "geometry": {"type": "Polygon", "coordinates": [[[-43.1825279, -22.968337900000005], [-43.1824494, -22.968281399999995], [-43.18242, -22.968260299999997], [-43.1823173, -22.968186399999993], [-43.1821172, -22.968422099999998], [-43.1823277, -22.968573699999997], [-43.1825279, -22.968337900000005]]]}}, {"type": "Feature", "properties": {"osm_id": "way/176886419", "building": "yes", "name": "Acesso Figueiredo Magalhães"}, "geometry": {"type": "Polygon", "coordinates": [[[-43.1874785, -22.967525899999995], [-43.1875732, -22.967638799999992], [-43.18763220000001, -22.9676297], [-43.18765470000001, -22.967579099999995], [-43.1875607, -22.967470500000005], [-43.1875037, -22.967478899999996], [-43.1874785, -22.967525899999995]]]}}, {"type": "Feature", "properties": {"osm_id": "way/206935581", "addr:housenumber": "173", "addr:street": "Rua Barata Ribeiro", "building": "yes", "name": "Hotel Best Western Plus Copacabana Design Hotel", "tourism": "hotel"}, "geometry": {"type": "Polygon", "coordinates": [[[-43.1799239, -22.964977499999993], [-43.1798411, -22.965081], [-43.1798627, -22.9650957], [-43.1797985, -22.965176], [-43.1798166, -22.965188299999998], [-43.1798773, -22.9651124], [-43.17995, -22.9651616], [-43.1800363, -22.965053699999995], [-43.1799239, -22.964977499999993]]]}}, {"type": "Feature", "properties": {"osm_id": "way/207138522", "building": "yes"}, "geometry": {"type": "Polygon", "coordinates": [[[-43.1805954, -22.9647456], [-43.1806084, -22.964777699999992], [-43.1806431, -22.964792799999998], [-43.18069, -22.9647852], [-43.1807212, -22.9647587], [-43.1807308, -22.964720799999995], [-43.180765, -22.9647145], [-43.1807557, -22.964657199999998], [-43.1807371, -22.964570599999995], [-43.1807291, -22.9645335], [-43.1805714, -22.9645602], [-43.180530600000004, -22.96459279999999], [-43.1805226, -22.964622399999996], [-43.1805385, -22.9647274], [-43.18054, -22.964755799999992], [-43.1805954, -22.9647456]]]}}, {"type": "Feature", "properties": {"osm_id": "way/227727235", "addr:city": "Rio de Janeiro", "addr:housenumber": "143", "addr:postcode": "22031-071", "addr:street": "Rua Siqueira Campos, loja 14", "addr:suburb": "Copacabana", "air_conditioning": "yes", "building": "yes", "currency:XBT": "yes", "hairdresser": "barber", "internet_access": "wlan", "name": "Barbearia e Tabacaria Tabaco e Tesoura", "opening_hours": "Mo-Su 10:00-22:00", "payment:lightning": "yes", "payment:lightning_contactless": "yes", "payment:onchain": "yes", "phone": "+55 21 97539 3806", "shop": "hairdresser", "toilets": "yes", "website": "http://www.shoppingcidadecopacabana.com.br/comochegar.asp"}, "geometry": {"type": "Polygon", "coordinates": [[[-43.1880926, -22.966882499999997], [-43.188168, -22.966743899999997], [-43.1881844, -22.966710199999998], [-43.1882281, -22.966632500000003], [-43.1883302, -22.966437699999997], [-43.1883759, -22.966353], [-43.1883359, -22.966321399999998], [-43.18813, -22.966159], [-43.1880497, -22.966095500000005], [-43.1875765, -22.96634389999999], [-43.1874957, -22.966386299999993], [-43.1874359, -22.966417699999994], [-43.1873909, -22.966441300000003], [-43.1870983, -22.9665949], [-43.1868934, -22.966702399999996], [-43.187934, -22.967180500000005], [-43.1879523, -22.967151800000003], [-43.188064, -22.9672033], [-43.1881721, -22.967253099999994], [-43.188291, -22.9673079], [-43.1883201, -22.967273199999998], [-43.188387, -22.967200699999996], [-43.1884258, -22.967158699999995], [-43.1884418, -22.967141299999998], [-43.1880926, -22.966882499999997]]]}}, {"type": "Feature", "properties": {"osm_id": "way/227727238", "building": "industrial", "location": "indoor", "name": "Subestação Copacabana", "operator": "Light", "operator:wikidata": "Q3238450", "operator:wikipedia": "pt:Light S/A", "power": "substation", "source": "Bing;survey", "substation": "distribution", "voltage": "138000;13800"}, "geometry": {"type": "Polygon", "coordinates": [[[-43.188168, -22.966743899999997], [-43.1880926, -22.966882499999997], [-43.1884418, -22.967141299999998], [-43.1885423, -22.9670343], [-43.188168, -22.966743899999997]]]}}, {"type": "Feature", "properties": {"osm_id": "way/227727240", "building": "yes", "source": "Bing"}, "geometry": {"type": "Polygon", "coordinates": [[[-43.1866931, -22.966908999999994], [-43.1866223, -22.96693369999999], [-43.1865375, -22.966963299999996], [-43.1866053, -22.967025200000002], [-43.1867623, -22.966969199999998], [-43.1866931, -22.966908999999994]]]}}, {"type": "Feature", "properties": {"osm_id": "way/286529745", "building": "yes", "building:levels": "12", "height": "53"}, "geometry": {"type": "Polygon", "coordinates": [[[-43.1821172, -22.968422099999998], [-43.1819899, -22.9685787], [-43.1822018, -22.968726900000004], [-43.1823277, -22.968573699999997], [-43.1821172, -22.968422099999998]]]}}, {"type": "Feature", "properties": {"osm_id": "way/286529746", "building": "yes", "building:levels": "12", "height": "53"}, "geometry": {"type": "Polygon", "coordinates": [[[-43.181904, -22.9685293], [-43.1818019, -22.968642000000006], [-43.1821213, -22.968828100000003], [-43.1822018, -22.968726900000004], [-43.181904, -22.9685293]]]}}, {"type": "Feature", "properties": {"osm_id": "way/286529747", "building": "yes", "building:levels": "14", "height": "48"}, "geometry": {"type": "Polygon", "coordinates": [[[-43.1818019, -22.968642000000006], [-43.1817401, -22.968711400000004], [-43.1816928, -22.968774399999997], [-43.1817272, -22.968801399999997], [-43.1817082, -22.968814899999998], [-43.1817711, -22.968851899999994], [-43.1818376, -22.9688866], [-43.1818206, -22.968912500000005], [-43.181862, -22.968947], [-43.1819765, -22.96901339999999], [-43.1821213, -22.968828100000003], [-43.1818019, -22.968642000000006]]]}}, {"type": "Feature", "properties": {"osm_id": "way/286529748", "building": "yes", "building:levels": "12", "height": "60"}, "geometry": {"type": "Polygon", "coordinates": [[[-43.181862, -22.968947], [-43.1818233, -22.968990199999993], [-43.1817799, -22.968970999999993], [-43.181688, -22.9690803], [-43.1818305, -22.969177299999995], [-43.1819765, -22.96901339999999], [-43.181862, -22.968947]]]}}, {"type": "Feature", "properties": {"osm_id": "way/286529749", "building": "yes", "building:levels": "12", "height": "55"}, "geometry": {"type": "Polygon", "coordinates": [[[-43.1815788, -22.968601299999992], [-43.1815636, -22.968622999999994], [-43.1813714, -22.9688614], [-43.181526600000005, -22.968970099999993], [-43.1816323, -22.9688458], [-43.1816928, -22.968774399999997], [-43.1817401, -22.968711400000004], [-43.1815788, -22.968601299999992]]]}}, {"type": "Feature", "properties": {"osm_id": "way/286529750", "building": "yes", "building:levels": "12", "height": "50"}, "geometry": {"type": "Polygon", "coordinates": [[[-43.1815636, -22.968622999999994], [-43.1814529, -22.968542599999996], [-43.1814061, -22.9686027], [-43.1812849, -22.9687532], [-43.1812527, -22.968790200000004], [-43.1812905, -22.968816899999997], [-43.1813714, -22.9688614], [-43.1815636, -22.968622999999994]]]}}, {"type": "Feature", "properties": {"osm_id": "way/286529751", "building": "yes", "building:levels": "12", "height": "61"}, "geometry": {"type": "Polygon", "coordinates": [[[-43.1811939, -22.968457800000003], [-43.1814061, -22.9686027], [-43.1814529, -22.968542599999996], [-43.1815134, -22.9684739], [-43.1813071, -22.968319300000005], [-43.1811939, -22.968457800000003]]]}}, {"type": "Feature", "properties": {"osm_id": "way/286529752", "building": "yes", "building:levels": "12", "height": "53"}, "geometry": {"type": "Polygon", "coordinates": [[[-43.1813071, -22.968319300000005], [-43.1815134, -22.9684739], [-43.1816465, -22.968322500000003], [-43.1814405, -22.96816859999999], [-43.1813071, -22.968319300000005]]]}}, {"type": "Feature", "properties": {"osm_id": "way/286529753", "building": "yes", "building:levels": "10", "height": "55"}, "geometry": {"type": "Polygon", "coordinates": [[[-43.1814816, -22.968120499999998], [-43.1816889, -22.968272900000002], [-43.1818144, -22.968118200000003], [-43.1817209, -22.968068800000005], [-43.1816757, -22.96809489999999], [-43.1816602, -22.968087800000003], [-43.1815437, -22.9680091], [-43.1814816, -22.968120499999998]]]}}, {"type": "Feature", "properties": {"osm_id": "way/286529754", "building": "yes", "building:levels": "12", "height": "51"}, "geometry": {"type": "Polygon", "coordinates": [[[-43.1818721, -22.967993399999997], [-43.1816596, -22.967863699999995], [-43.1815437, -22.9680091], [-43.1816602, -22.968087800000003], [-43.1817298, -22.968000400000005], [-43.1817884, -22.96804], [-43.1817719, -22.9680863], [-43.1818144, -22.968118200000003], [-43.1818392, -22.968135], [-43.1819168, -22.968037499999998], [-43.1818721, -22.967993399999997]]]}}, {"type": "Feature", "properties": {"osm_id": "way/286529757", "addr:city": "Rio de Janeiro", "addr:housenumber": "2964", "addr:postcode": "22070-000", "addr:street": "Avenida Atlântica", "addr:suburb": "Copacabana", "building": "hotel", "building:levels": "30", "check_date": "2025-08-27", "name": "Pestana Rio Atlântica", "phone": "+55 21 2548-6332", "tourism": "hotel", "website": "https://www.pestana.com/en/hotel/pestana-rio", "wikidata": "Q111884483"}, "geometry": {"type": "Polygon", "coordinates": [[[-43.1878485, -22.975141700000002], [-43.1880765, -22.975012100000004], [-43.1881168, -22.97506769999999], [-43.1882207, -22.975012100000008], [-43.1880531, -22.974774399999994], [-43.1879726, -22.974817600000005], [-43.1880128, -22.9748886], [-43.1877748, -22.975033699999994], [-43.1878485, -22.975141700000002]]]}}, {"type": "Feature", "properties": {"osm_id": "way/286529758", "building": "yes", "building:levels": "14"}, "geometry": {"type": "Polygon", "coordinates": [[[-43.1877968, -22.974722699999997], [-43.1877932, -22.974724799999994], [-43.1876381, -22.974813300000008], [-43.1876306, -22.974817599999998], [-43.1876723, -22.9748782], [-43.1877178, -22.97494419999999], [-43.1878843, -22.974848199999997], [-43.1880497, -22.974752800000005], [-43.1879659, -22.974626199999996], [-43.1877968, -22.974722699999997]]]}}, {"type": "Feature", "properties": {"osm_id": "way/286529759", "building": "yes", "building:levels": "12"}, "geometry": {"type": "Polygon", "coordinates": [[[-43.1882241, -22.9750337], [-43.1879022, -22.975228199999997], [-43.1879525, -22.975299200000002], [-43.188328000000006, -22.97517570000001], [-43.1882241, -22.9750337]]]}}, {"type": "Feature", "properties": {"osm_id": "way/314506899", "building": "yes", "building:levels": "11"}, "geometry": {"type": "Polygon", "coordinates": [[[-43.1808894, -22.9672622], [-43.1808844, -22.967360699999993], [-43.1808835, -22.9673774], [-43.180878, -22.9674867], [-43.180877, -22.967508100000007], [-43.18096100000001, -22.96751169999999], [-43.1809656, -22.96742100000001], [-43.1810335, -22.967424000000005], [-43.1810291, -22.9675102], [-43.18112, -22.9675152], [-43.1811202, -22.9674945], [-43.1811314, -22.9672725], [-43.1808894, -22.9672622]]]}}, {"type": "Feature", "properties": {"osm_id": "way/322770915", "addr:city": "Rio de Janeiro", "addr:housenumber": "995", "addr:postcode": "22060-000", "addr:street": "Avenida Nossa Senhora de Copacabana", "addr:suburb": "Copacabana", "building": "yes", "name": "Savoy Othon Travel", "source": "survey", "tourism": "hotel"}, "geometry": {"type": "Polygon", "coordinates": [[[-43.190229, -22.977314], [-43.1902653, -22.9774728], [-43.1903562, -22.9774535], [-43.1903284, -22.9772947], [-43.190229, -22.977314]]]}}, {"type": "Feature", "properties": {"osm_id": "way/357286152", "addr:city": "Rio de Janeiro", "addr:housenumber": "3264", "addr:postcode": "22070-001", "addr:street": "Avenida Atlântica", "addr:suburb": "Copacabana", "building": "hotel", "check_date": "2026-08-11", "name": "Rio Othon Palace", "phone": "+55 21 2106-1500", "tourism": "hotel", "website": "https://www.othon.com.br/en/hoteis/hotel-em-copacabana/rio-othon-palace", "wikidata": "Q7335297", "wikimedia_commons": "Category:Rio Othon Palace", "wikipedia": "en:Rio Othon Palace"}, "geometry": {"type": "Polygon", "coordinates": [[[-43.1894746, -22.9774698], [-43.189391900000004, -22.977225799999996], [-43.1889415, -22.9773552], [-43.1890242, -22.9775992], [-43.1894746, -22.9774698]]]}}, {"type": "Feature", "properties": {"osm_id": "way/359363522", "building": "hotel", "building:levels": "12", "name": "Windsor Copacabana Hotel"}, "geometry": {"type": "Polygon", "coordinates": [[[-43.1799243, -22.9669764], [-43.17981470000001, -22.967163400000004], [-43.179933, -22.967225800000005], [-43.1800473, -22.967038099999996], [-43.1799243, -22.9669764]]]}}, {"type": "Feature", "properties": {"osm_id": "way/359363523", "addr:city": "Rio de Janeiro", "addr:housenumber": "1800", "addr:street": "Avenida Atlântica", "addr:suburb": "Copacabana", "building": "hotel", "building:levels": "15", "name": "Excelsior Copacabana Hotel"}, "geometry": {"type": "Polygon", "coordinates": [[[-43.179946, -22.967514199999997], [-43.1798082, -22.967701899999994], [-43.1797117, -22.967840499999998], [-43.1798667, -22.967933799999997], [-43.1801014, -22.9676095], [-43.179946, -22.967514199999997]]]}}, {"type": "Feature", "properties": {"osm_id": "way/427315852", "amenity": "fast_food", "building": "yes", "name": "Axé Rio", "payment:mastercard": "yes", "source": "Bing"}, "geometry": {"type": "Polygon", "coordinates": [[[-43.1842097, -22.971865500000007], [-43.1842088, -22.971912200000002], [-43.1842579, -22.9719129], [-43.1842588, -22.971866300000002], [-43.1842097, -22.971865500000007]]]}}, {"type": "Feature", "properties": {"osm_id": "way/427315854", "amenity": "fast_food", "building": "yes", "name": "Inka", "source": "Bing"}, "geometry": {"type": "Polygon", "coordinates": [[[-43.1843329, -22.971981], [-43.184333, -22.972031099999995], [-43.1843891, -22.972030999999994], [-43.184389, -22.971980899999995], [-43.1843329, -22.971981]]]}}, {"type": "Feature", "properties": {"osm_id": "way/427315856", "amenity": "fast_food", "building": "yes", "name": "Pizza in Cone", "payment:mastercard": "yes", "source": "Bing"}, "geometry": {"type": "Polygon", "coordinates": [[[-43.1847514, -22.972388599999995], [-43.1847503, -22.972435199999993], [-43.1847993, -22.972436299999995], [-43.1848005, -22.972389600000003], [-43.1847514, -22.972388599999995]]]}}, {"type": "Feature", "properties": {"osm_id": "way/427315863", "building": "yes", "layer": "1"}, "geometry": {"type": "Polygon", "coordinates": [[[-43.1847915, -22.97254179999999], [-43.1848595, -22.972542799999996], [-43.1848605, -22.9724812], [-43.1848275, -22.972480700000002], [-43.1848281, -22.972448200000002], [-43.1847607, -22.972447299999995], [-43.1847597, -22.9725128], [-43.184792, -22.9725132], [-43.1847915, -22.97254179999999]]]}}, {"type": "Feature", "properties": {"osm_id": "way/427315865", "building": "yes", "layer": "1"}, "geometry": {"type": "Polygon", "coordinates": [[[-43.1846725, -22.972323], [-43.1846711, -22.9723863], [-43.184702, -22.972386899999993], [-43.1847013, -22.9724193], [-43.184736, -22.9724199], [-43.1847375, -22.9723563], [-43.1847044, -22.972355799999995], [-43.1847051, -22.972323600000003], [-43.1846725, -22.972323]]]}}, {"type": "Feature", "properties": {"osm_id": "way/427315866", "building": "yes", "layer": "1"}, "geometry": {"type": "Polygon", "coordinates": [[[-43.1841338, -22.971803599999994], [-43.1841326, -22.971866899999995], [-43.1841608, -22.971867299999992], [-43.1841602, -22.9719013], [-43.1841959, -22.971901799999998], [-43.184197, -22.9718383], [-43.1841665, -22.971837800000003], [-43.1841672, -22.971804099999993], [-43.1841338, -22.971803599999994]]]}}, {"type": "Feature", "properties": {"osm_id": "way/427315868", "building": "yes", "layer": "1"}, "geometry": {"type": "Polygon", "coordinates": [[[-43.1843276, -22.9720144], [-43.1843245, -22.971948799999996], [-43.1842899, -22.971950199999988], [-43.1842884, -22.971918200000008], [-43.1842231, -22.971920700000002], [-43.1842262, -22.971985000000004], [-43.1842563, -22.972015099999993], [-43.1843276, -22.9720144]]]}}, {"type": "Feature", "properties": {"osm_id": "way/427315870", "building": "yes", "layer": "1", "source": "Bing"}, "geometry": {"type": "Polygon", "coordinates": [[[-43.1844194, -22.9720729], [-43.18442, -22.972039700000003], [-43.1843887, -22.972039199999998], [-43.1843539, -22.9720387], [-43.1843533, -22.972072799999996], [-43.184382, -22.972103799999996], [-43.184452900000004, -22.9721049], [-43.184453500000004, -22.972073500000004], [-43.1844194, -22.9720729]]]}}, {"type": "Feature", "properties": {"osm_id": "way/468578891", "addr:city": "Rio de Janeiro", "addr:postcode": "22040-002", "addr:street": "Rua Barata Ribeiro", "addr:suburb": "Copacabana", "building": "yes", "leisure": "sports_centre", "name": "Clube Israelita Brasileiro"}, "geometry": {"type": "Polygon", "coordinates": [[[-43.187440900000006, -22.969828099999994], [-43.1869184, -22.970449499999997], [-43.1871423, -22.970607999999995], [-43.1876756, -22.969979599999995], [-43.187440900000006, -22.969828099999994]]]}}, {"type": "Feature", "properties": {"osm_id": "way/473167373", "addr:city": "Rio de Janeiro", "addr:street": "Rua Xavier da Silveira", "addr:suburb": "Copacabana", "building": "yes", "internet_access": "yes", "name": "Hotel Atlântico Rio", "stars": "4", "tourism": "hotel", "wikidata": "Q111414527"}, "geometry": {"type": "Polygon", "coordinates": [[[-43.1930911, -22.9759724], [-43.193129, -22.976114599999992], [-43.1933168, -22.9760801], [-43.1932796, -22.975933], [-43.1930911, -22.9759724]]]}}, {"type": "Feature", "properties": {"osm_id": "way/488127741", "building": "yes"}, "geometry": {"type": "Polygon", "coordinates": [[[-43.191636, -22.979142399999994], [-43.1915169, -22.979171899999994], [-43.19154759423543, -22.97931737453827], [-43.191649361192496, -22.979228599172576], [-43.191636, -22.979142399999994]]]}}, {"type": "Feature", "properties": {"osm_id": "way/488128332", "building": "yes"}, "geometry": {"type": "Polygon", "coordinates": [[[-43.190584, -22.979319999999994], [-43.1906794, -22.979301299999992], [-43.1907303, -22.979291300000003], [-43.1908315, -22.979271399999995], [-43.1907888, -22.979087199999995], [-43.1905413, -22.979135799999995], [-43.190584, -22.979319999999994]]]}}, {"type": "Feature", "properties": {"osm_id": "way/488128335", "building": "yes"}, "geometry": {"type": "Polygon", "coordinates": [[[-43.190775900000006, -22.979447800000003], [-43.1907843, -22.979552600000005], [-43.1908881, -22.9795455], [-43.1908798, -22.9794408], [-43.190775900000006, -22.979447800000003]]]}}, {"type": "Feature", "properties": {"osm_id": "way/488128337", "building": "yes"}, "geometry": {"type": "Polygon", "coordinates": [[[-43.1903175, -22.979196000000005], [-43.1903286, -22.97926010000001], [-43.1902477, -22.979271699999998], [-43.190261, -22.979324399999996], [-43.1903498, -22.9793116], [-43.1903583, -22.9793613], [-43.1903715, -22.979359300000002], [-43.1904736, -22.979344499999996], [-43.1904449, -22.979177500000002], [-43.1903175, -22.979196000000005]]]}}, {"type": "Feature", "properties": {"osm_id": "way/488128338", "building": "yes"}, "geometry": {"type": "Polygon", "coordinates": [[[-43.1904736, -22.979344499999996], [-43.1903715, -22.979359300000002], [-43.1903848, -22.979437], [-43.1903053, -22.97944849999999], [-43.1903128, -22.979492099999995], [-43.1903901, -22.9794809], [-43.1903989, -22.9795323], [-43.1905431, -22.979511299999995], [-43.1905356, -22.979467700000008], [-43.19051350000001, -22.979470899999995], [-43.1905037, -22.979413599999997], [-43.1904973, -22.979376699999992], [-43.1904914, -22.979341899999994], [-43.1904736, -22.979344499999996]]]}}, {"type": "Feature", "properties": {"osm_id": "way/488128340", "building": "yes"}, "geometry": {"type": "Polygon", "coordinates": [[[-43.1900888, -22.9792393], [-43.1901354, -22.979422399999997], [-43.1902781, -22.9793916], [-43.190261, -22.979324399999996], [-43.1902477, -22.979271699999998], [-43.1902316, -22.9792085], [-43.1900888, -22.9792393]]]}}, {"type": "Feature", "properties": {"osm_id": "way/488128341", "building": "yes"}, "geometry": {"type": "Polygon", "coordinates": [[[-43.1901696, -22.979557099999997], [-43.1903123, -22.979526299999996], [-43.1902781, -22.9793916], [-43.1901354, -22.979422399999997], [-43.1901696, -22.979557099999997]]]}}, {"type": "Feature", "properties": {"osm_id": "way/488128342", "building": "yes"}, "geometry": {"type": "Polygon", "coordinates": [[[-43.1901648, -22.979685899999993], [-43.190344100000004, -22.979645899999994], [-43.1903188, -22.979550000000003], [-43.1901395, -22.979590000000005], [-43.1901648, -22.979685899999993]]]}}, {"type": "Feature", "properties": {"osm_id": "way/488128343", "building": "commercial"}, "geometry": {"type": "Polygon", "coordinates": [[[-43.1902003, -22.979820800000002], [-43.1905375, -22.979745599999998], [-43.1905346, -22.979734700000005], [-43.1905019, -22.979610700000002], [-43.190344100000004, -22.979645899999994], [-43.1901648, -22.979685899999993], [-43.1902003, -22.979820800000002]]]}}, {"type": "Feature", "properties": {"osm_id": "way/488128344", "building": "yes"}, "geometry": {"type": "Polygon", "coordinates": [[[-43.1906444, -22.978965499999997], [-43.1906409, -22.978951999999996], [-43.1904723, -22.9789888], [-43.1904989, -22.9790921], [-43.1905402, -22.979083099999997], [-43.1905285, -22.979037700000003], [-43.1908497, -22.9789677], [-43.1908383, -22.978923299999995], [-43.1906444, -22.978965499999997]]]}}, {"type": "Feature", "properties": {"osm_id": "way/488128345", "building": "yes"}, "geometry": {"type": "Polygon", "coordinates": [[[-43.1902012, -22.9790311], [-43.1902177, -22.979093299999995], [-43.1902514, -22.979085799999993], [-43.1902614, -22.97912339999999], [-43.1904685, -22.9790769], [-43.1904621, -22.9790528], [-43.1904682, -22.979051500000004], [-43.1904481, -22.97897569999999], [-43.1902012, -22.9790311]]]}}, {"type": "Feature", "properties": {"osm_id": "way/488128347", "building": "yes"}, "geometry": {"type": "Polygon", "coordinates": [[[-43.1907026, -22.979686800000003], [-43.1907232, -22.979820599999996], [-43.1909756, -22.979787699999992], [-43.190955, -22.9796539], [-43.1908566, -22.979666699999996], [-43.1907026, -22.979686800000003]]]}}, {"type": "Feature", "properties": {"osm_id": "way/488128348", "building": "yes"}, "geometry": {"type": "Polygon", "coordinates": [[[-43.1905346, -22.979734700000005], [-43.1905375, -22.979745599999998], [-43.1902003, -22.979820800000002], [-43.1902261, -22.9798487], [-43.1907121, -22.97983], [-43.1906774, -22.9797104], [-43.1905346, -22.979734700000005]]]}}, {"type": "Feature", "properties": {"osm_id": "way/488128349", "building": "yes"}, "geometry": {"type": "Polygon", "coordinates": [[[-43.1906116, -22.978667900000005], [-43.1906295, -22.978754100000003], [-43.1905325, -22.9787712], [-43.1905208, -22.97871459999999], [-43.19029870000001, -22.978753599999987], [-43.1903091, -22.978804000000004], [-43.190234200000006, -22.978817099999993], [-43.1901816, -22.978826399999996], [-43.1902, -22.9789151], [-43.1907882, -22.9788118], [-43.1907532, -22.9786431], [-43.1906116, -22.978667900000005]]]}}, {"type": "Feature", "properties": {"osm_id": "way/488128350", "building": "yes"}, "geometry": {"type": "Polygon", "coordinates": [[[-43.1902215, -22.978756], [-43.190255, -22.9787502], [-43.1902349, -22.97865330000001], [-43.1900963, -22.9786776], [-43.1901094, -22.978740500000004], [-43.1901619, -22.9787313], [-43.1901689, -22.978765300000003], [-43.1902215, -22.978756]]]}}, {"type": "Feature", "properties": {"osm_id": "way/488128351", "building": "yes"}, "geometry": {"type": "Polygon", "coordinates": [[[-43.1899791, -22.978698199999997], [-43.1900008, -22.9788028], [-43.1900904, -22.978787099999998], [-43.190118, -22.9787822], [-43.1900963, -22.9786776], [-43.1899791, -22.978698199999997]]]}}, {"type": "Feature", "properties": {"osm_id": "way/488128352", "building": "yes"}, "geometry": {"type": "Polygon", "coordinates": [[[-43.1901015, -22.978840399999992], [-43.1900904, -22.978787099999998], [-43.1900008, -22.9788028], [-43.1900302, -22.9789449], [-43.1902, -22.9789151], [-43.1901816, -22.978826399999996], [-43.1901015, -22.978840399999992]]]}}, {"type": "Feature", "properties": {"osm_id": "way/488128354", "building": "yes"}, "geometry": {"type": "Polygon", "coordinates": [[[-43.1908274, -22.979623000000007], [-43.1908377, -22.979660199999998], [-43.1909143, -22.9796421], [-43.1908881, -22.9795455], [-43.1907417, -22.979576299999998], [-43.1907592, -22.979639099999996], [-43.1908274, -22.979623000000007]]]}}, {"type": "Feature", "properties": {"osm_id": "way/488128936", "building": "yes"}, "geometry": {"type": "Polygon", "coordinates": [[[-43.1902169, -22.980137499999998], [-43.190199862466905, -22.980138658840737], [-43.190218465363195, -22.980156941261118], [-43.1902169, -22.980137499999998]]]}}, {"type": "Feature", "properties": {"osm_id": "way/581731985", "building": "apartments"}, "geometry": {"type": "Polygon", "coordinates": [[[-43.1888908, -22.965789100000002], [-43.1889517, -22.9658528], [-43.1890123964512, -22.965803710554578], [-43.188949279743895, -22.96574167436555], [-43.1888908, -22.965789100000002]]]}}, {"type": "Feature", "properties": {"osm_id": "way/581731986", "building": "apartments"}, "geometry": {"type": "Polygon", "coordinates": [[[-43.1888077, -22.965702099999998], [-43.1888908, -22.965789100000002], [-43.188949279743895, -22.96574167436555], [-43.18886321267636, -22.965657080585746], [-43.1888077, -22.965702099999998]]]}}, {"type": "Feature", "properties": {"osm_id": "way/581731987", "building": "apartments"}, "geometry": {"type": "Polygon", "coordinates": [[[-43.1887487, -22.965640300000004], [-43.1888077, -22.965702099999998], [-43.18886321267636, -22.965657080585746], [-43.18880212515581, -22.965597038667074], [-43.1887487, -22.965640300000004]]]}}, {"type": "Feature", "properties": {"osm_id": "way/586695358", "addr:housenumber": "77", "addr:street": "Rua Dias da Rocha", "addr:suburb": "Copacabana", "building": "apartments"}, "geometry": {"type": "Polygon", "coordinates": [[[-43.1906909, -22.9716844], [-43.1904706, -22.971835399999996], [-43.190653, -22.972040400000004], [-43.1908972, -22.971842399999996], [-43.1906909, -22.9716844]]]}}, {"type": "Feature", "properties": {"osm_id": "way/586695359", "addr:city": "Rio de Janeiro", "addr:housename": "Edifício Marylin", "addr:housenumber": "75", "addr:postcode": "22051020", "addr:street": "Rua Dias da Rocha", "addr:suburb": "Copacabana", "building": "apartments", "building:levels": "10"}, "geometry": {"type": "Polygon", "coordinates": [[[-43.190366000000004, -22.971911999999993], [-43.1904933, -22.9720509], [-43.1905565, -22.972117], [-43.190653, -22.972040400000004], [-43.1904706, -22.971835399999996], [-43.190366000000004, -22.971911999999993]]]}}, {"type": "Feature", "properties": {"osm_id": "way/586695360", "addr:housenumber": "67", "addr:street": "Rua Dias da Rocha", "building": "apartments"}, "geometry": {"type": "Polygon", "coordinates": [[[-43.1901863, -22.9720503], [-43.1903097, -22.972183599999997], [-43.1904933, -22.9720509], [-43.190366000000004, -22.971911999999993], [-43.1901863, -22.9720503]]]}}, {"type": "Feature", "properties": {"osm_id": "way/586695361", "addr:street": "Rua Barata Ribeiro", "building": "apartments"}, "geometry": {"type": "Polygon", "coordinates": [[[-43.1903097, -22.972183599999997], [-43.1904191, -22.972282999999994], [-43.1905883, -22.9721512], [-43.1904933, -22.9720509], [-43.1903097, -22.972183599999997]]]}}, {"type": "Feature", "properties": {"osm_id": "way/586695362", "addr:street": "Rua Barata Ribeiro", "building": "apartments"}, "geometry": {"type": "Polygon", "coordinates": [[[-43.1904191, -22.972282999999994], [-43.1904974, -22.972374600000002], [-43.1907266, -22.97220889999999], [-43.1906483, -22.972117199999996], [-43.1904191, -22.972282999999994]]]}}, {"type": "Feature", "properties": {"osm_id": "way/586695363", "addr:street": "Rua Cinco de Julho", "building": "apartments"}, "geometry": {"type": "Polygon", "coordinates": [[[-43.1907166, -22.9720479], [-43.19081870000001, -22.97216759999999], [-43.1910258, -22.9720179], [-43.1909237, -22.971898099999997], [-43.1907166, -22.9720479]]]}}, {"type": "Feature", "properties": {"osm_id": "way/586695364", "addr:street": "Rua Cinco de Julho", "building": "apartments"}, "geometry": {"type": "Polygon", "coordinates": [[[-43.19081870000001, -22.97216759999999], [-43.1908987, -22.9722614], [-43.1911058, -22.972111599999998], [-43.1910258, -22.9720179], [-43.19081870000001, -22.97216759999999]]]}}, {"type": "Feature", "properties": {"osm_id": "way/586695365", "addr:street": "Rua Cinco de Julho", "building": "apartments"}, "geometry": {"type": "Polygon", "coordinates": [[[-43.1908987, -22.9722614], [-43.1909899, -22.972368300000003], [-43.1910836, -22.972300500000003], [-43.191197, -22.972218499999993], [-43.1911058, -22.972111599999998], [-43.1908987, -22.9722614]]]}}, {"type": "Feature", "properties": {"osm_id": "way/586695366", "addr:street": "Rua Cinco de Julho", "building": "apartments"}, "geometry": {"type": "Polygon", "coordinates": [[[-43.1910836, -22.972300500000003], [-43.1911591, -22.972389100000008], [-43.1912726, -22.972307099999995], [-43.191197, -22.972218499999993], [-43.1910836, -22.972300500000003]]]}}, {"type": "Feature", "properties": {"osm_id": "way/586695367", "addr:street": "Rua Cinco de Julho", "building": "apartments"}, "geometry": {"type": "Polygon", "coordinates": [[[-43.1911591, -22.972389100000008], [-43.1911395, -22.9724033], [-43.191246, -22.97252810000001], [-43.191379, -22.9724319], [-43.1912726, -22.972307099999995], [-43.1911591, -22.972389100000008]]]}}, {"type": "Feature", "properties": {"osm_id": "way/586695368", "addr:street": "Rua Constante Ramos", "building": "apartments"}, "geometry": {"type": "Polygon", "coordinates": [[[-43.1911395, -22.9724033], [-43.1911087, -22.9723672], [-43.1909559, -22.9724777], [-43.1910931, -22.9726386], [-43.191246, -22.97252810000001], [-43.1911395, -22.9724033]]]}}, {"type": "Feature", "properties": {"osm_id": "way/586695369", "addr:street": "Rua Constante Ramos", "building": "apartments"}, "geometry": {"type": "Polygon", "coordinates": [[[-43.1907267, -22.972643400000003], [-43.190863900000004, -22.972804300000004], [-43.1910931, -22.9726386], [-43.1909559, -22.9724777], [-43.1907267, -22.972643400000003]]]}}, {"type": "Feature", "properties": {"osm_id": "way/586695370", "addr:street": "Rua Barata Ribeiro", "building": "apartments"}, "geometry": {"type": "Polygon", "coordinates": [[[-43.1908453, -22.972348100000005], [-43.1906161, -22.972513799999998], [-43.1907267, -22.972643400000003], [-43.1909559, -22.9724777], [-43.1908453, -22.972348100000005]]]}}, {"type": "Feature", "properties": {"osm_id": "way/586695371", "addr:street": "Rua Barata Ribeiro", "building": "apartments"}, "geometry": {"type": "Polygon", "coordinates": [[[-43.1904974, -22.972374600000002], [-43.1906161, -22.972513799999998], [-43.1908453, -22.972348100000005], [-43.1907266, -22.97220889999999], [-43.1904974, -22.972374600000002]]]}}, {"type": "Feature", "properties": {"osm_id": "way/586971973", "addr:city": "Rio de Janeiro", "addr:housename": "Edificio Maria Quiteria", "addr:housenumber": "32", "addr:postcode": "22061-000", "addr:street": "Rua Pompeu Loureiro", "addr:suburb": "Copacabana", "addr:unit": "Bloco A", "building": "yes", "building:levels": "10"}, "geometry": {"type": "Polygon", "coordinates": [[[-43.192692, -22.97286219999999], [-43.19259350000001, -22.972579800000005], [-43.1924353, -22.9726266], [-43.1923112, -22.972663300000004], [-43.1924097, -22.972945700000004], [-43.192561, -22.972900899999996], [-43.192692, -22.97286219999999]]]}}, {"type": "Feature", "properties": {"osm_id": "way/586972700", "addr:housename": "Edificio Marbella", "building": "yes"}, "geometry": {"type": "Polygon", "coordinates": [[[-43.192561, -22.972900899999996], [-43.1925944, -22.9729968], [-43.192829, -22.972927499999997], [-43.1928164, -22.972891399999998], [-43.1927128, -22.972921999999993], [-43.192692, -22.97286219999999], [-43.192561, -22.972900899999996]]]}}, {"type": "Feature", "properties": {"osm_id": "way/586975771", "addr:city": "Rio de Janeiro", "addr:housename": "Edificio Maria Quiteria", "addr:housenumber": "32", "addr:postcode": "22061-000", "addr:street": "Rua Pompeu Loureiro", "addr:suburb": "Copacabana", "addr:unit": "Bloco B", "building": "yes", "building:levels": "10"}, "geometry": {"type": "Polygon", "coordinates": [[[-43.1929483, -22.972852400000004], [-43.1932531, -22.972762300000003], [-43.1931379, -22.972431900000004], [-43.1928331, -22.972522099999996], [-43.1929483, -22.972852400000004]]]}}, {"type": "Feature", "properties": {"osm_id": "way/586975772", "building": "yes"}, "geometry": {"type": "Polygon", "coordinates": [[[-43.1923746, -22.972506899999996], [-43.1922124, -22.972573799999996], [-43.1922689, -22.9726803], [-43.1923112, -22.972663300000004], [-43.1924353, -22.9726266], [-43.1923746, -22.972506899999996]]]}}, {"type": "Feature", "properties": {"osm_id": "way/586975773", "addr:street": "Rua Constante Ramos", "building": "yes", "building:levels": "10"}, "geometry": {"type": "Polygon", "coordinates": [[[-43.1923125, -22.9721468], [-43.19203230000001, -22.97230129999999], [-43.1920932, -22.972394999999995], [-43.1923734, -22.972240499999998], [-43.1923125, -22.9721468]]]}}, {"type": "Feature", "properties": {"osm_id": "way/586975774", "addr:street": "Rua Constante Ramos", "building": "yes", "building:levels": "10"}, "geometry": {"type": "Polygon", "coordinates": [[[-43.1925166, -22.972034299999997], [-43.1923125, -22.9721468], [-43.1923734, -22.972240499999998], [-43.1925775, -22.972127999999998], [-43.1925166, -22.972034299999997]]]}}, {"type": "Feature", "properties": {"osm_id": "way/586980036", "addr:street": "Rua Constante Ramos", "building": "yes", "building:levels": "10"}, "geometry": {"type": "Polygon", "coordinates": [[[-43.1925689, -22.9720055], [-43.1925166, -22.972034299999997], [-43.1925775, -22.972127999999998], [-43.1926298, -22.972099100000005], [-43.1925689, -22.9720055]]]}}, {"type": "Feature", "properties": {"osm_id": "way/586980037", "addr:city": "Rio de Janeiro", "addr:housenumber": "15", "addr:street": "Rua Pompeu Loureiro", "addr:suburb": "Copacabana", "brand": "Pão de Açúcar", "brand:wikidata": "Q3411543", "brand:wikipedia": "pt:Pão de Açúcar (supermercado brasileiro)", "building": "yes", "name": "Pão de Açúcar", "opening_hours": "Mo-Su 01000´909´0909ß´9ß9´09:00-22:00", "payment:cash": "yes", "shop": "supermarket"}, "geometry": {"type": "Polygon", "coordinates": [[[-43.1921665, -22.972892799999997], [-43.1920228, -22.972689200000005], [-43.1919765, -22.9727185], [-43.1919091, -22.9727613], [-43.1917501, -22.9728543], [-43.1916101, -22.972911499999995], [-43.1916963, -22.9730663], [-43.1918205, -22.9729786], [-43.1918486, -22.973000699999996], [-43.1919118, -22.972975899999998], [-43.1920888, -22.972913800000004], [-43.1921665, -22.972892799999997]]]}}, {"type": "Feature", "properties": {"osm_id": "way/586981215", "addr:street": "Rua Pompeu Loureiro", "building": "yes", "building:levels": "10"}, "geometry": {"type": "Polygon", "coordinates": [[[-43.19276750000001, -22.973201], [-43.1927497, -22.973063499999995], [-43.1926711, -22.973079099999996], [-43.1925044, -22.973122600000004], [-43.1925354, -22.9732423], [-43.19276750000001, -22.973201]]]}}, {"type": "Feature", "properties": {"osm_id": "way/587512913", "building": "yes", "name": "Rosabella", "opening_hours": "Mo-Su 08:00-22:00", "payment:cash": "yes", "payment:credit_card": "yes", "payment:debit_cards": "yes", "shop": "bakery"}, "geometry": {"type": "Polygon", "coordinates": [[[-43.1921676, -22.972529700000003], [-43.19229030000001, -22.9724764], [-43.1922303, -22.972354399999997], [-43.192087, -22.972418399999995], [-43.1921676, -22.972529700000003]]]}}, {"type": "Feature", "properties": {"osm_id": "way/587512914", "building": "yes", "layer": "1", "leisure": "fitness_centre", "name": "SmartFit"}, "geometry": {"type": "Polygon", "coordinates": [[[-43.1921983, -22.973218100000004], [-43.1922062, -22.973249599999992], [-43.1922102, -22.973264699999998], [-43.1922762, -22.973248799999997], [-43.1922735, -22.973236599999993], [-43.192268, -22.973225599999992], [-43.1922632, -22.9732059], [-43.1921983, -22.973218100000004]]]}}, {"type": "Feature", "properties": {"osm_id": "way/587516443", "building": "yes", "building:levels": "2"}, "geometry": {"type": "Polygon", "coordinates": [[[-43.1922093, -22.9732716], [-43.1922111, -22.973278099999995], [-43.1922483, -22.973413900000004], [-43.192317, -22.973398], [-43.1922781, -22.973255699999992], [-43.1922093, -22.9732716]]]}}, {"type": "Feature", "properties": {"osm_id": "way/587517172", "building": "yes"}, "geometry": {"type": "Polygon", "coordinates": [[[-43.1925218, -22.973667100000004], [-43.1924566, -22.973687700000003], [-43.1924824, -22.97375399999999], [-43.1923579, -22.9737951], [-43.1923252, -22.9738059], [-43.1923389, -22.973841199999992], [-43.1922946, -22.9738558], [-43.1923275, -22.9739402], [-43.1926106, -22.973846699999996], [-43.1925385, -22.973661599999996], [-43.1925218, -22.973667100000004]]]}}, {"type": "Feature", "properties": {"osm_id": "way/587517174", "addr:street": "Rua Pompeu Loureiro", "building": "yes", "building:levels": "10"}, "geometry": {"type": "Polygon", "coordinates": [[[-43.1923801, -22.973487399999996], [-43.1923968, -22.973536399999993], [-43.1923283, -22.973556199999997], [-43.1923338, -22.973572399999995], [-43.1923811, -22.9737114], [-43.1924566, -22.973687700000003], [-43.1925218, -22.973667100000004], [-43.1924539, -22.973466099999992], [-43.1923801, -22.973487399999996]]]}}, {"type": "Feature", "properties": {"osm_id": "way/587517176", "building": "house"}, "geometry": {"type": "Polygon", "coordinates": [[[-43.1923391, -22.9737621], [-43.1922205, -22.973817700000005], [-43.1922405, -22.973853899999995], [-43.1922752, -22.9738376], [-43.1922967, -22.973827599999996], [-43.1923252, -22.9738059], [-43.1923579, -22.9737951], [-43.1923391, -22.9737621]]]}}, {"type": "Feature", "properties": {"osm_id": "way/587517178", "building": "house"}, "geometry": {"type": "Polygon", "coordinates": [[[-43.1921732, -22.97373459999999], [-43.1921981, -22.9738026], [-43.1923448, -22.97375709999999], [-43.19232, -22.973689200000003], [-43.1921732, -22.97373459999999]]]}}, {"type": "Feature", "properties": {"osm_id": "way/587517180", "building": "house"}, "geometry": {"type": "Polygon", "coordinates": [[[-43.1922759, -22.973604899999994], [-43.192151, -22.973643699999997], [-43.1921766, -22.973713299999996], [-43.1923015, -22.9736744], [-43.1922759, -22.973604899999994]]]}}, {"type": "Feature", "properties": {"osm_id": "way/587517181", "building": "house"}, "geometry": {"type": "Polygon", "coordinates": [[[-43.1920865, -22.97364859999999], [-43.1919268, -22.973696099999998], [-43.1919541, -22.97377389999999], [-43.1920504, -22.973745300000008], [-43.1921138, -22.9737265], [-43.1920865, -22.97364859999999]]]}}, {"type": "Feature", "properties": {"osm_id": "way/588408929", "addr:street": "Rua Cinco de Julho", "building": "apartments", "building:levels": "14"}, "geometry": {"type": "Polygon", "coordinates": [[[-43.1914792, -22.972195999999997], [-43.1915918, -22.9723071], [-43.1916964, -22.972247800000005], [-43.1916052, -22.972117], [-43.1914792, -22.972195999999997]]]}}, {"type": "Feature", "properties": {"osm_id": "way/588408930", "addr:street": "Rua Cinco de Julho", "building": "apartments", "building:levels": "12"}, "geometry": {"type": "Polygon", "coordinates": [[[-43.191318200000005, -22.9720651], [-43.1914523, -22.97218609999999], [-43.1915972, -22.972082399999994], [-43.1914845, -22.9719342], [-43.191318200000005, -22.9720651]]]}}, {"type": "Feature", "properties": {"osm_id": "way/588408931", "addr:street": "Rua Cinco de Julho", "building": "apartments", "building:levels": "16"}, "geometry": {"type": "Polygon", "coordinates": [[[-43.1914309, -22.971850200000002], [-43.1913421, -22.9719148], [-43.1912271, -22.971998500000005], [-43.1912968, -22.972077399999996], [-43.1914845, -22.9719342], [-43.1914309, -22.971850200000002]]]}}, {"type": "Feature", "properties": {"osm_id": "way/588408932", "addr:street": "Rua Cinco de Julho", "building": "apartments"}, "geometry": {"type": "Polygon", "coordinates": [[[-43.1912592, -22.971823099999998], [-43.1911331, -22.971926799999995], [-43.1912136, -22.972008299999995], [-43.1912271, -22.971998500000005], [-43.1913421, -22.9719148], [-43.1912592, -22.971823099999998]]]}}, {"type": "Feature", "properties": {"osm_id": "way/588408933", "addr:street": "Rua Pompeu Loureiro", "building": "apartments"}, "geometry": {"type": "Polygon", "coordinates": [[[-43.1913772, -22.9717268], [-43.1912592, -22.971823099999998], [-43.1913421, -22.9719148], [-43.1914416, -22.971820599999997], [-43.1913772, -22.9717268]]]}}, {"type": "Feature", "properties": {"osm_id": "way/588408934", "addr:street": "Rua Cinco de Julho", "building": "apartments"}, "geometry": {"type": "Polygon", "coordinates": [[[-43.1911761, -22.971739100000004], [-43.191058000000005, -22.971820599999994], [-43.1911331, -22.971926799999995], [-43.1912592, -22.971823099999998], [-43.1911761, -22.971739100000004]]]}}, {"type": "Feature", "properties": {"osm_id": "way/588408935", "addr:street": "Rua Pompeu Loureiro", "building": "apartments"}, "geometry": {"type": "Polygon", "coordinates": [[[-43.1911761, -22.971739100000004], [-43.1912592, -22.971823099999998], [-43.1913772, -22.9717268], [-43.1913021, -22.9716477], [-43.1911761, -22.971739100000004]]]}}, {"type": "Feature", "properties": {"osm_id": "way/588408936", "addr:street": "Rua Cinco de Julho", "building": "apartments"}, "geometry": {"type": "Polygon", "coordinates": [[[-43.19094810000001, -22.971689700000006], [-43.191058000000005, -22.971820599999994], [-43.1913021, -22.9716477], [-43.1911747, -22.9715368], [-43.19094810000001, -22.971689700000006]]]}}, {"type": "Feature", "properties": {"osm_id": "way/588408937", "addr:street": "Rua Cinco de Julho", "building": "apartments"}, "geometry": {"type": "Polygon", "coordinates": [[[-43.1908837, -22.971635399999997], [-43.19094810000001, -22.971689700000006], [-43.1911747, -22.9715368], [-43.1912297, -22.971499600000005], [-43.1911358, -22.9714403], [-43.1908837, -22.971635399999997]]]}}, {"type": "Feature", "properties": {"osm_id": "way/588408938", "addr:street": "Rua Cinco de Julho", "building": "apartments"}, "geometry": {"type": "Polygon", "coordinates": [[[-43.1909969, -22.9713554], [-43.1907927, -22.971518099999997], [-43.1908615, -22.971593900000002], [-43.1910572, -22.971443500000003], [-43.1909969, -22.9713554]]]}}, {"type": "Feature", "properties": {"osm_id": "way/588408939", "addr:street": "Rua Cinco de Julho", "building": "apartments"}, "geometry": {"type": "Polygon", "coordinates": [[[-43.1907673, -22.9713625], [-43.1906589, -22.971430900000005], [-43.190757, -22.97153909999999], [-43.1910205, -22.97132919999999], [-43.1909373, -22.971255100000004], [-43.1907673, -22.9713625]]]}}, {"type": "Feature", "properties": {"osm_id": "way/588408941", "addr:street": "Rua Cinco de Julho", "building": "apartments"}, "geometry": {"type": "Polygon", "coordinates": [[[-43.1905609, -22.9712638], [-43.1905272, -22.971285800000004], [-43.1905902, -22.971355199999998], [-43.19071100000001, -22.971287999999998], [-43.1908944, -22.971185899999995], [-43.1908086, -22.971102000000002], [-43.1905609, -22.9712638]]]}}, {"type": "Feature", "properties": {"osm_id": "way/588408942", "addr:street": "Túnel Major Rubens Vaz", "building": "apartments"}, "geometry": {"type": "Polygon", "coordinates": [[[-43.1907415, -22.9710279], [-43.1905136, -22.971218099999994], [-43.1905609, -22.9712638], [-43.1908086, -22.971102000000002], [-43.1907415, -22.9710279]]]}}, {"type": "Feature", "properties": {"osm_id": "way/588408943", "addr:street": "Rua Cinco de Julho", "building": "apartments"}, "geometry": {"type": "Polygon", "coordinates": [[[-43.1904545, -22.971146400000006], [-43.1905136, -22.971218099999994], [-43.1907415, -22.9710279], [-43.1906906, -22.9709736], [-43.1904545, -22.971146400000006]]]}}, {"type": "Feature", "properties": {"osm_id": "way/588408944", "addr:street": "Rua Cinco de Julho", "building": "apartments"}, "geometry": {"type": "Polygon", "coordinates": [[[-43.1905913, -22.970887099999995], [-43.1903982, -22.971067399999992], [-43.1904545, -22.971146400000006], [-43.1906906, -22.9709736], [-43.1905913, -22.970887099999995]]]}}, {"type": "Feature", "properties": {"osm_id": "way/588408945", "addr:street": "Rua Cinco de Julho", "building": "apartments"}, "geometry": {"type": "Polygon", "coordinates": [[[-43.1904729, -22.97077200000001], [-43.190280200000004, -22.970929099999996], [-43.1903982, -22.971067399999992], [-43.1905913, -22.970887099999995], [-43.1904729, -22.97077200000001]]]}}, {"type": "Feature", "properties": {"osm_id": "way/588408946", "addr:street": "Rua Cinco de Julho", "building": "apartments"}, "geometry": {"type": "Polygon", "coordinates": [[[-43.1901997, -22.97086], [-43.190280200000004, -22.970929099999996], [-43.1904729, -22.97077200000001], [-43.1904921, -22.970756299999994], [-43.1904224, -22.97068219999999], [-43.1901997, -22.97086]]]}}, {"type": "Feature", "properties": {"osm_id": "way/588408947", "addr:street": "Rua Cinco de Julho", "building": "apartments"}, "geometry": {"type": "Polygon", "coordinates": [[[-43.1903526, -22.970610600000004], [-43.1901354, -22.970793300000008], [-43.1901997, -22.97086], [-43.1904224, -22.97068219999999], [-43.1903526, -22.970610600000004]]]}}, {"type": "Feature", "properties": {"osm_id": "way/588408948", "addr:street": "Rua Cinco de Julho", "building": "apartments"}, "geometry": {"type": "Polygon", "coordinates": [[[-43.1901317, -22.970624300000004], [-43.1900388, -22.97069949999999], [-43.1901354, -22.970793300000008], [-43.1903929, -22.970568599999996], [-43.1903043, -22.970484599999992], [-43.1901317, -22.970624300000004]]]}}, {"type": "Feature", "properties": {"osm_id": "way/588693272", "addr:street": "Rua Barata Ribeiro", "building": "yes", "name": "Pau Mandado"}, "geometry": {"type": "Polygon", "coordinates": [[[-43.1899501, -22.971905100000008], [-43.1900285, -22.971989300000008], [-43.1901107, -22.971922699999997], [-43.1900356, -22.9718436], [-43.1899501, -22.971905100000008]]]}}, {"type": "Feature", "properties": {"osm_id": "way/588693274", "addr:street": "Rua Dias da Rocha", "building": "apartments", "building:levels": "14"}, "geometry": {"type": "Polygon", "coordinates": [[[-43.1900356, -22.9718436], [-43.1901107, -22.971922699999997], [-43.1902421, -22.971826300000007], [-43.1901664, -22.971749499999998], [-43.1900356, -22.9718436]]]}}, {"type": "Feature", "properties": {"osm_id": "way/588693276", "addr:street": "Rua Dias da Rocha", "building": "apartments", "building:levels": "4", "name": "Hostel Copacabana"}, "geometry": {"type": "Polygon", "coordinates": [[[-43.1901664, -22.971749499999998], [-43.1902421, -22.971826300000007], [-43.1902824, -22.97179919999999], [-43.1902126, -22.971715200000006], [-43.1901664, -22.971749499999998]]]}}, {"type": "Feature", "properties": {"osm_id": "way/588693278", "addr:street": "Rua Dias da Rocha", "building": "apartments", "building:levels": "3"}, "geometry": {"type": "Polygon", "coordinates": [[[-43.1902126, -22.971715200000006], [-43.1902824, -22.97179919999999], [-43.190328, -22.971776999999996], [-43.1902394, -22.971697900000002], [-43.1902126, -22.971715200000006]]]}}, {"type": "Feature", "properties": {"osm_id": "way/588693279", "addr:street": "Rua Dias da Rocha", "building": "apartments", "building:levels": "18"}, "geometry": {"type": "Polygon", "coordinates": [[[-43.1901509, -22.971547299999997], [-43.190328, -22.971715200000002], [-43.1904245, -22.971643599999997], [-43.1903791, -22.971599299999998], [-43.1902475, -22.97147069999999], [-43.1901509, -22.971547299999997]]]}}, {"type": "Feature", "properties": {"osm_id": "way/588693281", "addr:street": "Rua Dias da Rocha", "building": "apartments", "building:levels": "16"}, "geometry": {"type": "Polygon", "coordinates": [[[-43.1903601, -22.9715399], [-43.1903987, -22.971580399999997], [-43.190454, -22.9716387], [-43.1905881, -22.97153489999999], [-43.19049160000001, -22.971441099999996], [-43.1903601, -22.9715399]]]}}, {"type": "Feature", "properties": {"osm_id": "way/588693283", "addr:street": "Rua Dias da Rocha", "building": "house", "building:levels": "2", "name": "Colégio CeC"}, "geometry": {"type": "Polygon", "coordinates": [[[-43.1903791, -22.971599299999998], [-43.1904245, -22.971643599999997], [-43.190454, -22.9716387], [-43.1903987, -22.971580399999997], [-43.1903791, -22.971599299999998]]]}}, {"type": "Feature", "properties": {"osm_id": "way/588693284", "addr:street": "Rua Cinco de Julho", "building": "apartments", "building:levels": "10"}, "geometry": {"type": "Polygon", "coordinates": [[[-43.1904138, -22.971364499999996], [-43.19027680000001, -22.971452000000003], [-43.1903601, -22.9715399], [-43.19049160000001, -22.971441099999996], [-43.1904138, -22.971364499999996]]]}}, {"type": "Feature", "properties": {"osm_id": "way/588693286", "addr:street": "Rua Cinco de Julho", "building": "house", "building:levels": "3", "name": "Colégio Galilei"}, "geometry": {"type": "Polygon", "coordinates": [[[-43.1905902, -22.971355199999998], [-43.1906589, -22.971430900000005], [-43.1907673, -22.9713625], [-43.19071100000001, -22.971287999999998], [-43.1905902, -22.971355199999998]]]}}, {"type": "Feature", "properties": {"osm_id": "way/588693288", "addr:street": "Rua Cinco de Julho", "building": "apartments", "building:levels": "14"}, "geometry": {"type": "Polygon", "coordinates": [[[-43.1901763, -22.971290300000007], [-43.1900946, -22.971347299999994], [-43.1902475, -22.97147069999999], [-43.19027680000001, -22.971452000000003], [-43.1904138, -22.971364499999996], [-43.1902988, -22.971205], [-43.1901763, -22.971290300000007]]]}}, {"type": "Feature", "properties": {"osm_id": "way/588693289", "addr:street": "Rua Cinco de Julho", "building": "apartments", "building:levels": "12", "name": "Hotel Majestic"}, "geometry": {"type": "Polygon", "coordinates": [[[-43.1901763, -22.971290300000007], [-43.1902988, -22.971205], [-43.1902092, -22.971110799999995], [-43.1900946, -22.971204], [-43.1901763, -22.971290300000007]]]}}, {"type": "Feature", "properties": {"osm_id": "way/588693291", "addr:street": "Rua Cinco de Julho", "building": "apartments"}, "geometry": {"type": "Polygon", "coordinates": [[[-43.1901069, -22.971002999999996], [-43.1899364, -22.971157099999992], [-43.1900329, -22.971246], [-43.1902092, -22.971110799999995], [-43.1901069, -22.971002999999996]]]}}, {"type": "Feature", "properties": {"osm_id": "way/588693293", "addr:street": "Rua Cinco de Julho", "building": "apartments"}, "geometry": {"type": "Polygon", "coordinates": [[[-43.1900219, -22.970913500000005], [-43.1899227, -22.970989900000006], [-43.1898532, -22.971043499999993], [-43.1899364, -22.971157099999992], [-43.1901069, -22.971002999999996], [-43.1900219, -22.970913500000005]]]}}, {"type": "Feature", "properties": {"osm_id": "way/588693294", "addr:street": "Rua Cinco de Julho", "building": "house"}, "geometry": {"type": "Polygon", "coordinates": [[[-43.1898137, -22.970898300000005], [-43.1898969, -22.970968199999998], [-43.1899227, -22.970989900000006], [-43.1900219, -22.970913500000005], [-43.1899117, -22.970812900000002], [-43.1898137, -22.970898300000005]]]}}, {"type": "Feature", "properties": {"osm_id": "way/588693296", "addr:street": "Rua Raimundo Corrêa", "building": "apartments"}, "geometry": {"type": "Polygon", "coordinates": [[[-43.18973530000001, -22.9709666], [-43.1898183, -22.971040999999996], [-43.1898969, -22.970968199999998], [-43.1898137, -22.970898300000005], [-43.18973530000001, -22.9709666]]]}}, {"type": "Feature", "properties": {"osm_id": "way/588693297", "addr:street": "Rua Raimundo Corrêa", "building": "apartments"}, "geometry": {"type": "Polygon", "coordinates": [[[-43.1896332, -22.971055599999996], [-43.1898425, -22.971241099999997], [-43.1899364, -22.971157099999992], [-43.18973530000001, -22.9709666], [-43.1896332, -22.971055599999996]]]}}, {"type": "Feature", "properties": {"osm_id": "way/588693299", "addr:street": "Rua Raimundo Corrêa", "building": "apartments"}, "geometry": {"type": "Polygon", "coordinates": [[[-43.1894845, -22.971185199999997], [-43.1896735, -22.97136449999999], [-43.1898425, -22.971241099999997], [-43.1896332, -22.971055599999996], [-43.1894845, -22.971185199999997]]]}}, {"type": "Feature", "properties": {"osm_id": "way/588693300", "addr:street": "Rua Barata Ribeiro", "building": "apartments"}, "geometry": {"type": "Polygon", "coordinates": [[[-43.1894845, -22.971185199999997], [-43.1893711, -22.971283999999994], [-43.1895279, -22.9714523], [-43.1896163, -22.971399], [-43.1896735, -22.97136449999999], [-43.1894845, -22.971185199999997]]]}}, {"type": "Feature", "properties": {"osm_id": "way/588693302", "addr:street": "Rua Barata Ribeiro", "building": "house", "name": "Julio Bogoricin"}, "geometry": {"type": "Polygon", "coordinates": [[[-43.1895279, -22.9714523], [-43.1895994, -22.9715289], [-43.1896221, -22.9715034], [-43.1896601, -22.971460899999993], [-43.1896163, -22.971399], [-43.1895279, -22.9714523]]]}}, {"type": "Feature", "properties": {"osm_id": "way/588693304", "addr:street": "Rua Barata Ribeiro", "building": "apartments"}, "geometry": {"type": "Polygon", "coordinates": [[[-43.1896221, -22.9715034], [-43.1897111, -22.971562099999993], [-43.1899176, -22.971406500000004], [-43.1898398, -22.971324999999997], [-43.1896221, -22.9715034]]]}}, {"type": "Feature", "properties": {"osm_id": "way/588693305", "addr:street": "Rua Barata Ribeiro", "building": "apartments"}, "geometry": {"type": "Polygon", "coordinates": [[[-43.1897111, -22.971562099999993], [-43.1897835, -22.971626299999993], [-43.1899739, -22.9714732], [-43.1899176, -22.971406500000004], [-43.1897111, -22.971562099999993]]]}}, {"type": "Feature", "properties": {"osm_id": "way/588693307", "addr:street": "Rua Barata Ribeiro", "building": "apartments"}, "geometry": {"type": "Polygon", "coordinates": [[[-43.189762, -22.971646099999994], [-43.1898157, -22.971722600000003], [-43.1900624, -22.9715621], [-43.1899739, -22.9714732], [-43.189762, -22.971646099999994]]]}}, {"type": "Feature", "properties": {"osm_id": "way/588693308", "addr:street": "Rua Barata Ribeiro", "building": "apartments"}, "geometry": {"type": "Polygon", "coordinates": [[[-43.1898157, -22.971722600000003], [-43.1899015, -22.971776999999996], [-43.1899198, -22.9717649], [-43.1901268, -22.971628799999998], [-43.1900624, -22.9715621], [-43.1898157, -22.971722600000003]]]}}, {"type": "Feature", "properties": {"osm_id": "way/588693309", "addr:street": "Rua Barata Ribeiro", "building": "apartments"}, "geometry": {"type": "Polygon", "coordinates": [[[-43.1899198, -22.9717649], [-43.1900356, -22.9718436], [-43.1901664, -22.971749499999998], [-43.1902126, -22.971715200000006], [-43.1901268, -22.971628799999998], [-43.1899198, -22.9717649]]]}}, {"type": "Feature", "properties": {"osm_id": "way/588726471", "building": "house"}, "geometry": {"type": "Polygon", "coordinates": [[[-43.1920504, -22.973745300000008], [-43.1920586, -22.97376869999999], [-43.1919689, -22.973795400000007], [-43.1919912, -22.973859200000003], [-43.1921444, -22.973813699999997], [-43.1921138, -22.9737265], [-43.1920504, -22.973745300000008]]]}}, {"type": "Feature", "properties": {"osm_id": "way/588726472", "building": "house"}, "geometry": {"type": "Polygon", "coordinates": [[[-43.1921553, -22.9738256], [-43.1919961, -22.973876999999998], [-43.1920273, -22.9739588], [-43.1920388, -22.9739892], [-43.192093, -22.973971699999996], [-43.1920887, -22.973960499999997], [-43.192121300000004, -22.97395], [-43.1921367, -22.973945], [-43.1921259, -22.973916700000007], [-43.19218300000001, -22.9738983], [-43.1921553, -22.9738256]]]}}, {"type": "Feature", "properties": {"osm_id": "way/588730902", "addr:city": "Rio de Janeiro", "addr:housenumber": "27", "addr:postcode": "22061-000", "addr:street": "Rua Pompeu Loureiro", "addr:suburb": "Copacabana", "building": "yes", "building:levels": "10", "name": "Mar Azul"}, "geometry": {"type": "Polygon", "coordinates": [[[-43.1919118, -22.972975899999998], [-43.1919606, -22.97310269999999], [-43.1920886, -22.97306089999999], [-43.1921292, -22.973166099999997], [-43.1922558, -22.973124699999993], [-43.1921665, -22.972892799999997], [-43.1919118, -22.972975899999998]]]}}, {"type": "Feature", "properties": {"osm_id": "way/588739185", "building": "house"}, "geometry": {"type": "Polygon", "coordinates": [[[-43.1920358, -22.973146599999996], [-43.19189, -22.9731841], [-43.1919155, -22.973267999999997], [-43.1920613, -22.9732305], [-43.1920358, -22.973146599999996]]]}}, {"type": "Feature", "properties": {"osm_id": "way/588739186", "building": "house"}, "geometry": {"type": "Polygon", "coordinates": [[[-43.19189, -22.9731841], [-43.19172, -22.9732279], [-43.1917454, -22.9733117], [-43.1919155, -22.973267999999997], [-43.19189, -22.9731841]]]}}, {"type": "Feature", "properties": {"osm_id": "way/589260654", "building": "yes"}, "geometry": {"type": "Polygon", "coordinates": [[[-43.192868, -22.9734407], [-43.1928633, -22.973385299999997], [-43.1928619, -22.973369700000003], [-43.1926121, -22.9734096], [-43.1926275, -22.9734727], [-43.192868, -22.9734407]]]}}, {"type": "Feature", "properties": {"osm_id": "way/589260657", "building": "yes"}, "geometry": {"type": "Polygon", "coordinates": [[[-43.1929304, -22.973625099999996], [-43.1930307, -22.97361849999999], [-43.1930263, -22.973561], [-43.1930067, -22.9735623], [-43.1929242, -22.9735677], [-43.1928115, -22.973575099999994], [-43.19270180000001, -22.973582299999997], [-43.1927025, -22.973591999999996], [-43.1927062, -22.973639800000004], [-43.1928181, -22.973632399999996], [-43.1929304, -22.973625099999996]]]}}, {"type": "Feature", "properties": {"osm_id": "way/589260659", "building": "yes"}, "geometry": {"type": "Polygon", "coordinates": [[[-43.1930035, -22.973521400000003], [-43.1929211, -22.9735268], [-43.1929242, -22.9735677], [-43.1930067, -22.9735623], [-43.1930035, -22.973521400000003]]]}}, {"type": "Feature", "properties": {"osm_id": "way/589260661", "building": "yes"}, "geometry": {"type": "Polygon", "coordinates": [[[-43.19280830000001, -22.973534199999996], [-43.1928115, -22.973575099999994], [-43.1929242, -22.9735677], [-43.1929211, -22.9735268], [-43.19280830000001, -22.973534199999996]]]}}, {"type": "Feature", "properties": {"osm_id": "way/589260662", "building": "yes"}, "geometry": {"type": "Polygon", "coordinates": [[[-43.1926603, -22.97354390000001], [-43.1926642, -22.973594499999997], [-43.1927025, -22.973591999999996], [-43.19270180000001, -22.973582299999997], [-43.1928115, -22.973575099999994], [-43.19280830000001, -22.973534199999996], [-43.1926603, -22.97354390000001]]]}}, {"type": "Feature", "properties": {"osm_id": "way/589316356", "building": "yes"}, "geometry": {"type": "Polygon", "coordinates": [[[-43.1926631, -22.976450499999995], [-43.1927503, -22.976797799999993], [-43.1928593, -22.9767677], [-43.1928506, -22.976725500000004], [-43.1930337, -22.97667939999999], [-43.1929577, -22.976395699999994], [-43.192953, -22.9763783], [-43.1926631, -22.976450499999995]]]}}, {"type": "Feature", "properties": {"osm_id": "way/589316357", "building": "yes"}, "geometry": {"type": "Polygon", "coordinates": [[[-43.1929577, -22.976395699999994], [-43.1930337, -22.97667939999999], [-43.1932757, -22.9766211], [-43.1932653, -22.976582900000004], [-43.1932012, -22.97634869999999], [-43.1931972, -22.976334099999995], [-43.1929577, -22.976395699999994]]]}}, {"type": "Feature", "properties": {"osm_id": "way/589316358", "building": "yes"}, "geometry": {"type": "Polygon", "coordinates": [[[-43.1932012, -22.97634869999999], [-43.1932653, -22.976582900000004], [-43.1935437, -22.9765059], [-43.1934916, -22.976285899999993], [-43.1933302, -22.97632000000001], [-43.1932012, -22.97634869999999]]]}}, {"type": "Feature", "properties": {"osm_id": "way/589316359", "building": "yes"}, "geometry": {"type": "Polygon", "coordinates": [[[-43.1934916, -22.976285899999993], [-43.1935437, -22.9765059], [-43.1935592, -22.976571], [-43.1936586, -22.9765643], [-43.1935763, -22.9762734], [-43.1934916, -22.976285899999993]]]}}, {"type": "Feature", "properties": {"osm_id": "way/589316360", "building": "yes"}, "geometry": {"type": "Polygon", "coordinates": [[[-43.193376, -22.976613099999994], [-43.193441400000005, -22.976837899999996], [-43.1937011, -22.9767712], [-43.1936586, -22.9765643], [-43.1935592, -22.976571], [-43.193376, -22.976613099999994]]]}}, {"type": "Feature", "properties": {"osm_id": "way/589316361", "building": "yes"}, "geometry": {"type": "Polygon", "coordinates": [[[-43.193441400000005, -22.976837899999996], [-43.1934483, -22.9768629], [-43.1935068, -22.9770746], [-43.1936674, -22.9769988], [-43.1937387, -22.9769289], [-43.1937011, -22.9767712], [-43.193441400000005, -22.976837899999996]]]}}, {"type": "Feature", "properties": {"osm_id": "way/589316362", "building": "yes"}, "geometry": {"type": "Polygon", "coordinates": [[[-43.193339, -22.976888100000007], [-43.1933905, -22.977129499999993], [-43.1935068, -22.9770746], [-43.1934483, -22.9768629], [-43.193339, -22.976888100000007]]]}}, {"type": "Feature", "properties": {"osm_id": "way/589316363", "building": "yes"}, "geometry": {"type": "Polygon", "coordinates": [[[-43.1933307, -22.9768581], [-43.193202, -22.976890199999996], [-43.1932165, -22.976940600000002], [-43.1932665, -22.977114199999992], [-43.1932852, -22.977179099999997], [-43.1933905, -22.977129499999993], [-43.193339, -22.976888100000007], [-43.1933307, -22.9768581]]]}}, {"type": "Feature", "properties": {"osm_id": "way/589316364", "building": "yes"}, "geometry": {"type": "Polygon", "coordinates": [[[-43.1930786, -22.976976599999997], [-43.1931077, -22.977093500000006], [-43.1931226, -22.977153699999995], [-43.1931296, -22.977181499999997], [-43.1932665, -22.977114199999992], [-43.1932165, -22.976940600000002], [-43.1930786, -22.976976599999997]]]}}, {"type": "Feature", "properties": {"osm_id": "way/589316365", "building": "yes"}, "geometry": {"type": "Polygon", "coordinates": [[[-43.1928084, -22.977040899999995], [-43.192857100000005, -22.9771987], [-43.1930412, -22.9771637], [-43.1930221, -22.97711109999999], [-43.1931077, -22.977093500000006], [-43.1930786, -22.976976599999997], [-43.1928084, -22.977040899999995]]]}}, {"type": "Feature", "properties": {"osm_id": "way/589316366", "building": "yes"}, "geometry": {"type": "Polygon", "coordinates": [[[-43.1930412, -22.9771637], [-43.192857100000005, -22.9771987], [-43.1928952, -22.9773351], [-43.19313640000001, -22.977226000000005], [-43.1931226, -22.977153699999995], [-43.1930412, -22.9771637]]]}}, {"type": "Feature", "properties": {"osm_id": "way/589316367", "building": "yes"}, "geometry": {"type": "Polygon", "coordinates": [[[-43.1927503, -22.976797799999993], [-43.19278940000001, -22.976968899999996], [-43.1930475, -22.976904599999994], [-43.193001, -22.9767351], [-43.1928593, -22.9767677], [-43.1927503, -22.976797799999993]]]}}, {"type": "Feature", "properties": {"osm_id": "way/589316368", "IPP:Codigo": "10.000000000", "IPP:Endereco": "Rua Xavier da Silveira, 120", "IPP:Telefone": "2547-1234", "amenity": "fire_station", "building": "yes", "name": "17º Grupamento de Bombeiro Militar Copacabana", "source": "IPP"}, "geometry": {"type": "Polygon", "coordinates": [[[-43.1935578, -22.9758663], [-43.1935222, -22.97587389999999], [-43.1934387, -22.9758873], [-43.1934958, -22.97611489999999], [-43.1934972, -22.976120700000003], [-43.1936237, -22.976093100000007], [-43.193647, -22.9760881], [-43.1935851, -22.975860500000003], [-43.1935578, -22.9758663]]]}}, {"type": "Feature", "properties": {"osm_id": "way/589316369", "building": "yes"}, "geometry": {"type": "Polygon", "coordinates": [[[-43.1935147, -22.975834299999995], [-43.193485200000005, -22.97584], [-43.1934409, -22.975705599999998], [-43.1933793, -22.975721299999993], [-43.1934387, -22.9758873], [-43.1935222, -22.97587389999999], [-43.1935147, -22.975834299999995]]]}}, {"type": "Feature", "properties": {"osm_id": "way/589316370", "building": "yes"}, "geometry": {"type": "Polygon", "coordinates": [[[-43.1932532, -22.975742000000004], [-43.1932405, -22.975699399999996], [-43.1930105, -22.9757157], [-43.1930392, -22.975840800000007], [-43.1932769, -22.9758222], [-43.1932532, -22.975742000000004]]]}}, {"type": "Feature", "properties": {"osm_id": "way/589316371", "building": "yes"}, "geometry": {"type": "Polygon", "coordinates": [[[-43.1928982, -22.975970600000007], [-43.1929452, -22.976177300000003], [-43.19311230000001, -22.9761461], [-43.1930549, -22.975937000000002], [-43.1928982, -22.975970600000007]]]}}, {"type": "Feature", "properties": {"osm_id": "way/589316372", "building": "yes"}, "geometry": {"type": "Polygon", "coordinates": [[[-43.1930105, -22.9757157], [-43.1928248, -22.975728799999988], [-43.1928982, -22.975970600000007], [-43.1930549, -22.975937000000002], [-43.1930105, -22.9757157]]]}}, {"type": "Feature", "properties": {"osm_id": "way/589316373", "building": "yes"}, "geometry": {"type": "Polygon", "coordinates": [[[-43.1928524, -22.9759786], [-43.1928643, -22.97604509999999], [-43.1927886, -22.9760595], [-43.1928173, -22.9762158], [-43.1929452, -22.9762014], [-43.1928982, -22.975970600000007], [-43.1928524, -22.9759786]]]}}, {"type": "Feature", "properties": {"osm_id": "way/589316374", "building": "yes"}, "geometry": {"type": "Polygon", "coordinates": [[[-43.1926894, -22.9760788], [-43.1927207, -22.976247], [-43.1928173, -22.9762158], [-43.1927886, -22.9760595], [-43.1926894, -22.9760788]]]}}, {"type": "Feature", "properties": {"osm_id": "way/589316375", "building": "yes"}, "geometry": {"type": "Polygon", "coordinates": [[[-43.1925824, -22.975745899999996], [-43.19259, -22.975770799999992], [-43.1926632, -22.97601149999999], [-43.1928524, -22.9759786], [-43.1928982, -22.975970600000007], [-43.1928248, -22.975728799999988], [-43.1925824, -22.975745899999996]]]}}, {"type": "Feature", "properties": {"osm_id": "way/589316376", "building": "yes"}, "geometry": {"type": "Polygon", "coordinates": [[[-43.1924492, -22.9757903], [-43.1925936, -22.9762808], [-43.1927207, -22.976247], [-43.19259, -22.975770799999992], [-43.1924492, -22.9757903]]]}}, {"type": "Feature", "properties": {"osm_id": "way/622498251", "addr:city": "Rio de Janeiro", "addr:housenumber": "196", "addr:street": "Ladeira dos Tabajaras", "addr:suburb": "Copacabana", "building": "yes", "building:levels": "10"}, "geometry": {"type": "Polygon", "coordinates": [[[-43.1876497, -22.965308699999994], [-43.1872166, -22.964950700000003], [-43.1871232, -22.9650002], [-43.1875587, -22.965417200000005], [-43.1876497, -22.965308699999994]]]}}, {"type": "Feature", "properties": {"osm_id": "way/622500511", "addr:city": "Rio de Janeiro", "addr:housenumber": "155", "addr:postcode": "22031-111", "addr:street": "Ladeira dos Tabajaras", "addr:suburb": "Copacabana", "building": "yes", "building:levels": "10", "description": "Neste local viveu durante 34 anos o pintor e designer ELISEU VISCONTI (1866-1944). Consagrado entre os grandes artistas do século XX, antecipou a modernidade na arte brasileira.", "name": "Condominio Eliseu Visconti"}, "geometry": {"type": "Polygon", "coordinates": [[[-43.1879869, -22.96549799999999], [-43.188012, -22.965468400000006], [-43.1880294, -22.965470799999995], [-43.1880354, -22.9654305], [-43.1880198, -22.9654051], [-43.1879857, -22.9653915], [-43.1879733, -22.965334799999997], [-43.1879103, -22.9652451], [-43.1878674, -22.965267999999995], [-43.1877934, -22.965315200000003], [-43.1877977, -22.96536469999999], [-43.1877746, -22.9653605], [-43.1877605, -22.965401699999997], [-43.1877946, -22.965410799999994], [-43.18778530000001, -22.965458300000005], [-43.1879869, -22.96549799999999]]]}}, {"type": "Feature", "properties": {"osm_id": "way/855643516", "building": "yes", "building:levels": "12"}, "geometry": {"type": "Polygon", "coordinates": [[[-43.1811202, -22.9674945], [-43.1813919, -22.967524], [-43.1813968, -22.967503699999995], [-43.1814067, -22.96729449999999], [-43.1811314, -22.9672725], [-43.1811202, -22.9674945]]]}}, {"type": "Feature", "properties": {"osm_id": "way/855643517", "building": "yes", "building:levels": "5"}, "geometry": {"type": "Polygon", "coordinates": [[[-43.1815721, -22.9674369], [-43.1817164, -22.9675405], [-43.1818025, -22.967432700000003], [-43.181648, -22.9673462], [-43.1815721, -22.9674369]]]}}, {"type": "Feature", "properties": {"osm_id": "way/855643518", "building": "yes", "building:levels": "13"}, "geometry": {"type": "Polygon", "coordinates": [[[-43.1814975, -22.967509], [-43.1814955, -22.967519400000004], [-43.1816394, -22.9676296], [-43.1817164, -22.9675405], [-43.1815721, -22.9674369], [-43.1814975, -22.967509]]]}}, {"type": "Feature", "properties": {"osm_id": "way/855643519", "building": "yes", "building:levels": "10"}, "geometry": {"type": "Polygon", "coordinates": [[[-43.1808659, -22.968288500000003], [-43.1808019, -22.9683695], [-43.1809488, -22.968467899999997], [-43.1810128, -22.9683868], [-43.1808659, -22.968288500000003]]]}}, {"type": "Feature", "properties": {"osm_id": "way/855643520", "building": "yes", "building:levels": "10"}, "geometry": {"type": "Polygon", "coordinates": [[[-43.1807334, -22.968458399999992], [-43.1808754, -22.968550699999998], [-43.1809388, -22.968467999999998], [-43.1807968, -22.968375699999992], [-43.1807334, -22.968458399999992]]]}}, {"type": "Feature", "properties": {"osm_id": "way/855643522", "building": "yes", "building:levels": "10"}, "geometry": {"type": "Polygon", "coordinates": [[[-43.1809051, -22.9681928], [-43.1806976, -22.968070699999988], [-43.180519, -22.968328100000008], [-43.1807266, -22.968450199999996], [-43.1809051, -22.9681928]]]}}, {"type": "Feature", "properties": {"osm_id": "way/855643523", "building": "yes", "building:levels": "12"}, "geometry": {"type": "Polygon", "coordinates": [[[-43.1805679, -22.96822819999999], [-43.1805074, -22.968191299999994], [-43.1805401, -22.968145800000002], [-43.1804951, -22.96811840000001], [-43.1803943, -22.9682585], [-43.1804999, -22.968322900000004], [-43.1805679, -22.96822819999999]]]}}, {"type": "Feature", "properties": {"osm_id": "way/855643524", "building": "yes", "building:levels": "14"}, "geometry": {"type": "Polygon", "coordinates": [[[-43.1805549, -22.968019799999997], [-43.1804434, -22.967950599999998], [-43.1802737, -22.968182399999996], [-43.1803852, -22.968251599999995], [-43.1805549, -22.968019799999997]]]}}, {"type": "Feature", "properties": {"osm_id": "way/855643525", "building": "yes", "building:levels": "14"}, "geometry": {"type": "Polygon", "coordinates": [[[-43.1804109, -22.967940599999995], [-43.1801701, -22.967791099999992], [-43.1799689, -22.968069299999996], [-43.1801018, -22.968146999999995], [-43.1802092, -22.9682161], [-43.1804109, -22.967940599999995]]]}}, {"type": "Feature", "properties": {"osm_id": "way/855643527", "building": "yes", "building:levels": "12"}, "geometry": {"type": "Polygon", "coordinates": [[[-43.1803069, -22.967724199999996], [-43.1803307, -22.967739399999996], [-43.1803774, -22.967687699999992], [-43.1803999, -22.967700099999995], [-43.18037530000001, -22.9677382], [-43.1803827, -22.967743099999993], [-43.1804345, -22.9677772], [-43.1805162, -22.967633199999998], [-43.1804853, -22.967606399999998], [-43.1804401, -22.967644199999988], [-43.1804199, -22.967636099999996], [-43.1804511, -22.967577399999996], [-43.1803826, -22.967529199999998], [-43.1802576, -22.9676926], [-43.1803069, -22.967724199999996]]]}}, {"type": "Feature", "properties": {"osm_id": "way/855643528", "building": "yes", "building:levels": "10"}, "geometry": {"type": "Polygon", "coordinates": [[[-43.1804511, -22.967577399999996], [-43.1804993, -22.9675239], [-43.1805294, -22.9675418], [-43.1805258, -22.967565099999998], [-43.1805441, -22.967575299999996], [-43.1805999, -22.9675094], [-43.1805808, -22.967495299999996], [-43.1805642, -22.967503099999995], [-43.18052900000001, -22.9674725], [-43.1805682, -22.967424499999996], [-43.1804845, -22.9673707], [-43.1803826, -22.967529199999998], [-43.1804511, -22.967577399999996]]]}}, {"type": "Feature", "properties": {"osm_id": "way/877671513", "addr:city": "Rio de Janeiro", "addr:housenumber": "734", "addr:postcode": "22050-002", "addr:street": "Avenida Nossa Senhora de Copacabana", "addr:suburb": "Copacabana", "amenity": "pharmacy", "brand": "Droga Raia", "brand:wikidata": "Q10357101", "brand:wikipedia": "pt:RaiaDrogasil", "building": "commercial", "building:levels": "1", "dispensing": "yes", "healthcare": "pharmacy", "name": "Droga Raia"}, "geometry": {"type": "Polygon", "coordinates": [[[-43.1875726, -22.9717426], [-43.1875595, -22.971761499999992], [-43.1876237, -22.971822900000003], [-43.18778530000001, -22.9716617], [-43.1877683, -22.9716453], [-43.1877115, -22.97159879999999], [-43.1875726, -22.9717426]]]}}, {"type": "Feature", "properties": {"osm_id": "way/877671514", "addr:city": "Rio de Janeiro", "addr:housename": "Edifício Angrense", "addr:housenumber": "14", "addr:postcode": "22050-020", "addr:street": "Travessa Angrense", "addr:suburb": "Copacabana", "building": "apartments", "building:levels": "13"}, "geometry": {"type": "Polygon", "coordinates": [[[-43.1878487, -22.971562], [-43.1877374, -22.971470900000003], [-43.1875181, -22.971697999999996], [-43.1875726, -22.9717426], [-43.1877115, -22.97159879999999], [-43.1877683, -22.9716453], [-43.1878487, -22.971562]]]}}, {"type": "Feature", "properties": {"osm_id": "way/877671515", "addr:city": "Rio de Janeiro", "addr:housename": "Edifício das Boutiques", "addr:housenumber": "75", "addr:postcode": "22041-011", "addr:street": "Rua Santa Clara", "addr:suburb": "Copacabana", "building": "retail", "building:levels": "12"}, "geometry": {"type": "Polygon", "coordinates": [[[-43.1873361, -22.971486300000002], [-43.18741560000001, -22.97158200000001], [-43.1875288, -22.971466799999998], [-43.1875644, -22.971496500000004], [-43.187684, -22.971374899999994], [-43.18756770000001, -22.9712708], [-43.1873361, -22.971486300000002]]]}}, {"type": "Feature", "properties": {"osm_id": "way/877671516", "addr:city": "Rio de Janeiro", "addr:housename": "Edifício das Vitrines", "addr:housenumber": "70", "addr:postcode": "22041-012", "addr:street": "Rua Santa Clara", "addr:suburb": "Copacabana", "building": "retail", "building:levels": "12"}, "geometry": {"type": "Polygon", "coordinates": [[[-43.1872438, -22.971057600000005], [-43.1871112, -22.971197099999994], [-43.1872417, -22.971302200000004], [-43.1873743, -22.971162699999997], [-43.1872438, -22.971057600000005]]]}}, {"type": "Feature", "properties": {"osm_id": "way/877671517", "addr:city": "Rio de Janeiro", "addr:housename": "Edifício Barão de Mauá", "addr:housenumber": "728", "addr:postcode": "22050-001", "addr:street": "Avenida Nossa Senhora de Copacabana", "addr:suburb": "Copacabana", "building": "apartments"}, "geometry": {"type": "Polygon", "coordinates": [[[-43.1875644, -22.971496500000004], [-43.1874493, -22.971622499999995], [-43.1875057, -22.971707499999994], [-43.1875181, -22.971697999999996], [-43.1877374, -22.971470900000003], [-43.187684, -22.971374899999994], [-43.1875644, -22.971496500000004]]]}}, {"type": "Feature", "properties": {"osm_id": "way/877689259", "addr:city": "Rio de Janeiro", "addr:housename": "Edifício Brilhante", "addr:housenumber": "748", "addr:postcode": "22050-001", "addr:street": "Avenida Nossa Senhora de Copacabana", "addr:suburb": "Copacabana", "building": "apartments"}, "geometry": {"type": "Polygon", "coordinates": [[[-43.1876778, -22.971943499999995], [-43.1877458, -22.972044800000006], [-43.1877609, -22.972028900000005], [-43.1880019, -22.971775799999993], [-43.1880862, -22.971687199999998], [-43.1880497, -22.971657799999992], [-43.1881012, -22.9716037], [-43.1880446, -22.971557999999995], [-43.1876778, -22.971943499999995]]]}}, {"type": "Feature", "properties": {"osm_id": "way/883855390", "building": "yes"}, "geometry": {"type": "Polygon", "coordinates": [[[-43.190234200000006, -22.978817099999993], [-43.1902215, -22.978756], [-43.1901689, -22.978765300000003], [-43.1901816, -22.978826399999996], [-43.190234200000006, -22.978817099999993]]]}}, {"type": "Feature", "properties": {"osm_id": "way/888171827", "addr:city": "Rio de Janeiro", "addr:housenumber": "33", "addr:postcode": "22041-011", "addr:street": "Rua Santa Clara", "addr:suburb": "Copacabana", "building": "retail", "building:levels": "12", "name": "Santa Clara 33"}, "geometry": {"type": "Polygon", "coordinates": [[[-43.1866732, -22.972217800000003], [-43.1868076, -22.972454500000005], [-43.1870113, -22.972215700000003], [-43.186812200000006, -22.972062199999993], [-43.1866732, -22.972217800000003]]]}}, {"type": "Feature", "properties": {"osm_id": "way/888171828", "addr:city": "Rio de Janeiro", "addr:housename": "Edifício Master", "addr:housenumber": "125", "addr:postcode": "22050-011", "addr:street": "Rua Domingos Ferreira", "addr:suburb": "Copacabana", "building": "residential", "building:levels": "12"}, "geometry": {"type": "Polygon", "coordinates": [[[-43.1867068, -22.9729245], [-43.1866299, -22.972995599999997], [-43.1868933, -22.9732373], [-43.1870332, -22.973094900000003], [-43.1868539, -22.9727886], [-43.1867068, -22.9729245]]]}}, {"type": "Feature", "properties": {"osm_id": "way/1010809489", "building": "yes", "building:levels": "14"}, "geometry": {"type": "Polygon", "coordinates": [[[-43.1814262, -22.966709899999994], [-43.1813142, -22.966741599999995], [-43.1813167, -22.9667908], [-43.1813274, -22.966833499999996], [-43.1812898, -22.966894199999995], [-43.1812151, -22.9669727], [-43.181208, -22.966961200000004], [-43.1811886, -22.9669554], [-43.1811709, -22.9669582], [-43.1811636, -22.9669702], [-43.1811403, -22.966972000000005], [-43.1811365, -22.9670681], [-43.1813676, -22.967073600000006], [-43.1814114, -22.9670668], [-43.181456, -22.967046299999993], [-43.1814918, -22.967014100000004], [-43.1815152, -22.9669734], [-43.18152400000001, -22.966927899999998], [-43.1815173, -22.96688219999999], [-43.1814419, -22.9667041], [-43.1814262, -22.966709899999994]]]}}, {"type": "Feature", "properties": {"osm_id": "way/1010809495", "building": "yes", "height": "9"}, "geometry": {"type": "Polygon", "coordinates": [[[-43.1810186, -22.967595499999998], [-43.1807781, -22.967854099999997], [-43.1809358, -22.9679784], [-43.18117620000001, -22.96771980000001], [-43.1810186, -22.967595499999998]]]}}, {"type": "Feature", "properties": {"osm_id": "way/1010809496", "building": "yes", "building:levels": "12"}, "geometry": {"type": "Polygon", "coordinates": [[[-43.1800838, -22.9672407], [-43.1801201, -22.9672613], [-43.1801107, -22.967275200000003], [-43.1801731, -22.9673106], [-43.180193, -22.96728089999999], [-43.1801976, -22.967283700000007], [-43.1802219, -22.967247499999992], [-43.1802418, -22.967258600000008], [-43.1802271, -22.967280499999998], [-43.1802126, -22.967272299999998], [-43.1801732, -22.967331000000005], [-43.1801825, -22.9673423], [-43.1801513, -22.96738519999999], [-43.1801331, -22.967374000000003], [-43.1801139, -22.9673788], [-43.180055200000005, -22.967342199999997], [-43.180037, -22.967366900000005], [-43.1800169, -22.967354399999998], [-43.1799937, -22.96738579999999], [-43.1800642, -22.9674298], [-43.1801875, -22.967506700000005], [-43.1803852, -22.967238200000004], [-43.180378100000006, -22.9672145], [-43.1801774, -22.9671007], [-43.1800838, -22.9672407]]]}}, {"type": "Feature", "properties": {"osm_id": "way/1010809497", "building": "yes", "building:levels": "13"}, "geometry": {"type": "Polygon", "coordinates": [[[-43.1798985, -22.967288700000005], [-43.1800169, -22.967354399999998], [-43.1800838, -22.9672407], [-43.1801774, -22.9671007], [-43.1800473, -22.967038099999996], [-43.179933, -22.967225800000005], [-43.1798985, -22.967288700000005]]]}}, {"type": "Feature", "properties": {"osm_id": "way/1010809498", "building": "yes", "height": "9"}, "geometry": {"type": "Polygon", "coordinates": [[[-43.1797935, -22.966921700000007], [-43.1797816, -22.966941100000007], [-43.1797666, -22.966965499999993], [-43.1797893, -22.966977500000002], [-43.1797476, -22.967041699999985], [-43.1797262, -22.967031400000003], [-43.1797163, -22.9670476], [-43.1797381, -22.967057899999993], [-43.1796685, -22.9671672], [-43.1797865, -22.967160500000002], [-43.1798699, -22.967023799999996], [-43.1798886, -22.967032700000004], [-43.1799182, -22.9669849], [-43.1797935, -22.966921700000007]]]}}, {"type": "Feature", "properties": {"osm_id": "way/1010809499", "addr:city": "Rio de Janeiro", "addr:street": "Avenida Atlântica", "addr:suburb": "Copacabana", "building": "yes", "building:levels": "13"}, "geometry": {"type": "Polygon", "coordinates": [[[-43.1793744, -22.9676414], [-43.1797117, -22.967840499999998], [-43.1798082, -22.967701899999994], [-43.1796776, -22.967624799999996], [-43.1794708, -22.96750279999999], [-43.1793744, -22.9676414]]]}}, {"type": "Feature", "properties": {"osm_id": "way/1010809500", "building": "yes", "building:levels": "11"}, "geometry": {"type": "Polygon", "coordinates": [[[-43.1801875, -22.967506700000005], [-43.1800642, -22.9674298], [-43.1800226, -22.967500099999995], [-43.1799472, -22.9674572], [-43.179913, -22.967491800000005], [-43.179946, -22.967514199999997], [-43.1801014, -22.9676095], [-43.1801875, -22.967506700000005]]]}}, {"type": "Feature", "properties": {"osm_id": "way/1041128644", "building": "yes"}, "geometry": {"type": "Polygon", "coordinates": [[[-43.1776361, -22.96667229999999], [-43.177675464062844, -22.96660727344852], [-43.177613948125156, -22.96666093178724], [-43.1776361, -22.96667229999999]]]}}, {"type": "Feature", "properties": {"osm_id": "way/1041128645", "building": "yes"}, "geometry": {"type": "Polygon", "coordinates": [[[-43.1782968, -22.9663727], [-43.1783449, -22.966288499999997], [-43.1784154, -22.966165299999993], [-43.17826553106528, -22.966092573784294], [-43.17807034460197, -22.966262830424192], [-43.1782968, -22.9663727]]]}}, {"type": "Feature", "properties": {"osm_id": "way/1041128646", "building": "yes"}, "geometry": {"type": "Polygon", "coordinates": [[[-43.1779251, -22.966414999999994], [-43.1779539, -22.966367499999993], [-43.177951664253534, -22.96636635220627], [-43.17790670500703, -22.966405568920358], [-43.1779251, -22.966414999999994]]]}}, {"type": "Feature", "properties": {"osm_id": "way/1041128647", "building": "yes"}, "geometry": {"type": "Polygon", "coordinates": [[[-43.1786809, -22.966349099999995], [-43.1787056, -22.966305999999996], [-43.1784154, -22.966165299999993], [-43.1783449, -22.966288499999997], [-43.1784268, -22.966328200000003], [-43.1783872, -22.966397400000005], [-43.1784399, -22.966422999999992], [-43.1784814, -22.966350400000003], [-43.1785228, -22.966370400000002], [-43.17844740000001, -22.9665024], [-43.1785531, -22.96655999999999], [-43.1786809, -22.966349099999995]]]}}, {"type": "Feature", "properties": {"osm_id": "way/1041128648", "building": "yes"}, "geometry": {"type": "Polygon", "coordinates": [[[-43.1785531, -22.96655999999999], [-43.17844740000001, -22.9665024], [-43.1783473, -22.9664478], [-43.1781989, -22.966678500000008], [-43.1782528, -22.9667055], [-43.1784045, -22.966787499999995], [-43.1785531, -22.96655999999999]]]}}, {"type": "Feature", "properties": {"osm_id": "way/1041128649", "building": "yes"}, "geometry": {"type": "Polygon", "coordinates": [[[-43.1778812, -22.966505699999995], [-43.177825003033526, -22.966476835209473], [-43.177675464062844, -22.96660727344852], [-43.1776361, -22.96667229999999], [-43.1777461, -22.9667288], [-43.1778812, -22.966505699999995]]]}}, {"type": "Feature", "properties": {"osm_id": "way/1041128650", "building": "yes"}, "geometry": {"type": "Polygon", "coordinates": [[[-43.1778723, -22.9667936], [-43.1780074, -22.9665705], [-43.1778812, -22.966505699999995], [-43.1777461, -22.9667288], [-43.1778723, -22.9667936]]]}}, {"type": "Feature", "properties": {"osm_id": "way/1041128651", "building": "yes"}, "geometry": {"type": "Polygon", "coordinates": [[[-43.1779986, -22.966859], [-43.1780717, -22.966744300000006], [-43.1780225, -22.9667196], [-43.1780668, -22.966644599999995], [-43.1781187, -22.966670599999993], [-43.1781356, -22.966644200000005], [-43.1781918, -22.966544700000004], [-43.1780599, -22.966478700000003], [-43.1780074, -22.9665705], [-43.1778723, -22.9667936], [-43.1779986, -22.966859]]]}}, {"type": "Feature", "properties": {"osm_id": "way/1041128652", "building": "apartments"}, "geometry": {"type": "Polygon", "coordinates": [[[-43.1781725, -22.9668313], [-43.1781914, -22.96680170000001], [-43.1782528, -22.9667055], [-43.1781989, -22.966678500000008], [-43.1781356, -22.966644200000005], [-43.1781187, -22.966670599999993], [-43.1780717, -22.966744300000006], [-43.1779986, -22.966859], [-43.1781158, -22.9669202], [-43.1781725, -22.9668313]]]}}, {"type": "Feature", "properties": {"osm_id": "way/1041128653", "building": "yes"}, "geometry": {"type": "Polygon", "coordinates": [[[-43.178288, -22.967013400000006], [-43.178425, -22.966798599999986], [-43.1784045, -22.966787499999995], [-43.1782528, -22.9667055], [-43.1781914, -22.96680170000001], [-43.1781725, -22.9668313], [-43.1781158, -22.9669202], [-43.178288, -22.967013400000006]]]}}, {"type": "Feature", "properties": {"osm_id": "way/1041754137", "building": "yes"}, "geometry": {"type": "Polygon", "coordinates": [[[-43.1824781, -22.970061199999996], [-43.1824115, -22.970019999999995], [-43.1823656, -22.970082899999998], [-43.1824321, -22.9701241], [-43.1824781, -22.970061199999996]]]}}, {"type": "Feature", "properties": {"osm_id": "way/1041756173", "building": "yes"}, "geometry": {"type": "Polygon", "coordinates": [[[-43.1826822, -22.969488300000002], [-43.1827292, -22.969518800000003], [-43.1827135, -22.9695393], [-43.1826661, -22.969508700000002], [-43.1825468, -22.96965990000001], [-43.1826625, -22.96974249999999], [-43.1828078, -22.969715200000003], [-43.1829311, -22.969546900000008], [-43.1827379, -22.969417699999994], [-43.1826822, -22.969488300000002]]]}}, {"type": "Feature", "properties": {"osm_id": "way/1041756174", "building": "yes"}, "geometry": {"type": "Polygon", "coordinates": [[[-43.1830831, -22.9693542], [-43.1828623, -22.969206599999996], [-43.1827103, -22.969399199999994], [-43.1827379, -22.969417699999994], [-43.1829311, -22.969546900000008], [-43.1830831, -22.9693542]]]}}, {"type": "Feature", "properties": {"osm_id": "way/1041756175", "building": "yes"}, "geometry": {"type": "Polygon", "coordinates": [[[-43.1826661, -22.969508700000002], [-43.1826822, -22.969488300000002], [-43.1827379, -22.969417699999994], [-43.1827103, -22.969399199999994], [-43.1825851, -22.969315499999993], [-43.1824969, -22.969427300000003], [-43.182394, -22.9695577], [-43.1825468, -22.96965990000001], [-43.1826661, -22.969508700000002]]]}}, {"type": "Feature", "properties": {"osm_id": "way/1041756176", "building": "yes"}, "geometry": {"type": "Polygon", "coordinates": [[[-43.1824969, -22.969427300000003], [-43.1824542, -22.969398100000006], [-43.182483, -22.9693624], [-43.1824444, -22.969336000000006], [-43.1823992, -22.969391899999994], [-43.1823151, -22.969495999999996], [-43.182394, -22.9695577], [-43.1824969, -22.969427300000003]]]}}, {"type": "Feature", "properties": {"osm_id": "way/1041756177", "building": "yes"}, "geometry": {"type": "Polygon", "coordinates": [[[-43.1823992, -22.969391899999994], [-43.1822792, -22.969309000000006], [-43.1821961, -22.969411099999995], [-43.1823151, -22.969495999999996], [-43.1823992, -22.969391899999994]]]}}, {"type": "Feature", "properties": {"osm_id": "way/1041756178", "building": "yes"}, "geometry": {"type": "Polygon", "coordinates": [[[-43.1822792, -22.969309000000006], [-43.1820976, -22.969176000000008], [-43.1820443, -22.969271600000006], [-43.1820962, -22.969343900000005], [-43.1821961, -22.969411099999995], [-43.1822792, -22.969309000000006]]]}}, {"type": "Feature", "properties": {"osm_id": "way/1041756179", "building": "yes"}, "geometry": {"type": "Polygon", "coordinates": [[[-43.1824893, -22.9690978], [-43.1822653, -22.968951000000004], [-43.1821325, -22.9691228], [-43.1823564, -22.969269599999997], [-43.1824893, -22.9690978]]]}}, {"type": "Feature", "properties": {"osm_id": "way/1041756180", "building": "yes"}, "geometry": {"type": "Polygon", "coordinates": [[[-43.182725, -22.968950999999993], [-43.1826122, -22.9688737], [-43.182581, -22.968912199999995], [-43.1824178, -22.9688004], [-43.182329100000004, -22.968910199999996], [-43.1824832, -22.969015699999993], [-43.1824535, -22.969052500000007], [-43.1825755, -22.969136099999993], [-43.182725, -22.968950999999993]]]}}, {"type": "Feature", "properties": {"osm_id": "way/1041756181", "building": "yes"}, "geometry": {"type": "Polygon", "coordinates": [[[-43.1831236, -22.968917999999995], [-43.1832593, -22.96874], [-43.1831674, -22.968685999999995], [-43.1829027, -22.9690095], [-43.183174, -22.96919919999999], [-43.1832955, -22.9690395], [-43.1831236, -22.968917999999995]]]}}, {"type": "Feature", "properties": {"osm_id": "way/1041756182", "building": "yes"}, "geometry": {"type": "Polygon", "coordinates": [[[-43.1834683, -22.968511100000004], [-43.183226, -22.9683485], [-43.1830876, -22.9685233], [-43.1831665, -22.968576200000005], [-43.1832226, -22.968505399999994], [-43.1832721, -22.96853859999999], [-43.1831718, -22.968665399999992], [-43.1832702, -22.968731400000003], [-43.1833812, -22.968591099999994], [-43.1835528, -22.9687062], [-43.1836244, -22.9686158], [-43.1834683, -22.968511100000004]]]}}, {"type": "Feature", "properties": {"osm_id": "way/1041756183", "building": "yes"}, "geometry": {"type": "Polygon", "coordinates": [[[-43.1831464, -22.96830990000001], [-43.1829698, -22.968544700000002], [-43.1830328, -22.9685848], [-43.1830773, -22.968525599999996], [-43.1832093, -22.96835], [-43.1831464, -22.96830990000001]]]}}, {"type": "Feature", "properties": {"osm_id": "way/1041756184", "building": "yes"}, "geometry": {"type": "Polygon", "coordinates": [[[-43.1827666, -22.9687472], [-43.1828371, -22.9686543], [-43.1828184, -22.9686423], [-43.1828848, -22.968554800000007], [-43.1828235, -22.9685154], [-43.1828045, -22.968540299999997], [-43.1827444, -22.96850169999999], [-43.1827601, -22.968480999999997], [-43.1826989, -22.9684416], [-43.1825653, -22.968617599999995], [-43.1827666, -22.9687472]]]}}, {"type": "Feature", "properties": {"osm_id": "way/1041756185", "building": "yes"}, "geometry": {"type": "Polygon", "coordinates": [[[-43.1828931, -22.9688288], [-43.1828241, -22.9687818], [-43.1827879, -22.968826899999993], [-43.1827487, -22.9688003], [-43.1827751, -22.968767399999994], [-43.1826896, -22.9687092], [-43.182659, -22.968747199999996], [-43.1826179, -22.968719199999995], [-43.1826485, -22.968681099999994], [-43.1825581, -22.968619599999997], [-43.1824656, -22.9687347], [-43.1825456, -22.968789200000003], [-43.1825688, -22.9687603], [-43.1826316, -22.968802999999994], [-43.1826009, -22.9688413], [-43.1826788, -22.968894300000006], [-43.1827172, -22.968846500000005], [-43.1827429, -22.968864000000004], [-43.1826973, -22.968920699999998], [-43.1827762, -22.968974399999993], [-43.1828931, -22.9688288]]]}}, {"type": "Feature", "properties": {"osm_id": "way/1041756186", "building": "yes"}, "geometry": {"type": "Polygon", "coordinates": [[[-43.1830182, -22.9683168], [-43.1830696, -22.96834949999999], [-43.1830079, -22.9684317], [-43.1829565, -22.9683989], [-43.1828867, -22.968491799999995], [-43.1829698, -22.968544700000002], [-43.1831464, -22.96830990000001], [-43.18306330000001, -22.9682569], [-43.1830182, -22.9683168]]]}}, {"type": "Feature", "properties": {"osm_id": "way/1041756187", "building": "yes"}, "geometry": {"type": "Polygon", "coordinates": [[[-43.1829565, -22.9683989], [-43.1830182, -22.9683168], [-43.18306330000001, -22.9682569], [-43.1829148, -22.968162300000003], [-43.1827383, -22.96839719999999], [-43.1828867, -22.968491799999995], [-43.1829565, -22.9683989]]]}}, {"type": "Feature", "properties": {"osm_id": "way/1041756188", "building": "yes"}, "geometry": {"type": "Polygon", "coordinates": [[[-43.1849463, -22.967762300000004], [-43.1848466, -22.9678888], [-43.1852147, -22.9681345], [-43.18531430000001, -22.968008100000006], [-43.1849463, -22.967762300000004]]]}}, {"type": "Feature", "properties": {"osm_id": "way/1041756189", "building": "yes"}, "geometry": {"type": "Polygon", "coordinates": [[[-43.184666, -22.967576799999996], [-43.1845528, -22.96773449999999], [-43.1847415, -22.967849399999995], [-43.1848147, -22.967747400000004], [-43.1847202, -22.967689899999996], [-43.1847602, -22.9676341], [-43.184666, -22.967576799999996]]]}}, {"type": "Feature", "properties": {"osm_id": "way/1041756190", "building": "yes"}, "geometry": {"type": "Polygon", "coordinates": [[[-43.1847602, -22.9676341], [-43.1848592, -22.967694300000005], [-43.1849597, -22.967554299999996], [-43.1847665, -22.967436799999998], [-43.184666, -22.967576799999996], [-43.1847602, -22.9676341]]]}}, {"type": "Feature", "properties": {"osm_id": "way/1041756191", "building": "yes"}, "geometry": {"type": "Polygon", "coordinates": [[[-43.1849597, -22.967554299999996], [-43.1850099, -22.967484499999994], [-43.1848167, -22.967366899999995], [-43.1847665, -22.967436799999998], [-43.1849597, -22.967554299999996]]]}}, {"type": "Feature", "properties": {"osm_id": "way/1041756192", "building": "yes"}, "geometry": {"type": "Polygon", "coordinates": [[[-43.1848167, -22.967366899999995], [-43.1850099, -22.967484499999994], [-43.185086, -22.967378399999998], [-43.1848928, -22.967260799999995], [-43.1848167, -22.967366899999995]]]}}, {"type": "Feature", "properties": {"osm_id": "way/1041756193", "building": "yes"}, "geometry": {"type": "Polygon", "coordinates": [[[-43.1852397, -22.9670599], [-43.1850987, -22.966974099999995], [-43.1849753, -22.967145999999996], [-43.1851061, -22.967225699999997], [-43.1851998, -22.967282699999995], [-43.1853232, -22.9671108], [-43.1852397, -22.9670599]]]}}, {"type": "Feature", "properties": {"osm_id": "way/1041756194", "building": "yes"}, "geometry": {"type": "Polygon", "coordinates": [[[-43.1851195, -22.967331699999992], [-43.1850572, -22.9672938], [-43.1851061, -22.967225699999997], [-43.1849753, -22.967145999999996], [-43.1848928, -22.967260799999995], [-43.185086, -22.967378399999998], [-43.1851195, -22.967331699999992]]]}}, {"type": "Feature", "properties": {"osm_id": "way/1041756195", "building": "yes"}, "geometry": {"type": "Polygon", "coordinates": [[[-43.1858495, -22.9676821], [-43.1857394, -22.9678129], [-43.1857988, -22.967851899999996], [-43.1860359, -22.968007599999996], [-43.1862846, -22.968171], [-43.1863823, -22.96802869999999], [-43.1858495, -22.9676821]]]}}, {"type": "Feature", "properties": {"osm_id": "way/1041756196", "building": "yes"}, "geometry": {"type": "Polygon", "coordinates": [[[-43.1857988, -22.967851899999996], [-43.1857377, -22.967930600000003], [-43.1859703, -22.968082700000004], [-43.1860359, -22.968007599999996], [-43.1857988, -22.967851899999996]]]}}, {"type": "Feature", "properties": {"osm_id": "way/1041756197", "building": "yes"}, "geometry": {"type": "Polygon", "coordinates": [[[-43.1872438, -22.967964800000008], [-43.1873244, -22.967831299999997], [-43.1872131, -22.967774299999995], [-43.187094300000005, -22.967971199999994], [-43.1872055, -22.968028199999996], [-43.1872438, -22.967964800000008]]]}}, {"type": "Feature", "properties": {"osm_id": "way/1041756198", "building": "yes"}, "geometry": {"type": "Polygon", "coordinates": [[[-43.1872131, -22.967774299999995], [-43.1871235, -22.967728399999995], [-43.1870566, -22.967841699999994], [-43.1870061, -22.9679261], [-43.187094300000005, -22.967971199999994], [-43.1872131, -22.967774299999995]]]}}, {"type": "Feature", "properties": {"osm_id": "way/1041756200", "building": "yes"}, "geometry": {"type": "Polygon", "coordinates": [[[-43.1873568, -22.967233699999994], [-43.1873837, -22.9671866], [-43.1872553, -22.9671245], [-43.1872838, -22.967074599999997], [-43.1871587, -22.967014000000002], [-43.1871875, -22.966963600000003], [-43.1870082, -22.966876800000005], [-43.1869515, -22.966976000000003], [-43.1869271, -22.966964199999996], [-43.1869064, -22.96700029999999], [-43.1868665, -22.966980899999996], [-43.1868275, -22.9670493], [-43.1870731, -22.967168099999995], [-43.1870579, -22.9671947], [-43.1872258, -22.967276], [-43.1872099, -22.9673038], [-43.1872754, -22.967335499999997], [-43.1872608, -22.967360899999992], [-43.1872922, -22.967376400000003], [-43.1873899, -22.967423400000005], [-43.1874676, -22.9672873], [-43.1873568, -22.967233699999994]]]}}, {"type": "Feature", "properties": {"osm_id": "way/1041756201", "building": "yes"}, "geometry": {"type": "Polygon", "coordinates": [[[-43.1876781, -22.967071099999995], [-43.1874126, -22.9669513], [-43.1873686, -22.9670331], [-43.1873854, -22.967040799999996], [-43.1873765, -22.967057299999997], [-43.1873715, -22.967051099999992], [-43.1873177, -22.967087600000003], [-43.1873625, -22.9671436], [-43.187413, -22.967109299999997], [-43.187505, -22.967224500000004], [-43.1875787, -22.967258199999993], [-43.1876781, -22.967071099999995]]]}}, {"type": "Feature", "properties": {"osm_id": "way/1041756202", "building": "yes"}, "geometry": {"type": "Polygon", "coordinates": [[[-43.188291, -22.9673079], [-43.1881721, -22.967253099999994], [-43.188064, -22.9672033], [-43.1879923, -22.9672938], [-43.18804, -22.967317299999998], [-43.1880146, -22.9673548], [-43.1879777, -22.967333600000007], [-43.1879407, -22.967386699999995], [-43.1879615, -22.967398999999997], [-43.1879524, -22.967412000000003], [-43.1880502, -22.967469899999994], [-43.188061, -22.9674544], [-43.1880865, -22.967469400000002], [-43.1880782, -22.9674813], [-43.1881239, -22.9675083], [-43.1881348, -22.96749279999999], [-43.1881521, -22.967503000000004], [-43.1881664, -22.9674825], [-43.1881891, -22.967495899999996], [-43.1883133, -22.967317799999996], [-43.188291, -22.9673079]]]}}, {"type": "Feature", "properties": {"osm_id": "way/1041756203", "building": "yes"}, "geometry": {"type": "Polygon", "coordinates": [[[-43.1879761, -22.967285099999998], [-43.1879108, -22.9672554], [-43.1879441, -22.9671936], [-43.1876781, -22.967071099999995], [-43.1875787, -22.967258199999993], [-43.1876297, -22.967309200000003], [-43.187884, -22.967456300000002], [-43.1879761, -22.967285099999998]]]}}, {"type": "Feature", "properties": {"osm_id": "way/1041756204", "building": "yes"}, "geometry": {"type": "Polygon", "coordinates": [[[-43.1880021, -22.967680499999997], [-43.1880086, -22.9676847], [-43.1880327, -22.967652999999995], [-43.1880255, -22.967648299999993], [-43.1880344, -22.967636500000005], [-43.1880316, -22.9676219], [-43.187868, -22.967528799999997], [-43.1878627, -22.9675367], [-43.1878478, -22.967528199999997], [-43.1878117, -22.9675823], [-43.1878194, -22.9675879], [-43.1879719, -22.9676946], [-43.1879763, -22.967697899999997], [-43.1879905, -22.9676958], [-43.1880021, -22.967680499999997]]]}}, {"type": "Feature", "properties": {"osm_id": "way/1041756205", "building": "yes"}, "geometry": {"type": "Polygon", "coordinates": [[[-43.1870717, -22.967494099999993], [-43.1871415, -22.9674191], [-43.1871786, -22.9673803], [-43.1872121, -22.967344100000002], [-43.1871568, -22.967299199999992], [-43.1871317, -22.9673254], [-43.1870239, -22.967440899999993], [-43.18700410000001, -22.967461500000002], [-43.1870597, -22.967506600000004], [-43.1870717, -22.967494099999993]]]}}, {"type": "Feature", "properties": {"osm_id": "way/1041756206", "building": "yes"}, "geometry": {"type": "Polygon", "coordinates": [[[-43.1871317, -22.9673254], [-43.1870407, -22.967251299999997], [-43.1870804, -22.9672099], [-43.18703, -22.9671799], [-43.1870046, -22.967220599999997], [-43.1869758, -22.967263500000005], [-43.186944000000004, -22.967245199999994], [-43.1869007, -22.9672897], [-43.1868715, -22.967320099999995], [-43.1868886, -22.967333999999997], [-43.1868684, -22.9673551], [-43.1868741, -22.9673597], [-43.1868623, -22.967372], [-43.1869697, -22.967459499999997], [-43.186983, -22.967445700000003], [-43.1869898, -22.967451199999996], [-43.1870103, -22.967429800000005], [-43.1870239, -22.967440899999993], [-43.1871317, -22.9673254]]]}}, {"type": "Feature", "properties": {"osm_id": "way/1041756207", "building": "yes"}, "geometry": {"type": "Polygon", "coordinates": [[[-43.1868715, -22.967320099999995], [-43.1869007, -22.9672897], [-43.1868693, -22.967272800000003], [-43.1869005, -22.967222700000004], [-43.1869338, -22.967240300000004], [-43.1869605, -22.9671973], [-43.1870046, -22.967220599999997], [-43.18703, -22.9671799], [-43.1869841, -22.96715560000001], [-43.1869755, -22.967169299999995], [-43.1868528, -22.9671045], [-43.1868146, -22.96716639999999], [-43.1868435, -22.96718170000001], [-43.1868053, -22.967243], [-43.1867769, -22.967228], [-43.1867378, -22.967291799999998], [-43.1868461, -22.967347799999995], [-43.1868715, -22.967320099999995]]]}}, {"type": "Feature", "properties": {"osm_id": "way/1041760065", "addr:city": "Rio de Janeiro", "addr:suburb": "Copacabana", "building": "commercial", "name": "Shopping Cidade Copacabana", "shop": "mall"}, "geometry": {"type": "Polygon", "coordinates": [[[-43.1883201, -22.967273199999998], [-43.188387, -22.967200699999996], [-43.1884258, -22.967158699999995], [-43.1884418, -22.967141299999998], [-43.1880926, -22.966882499999997], [-43.18787270000001, -22.966699], [-43.1875765, -22.96634389999999], [-43.1874957, -22.966386299999993], [-43.1874359, -22.966417699999994], [-43.18752510000001, -22.966572999999993], [-43.1877408, -22.9668744], [-43.1879041, -22.9670057], [-43.1882973, -22.9672971], [-43.1883201, -22.967273199999998]]]}}, {"type": "Feature", "properties": {"osm_id": "way/1041760066", "building": "yes"}, "geometry": {"type": "Polygon", "coordinates": [[[-43.1878194, -22.9675879], [-43.1877751, -22.96763990000001], [-43.1878553, -22.967697899999997], [-43.187873, -22.9677107], [-43.1878603, -22.9677256], [-43.187913, -22.9677636], [-43.1879719, -22.9676946], [-43.1878194, -22.9675879]]]}}, {"type": "Feature", "properties": {"osm_id": "way/1041760067", "building": "yes"}, "geometry": {"type": "Polygon", "coordinates": [[[-43.186718, -22.9673241], [-43.1867378, -22.967291799999998], [-43.1867769, -22.967228], [-43.1868146, -22.96716639999999], [-43.1866892, -22.9671013], [-43.1865926, -22.967258900000004], [-43.186718, -22.9673241]]]}}, {"type": "Feature", "properties": {"osm_id": "way/1041760068", "building": "yes"}, "geometry": {"type": "Polygon", "coordinates": [[[-43.1866892, -22.9671013], [-43.1865603, -22.9670344], [-43.1864638, -22.967191999999997], [-43.1865926, -22.967258900000004], [-43.1866892, -22.9671013]]]}}, {"type": "Feature", "properties": {"osm_id": "way/1041760069", "building": "yes"}, "geometry": {"type": "Polygon", "coordinates": [[[-43.1865603, -22.9670344], [-43.1864749, -22.96698959999999], [-43.1863619, -22.96713859999999], [-43.1864638, -22.967191999999997], [-43.1865603, -22.9670344]]]}}, {"type": "Feature", "properties": {"osm_id": "way/1041760070", "building": "yes"}, "geometry": {"type": "Polygon", "coordinates": [[[-43.1863455, -22.966762000000003], [-43.1864386, -22.966647399999996], [-43.1863567, -22.966592399999996], [-43.1862587, -22.966526499999997], [-43.1862135, -22.9664961], [-43.1861674, -22.966555600000007], [-43.1861035, -22.9666565], [-43.1861165, -22.966664999999995], [-43.1861739, -22.966704999999997], [-43.1863168, -22.966797400000004], [-43.1863455, -22.966762000000003]]]}}, {"type": "Feature", "properties": {"osm_id": "way/1041760071", "building": "yes"}, "geometry": {"type": "Polygon", "coordinates": [[[-43.18546680000001, -22.966365500000006], [-43.1854055, -22.966469799999995], [-43.1854459, -22.96649], [-43.1854274, -22.966521499999992], [-43.1853909, -22.9665033], [-43.1853242, -22.966616899999995], [-43.185448, -22.966678499999997], [-43.1855103, -22.966572399999993], [-43.1854747, -22.966554699999996], [-43.1854984, -22.96651439999999], [-43.1855307, -22.966530500000005], [-43.1855912, -22.966427499999998], [-43.18546680000001, -22.966365500000006]]]}}, {"type": "Feature", "properties": {"osm_id": "way/1041760072", "building": "yes"}, "geometry": {"type": "Polygon", "coordinates": [[[-43.1848381, -22.966047999999997], [-43.1847865, -22.966136099999996], [-43.1848477, -22.966166499999996], [-43.1848081, -22.96623399999999], [-43.1847469, -22.966203600000004], [-43.1847039, -22.966277099999996], [-43.1846949, -22.966292399999997], [-43.1848708, -22.9663798], [-43.1849213, -22.9662937], [-43.1848544, -22.966260500000004], [-43.1848925, -22.966195499999998], [-43.1849634, -22.966230700000004], [-43.1849868, -22.966190699999988], [-43.1850181, -22.966137399999994], [-43.1848381, -22.966047999999997]]]}}, {"type": "Feature", "properties": {"osm_id": "way/1041760073", "building": "yes"}, "geometry": {"type": "Polygon", "coordinates": [[[-43.1851115, -22.966353799999997], [-43.1851549, -22.966279999999994], [-43.1852407, -22.9663228], [-43.1852906, -22.9662378], [-43.1850342, -22.966110099999998], [-43.1850181, -22.966137399999994], [-43.1849868, -22.966190699999988], [-43.1850678, -22.966231099999995], [-43.1850244, -22.966305000000002], [-43.1849396, -22.9662628], [-43.1849213, -22.9662937], [-43.1848708, -22.9663798], [-43.1851277, -22.966507900000007], [-43.1851941, -22.966394900000008], [-43.1851115, -22.966353799999997]]]}}, {"type": "Feature", "properties": {"osm_id": "way/1041760074", "building": "yes"}, "geometry": {"type": "Polygon", "coordinates": [[[-43.1852846, -22.966574999999995], [-43.18546800000001, -22.9662601], [-43.1854322, -22.966242400000002], [-43.185449500000004, -22.9662137], [-43.1854585, -22.966198100000003], [-43.1853896, -22.966164199999998], [-43.1853814, -22.9661783], [-43.1852355, -22.966426500000004], [-43.1852253, -22.966422499999993], [-43.1852184, -22.9664216], [-43.1852126, -22.96642429999999], [-43.1851993, -22.966447299999995], [-43.1851998, -22.966455099999997], [-43.1852032, -22.96646], [-43.185216, -22.9664681], [-43.1851784, -22.966527999999997], [-43.1852846, -22.966574999999995]]]}}, {"type": "Feature", "properties": {"osm_id": "way/1041760075", "building": "yes"}, "geometry": {"type": "Polygon", "coordinates": [[[-43.1847469, -22.966203600000004], [-43.1847865, -22.966136099999996], [-43.1848381, -22.966047999999997], [-43.1848521, -22.966024099999995], [-43.18468, -22.965938600000005], [-43.184671, -22.965953899999995], [-43.1845318, -22.96619159999999], [-43.1847039, -22.966277099999996], [-43.1847469, -22.966203600000004]]]}}, {"type": "Feature", "properties": {"osm_id": "way/1041760076", "building": "yes"}, "geometry": {"type": "Polygon", "coordinates": [[[-43.1844815, -22.965974399999993], [-43.184535, -22.966001399999993], [-43.1844965, -22.9660671], [-43.1844398, -22.966038899999997], [-43.1843815, -22.966140600000006], [-43.184521, -22.966209900000003], [-43.1845318, -22.96619159999999], [-43.184671, -22.965953899999995], [-43.1845314, -22.9658846], [-43.1844815, -22.965974399999993]]]}}, {"type": "Feature", "properties": {"osm_id": "way/1041760077", "building": "yes"}, "geometry": {"type": "Polygon", "coordinates": [[[-43.1840229, -22.9655947], [-43.1839629, -22.9656593], [-43.1839365, -22.9656878], [-43.1839788, -22.965725399999997], [-43.1839381, -22.96577449999999], [-43.1838957, -22.96573119999999], [-43.1838392, -22.965802600000004], [-43.1838157, -22.9658323], [-43.1839638, -22.9659457], [-43.1840318, -22.965869300000005], [-43.1840479, -22.965851100000002], [-43.1840039, -22.965813499999996], [-43.1840447, -22.96576730000001], [-43.1840887, -22.965806299999997], [-43.1841087, -22.965784599999992], [-43.1841644, -22.9657244], [-43.184170200000004, -22.965718199999994], [-43.1840229, -22.9655947]]]}}, {"type": "Feature", "properties": {"osm_id": "way/1041760078", "building": "yes"}, "geometry": {"type": "Polygon", "coordinates": [[[-43.1844398, -22.966038899999997], [-43.1844464, -22.9660278], [-43.1844008, -22.966004699999992], [-43.1844322, -22.965951999999998], [-43.1844815, -22.965974399999993], [-43.1845314, -22.9658846], [-43.1844024, -22.965830800000003], [-43.1843702, -22.9658685], [-43.1843444, -22.9658987], [-43.1844002, -22.965930700000005], [-43.1843721, -22.965978300000003], [-43.1843003, -22.9659449], [-43.1842703, -22.965979599999997], [-43.184233, -22.966024100000002], [-43.1842031, -22.966055599999997], [-43.1843815, -22.966140600000006], [-43.1844398, -22.966038899999997]]]}}, {"type": "Feature", "properties": {"osm_id": "way/1041760079", "building": "yes"}, "geometry": {"type": "Polygon", "coordinates": [[[-43.183751, -22.965743699999997], [-43.1836176, -22.965654700000005], [-43.1835547, -22.9657343], [-43.1837922, -22.965843800000002], [-43.1838392, -22.965802600000004], [-43.183751, -22.965743699999997]]]}}, {"type": "Feature", "properties": {"osm_id": "way/1041760080", "building": "yes"}, "geometry": {"type": "Polygon", "coordinates": [[[-43.1842263, -22.965241000000002], [-43.184057, -22.9651143], [-43.1840569, -22.965143700000002], [-43.1838589, -22.965368699999996], [-43.184009, -22.965478200000003], [-43.1842263, -22.965241000000002]]]}}, {"type": "Feature", "properties": {"osm_id": "way/1041760081", "building": "yes"}, "geometry": {"type": "Polygon", "coordinates": [[[-43.18098330000001, -22.965071600000005], [-43.1808585, -22.96500019999999], [-43.1808063, -22.965075399999996], [-43.1807658, -22.965133799999993], [-43.1807322, -22.9651823], [-43.1808881, -22.965283199999995], [-43.18098330000001, -22.965071600000005]]]}}, {"type": "Feature", "properties": {"osm_id": "way/1041760082", "building": "yes"}, "geometry": {"type": "Polygon", "coordinates": [[[-43.1805329, -22.964984800000003], [-43.1804873, -22.965042199999996], [-43.1806957, -22.9651585], [-43.1806699, -22.9651949], [-43.180717, -22.965208899999997], [-43.1807322, -22.9651823], [-43.1807658, -22.965133799999993], [-43.1805329, -22.964984800000003]]]}}, {"type": "Feature", "properties": {"osm_id": "way/1041760083", "building": "yes"}, "geometry": {"type": "Polygon", "coordinates": [[[-43.1807658, -22.965133799999993], [-43.1808063, -22.965075399999996], [-43.1806318, -22.964946900000005], [-43.1805862, -22.965008599999994], [-43.1807658, -22.965133799999993]]]}}, {"type": "Feature", "properties": {"osm_id": "way/1041760084", "building": "yes"}, "geometry": {"type": "Polygon", "coordinates": [[[-43.1808585, -22.96500019999999], [-43.18098330000001, -22.965071600000005], [-43.1810761, -22.9649497], [-43.1809118, -22.964860099999996], [-43.1808327, -22.964982000000003], [-43.1808585, -22.96500019999999]]]}}, {"type": "Feature", "properties": {"osm_id": "way/1041760085", "building": "yes"}, "geometry": {"type": "Polygon", "coordinates": [[[-43.1807414, -22.964778799999998], [-43.1806318, -22.964946900000005], [-43.1808063, -22.965075399999996], [-43.1808585, -22.96500019999999], [-43.1808327, -22.964982000000003], [-43.1809118, -22.964860099999996], [-43.1807414, -22.964778799999998]]]}}, {"type": "Feature", "properties": {"osm_id": "way/1041760086", "building": "roof", "layer": "1"}, "geometry": {"type": "Polygon", "coordinates": [[[-43.1802567, -22.964434399999995], [-43.1803083, -22.964435300000005], [-43.1803278, -22.964435600000005], [-43.1803857, -22.9643445], [-43.1803812, -22.964329900000003], [-43.1803761, -22.9643134], [-43.1803375, -22.964295600000003], [-43.18033510000001, -22.964328899999998], [-43.1802868, -22.96441220000001], [-43.180251037784025, -22.96436062237585], [-43.18022580870667, -22.964382630077033], [-43.1802567, -22.964434399999995]]]}}, {"type": "Feature", "properties": {"osm_id": "way/1041760087", "building": "yes"}, "geometry": {"type": "Polygon", "coordinates": [[[-43.1803359344781, -22.964286565635028], [-43.180251037784025, -22.96436062237585], [-43.1802868, -22.96441220000001], [-43.18033510000001, -22.964328899999998], [-43.1803375, -22.964295600000003], [-43.1803359344781, -22.964286565635028]]]}}, {"type": "Feature", "properties": {"osm_id": "way/1041760373", "building": "yes"}, "geometry": {"type": "Polygon", "coordinates": [[[-43.188979200000006, -22.9671926], [-43.1891014, -22.967062300000006], [-43.189122, -22.967039200000002], [-43.1889737, -22.966927199999994], [-43.1886962, -22.96725169999999], [-43.1888328, -22.967355699999995], [-43.188979200000006, -22.9671926]]]}}, {"type": "Feature", "properties": {"osm_id": "way/1041760374", "building": "yes"}, "geometry": {"type": "Polygon", "coordinates": [[[-43.189122, -22.967039200000002], [-43.1891989, -22.966952900000003], [-43.1892977, -22.966842700000008], [-43.1893886, -22.966739000000004], [-43.1893735, -22.966726599999994], [-43.1892412, -22.966626700000006], [-43.1889737, -22.966927199999994], [-43.189122, -22.967039200000002]]]}}, {"type": "Feature", "properties": {"osm_id": "way/1041760376", "building": "yes"}, "geometry": {"type": "Polygon", "coordinates": [[[-43.189743, -22.966663599999993], [-43.1895918, -22.9665513], [-43.189499600000005, -22.966656599999997], [-43.1896507, -22.9667689], [-43.189743, -22.966663599999993]]]}}, {"type": "Feature", "properties": {"osm_id": "way/1041760377", "building": "yes"}, "geometry": {"type": "Polygon", "coordinates": [[[-43.18953840000001, -22.9668503], [-43.1895632, -22.966868700000003], [-43.1896507, -22.9667689], [-43.189499600000005, -22.966656599999997], [-43.1894121, -22.96675640000001], [-43.18953840000001, -22.9668503]]]}}, {"type": "Feature", "properties": {"osm_id": "way/1041760378", "building": "yes"}, "geometry": {"type": "Polygon", "coordinates": [[[-43.1894475, -22.966953999999998], [-43.1892977, -22.966842700000008], [-43.1891989, -22.966952900000003], [-43.189372, -22.967083499999998], [-43.1894714, -22.966977999999997], [-43.1894475, -22.966953999999998]]]}}, {"type": "Feature", "properties": {"osm_id": "way/1041760379", "building": "yes"}, "geometry": {"type": "Polygon", "coordinates": [[[-43.1891, -22.9673948], [-43.1891322, -22.967359000000002], [-43.1891588, -22.967329299999996], [-43.1890701, -22.967261799999992], [-43.1889237, -22.967424899999997], [-43.1890125, -22.967492400000005], [-43.1891, -22.9673948]]]}}, {"type": "Feature", "properties": {"osm_id": "way/1041760380", "building": "yes"}, "geometry": {"type": "Polygon", "coordinates": [[[-43.188979200000006, -22.9671926], [-43.1888328, -22.967355699999995], [-43.1889237, -22.967424899999997], [-43.1890701, -22.967261799999992], [-43.188979200000006, -22.9671926]]]}}, {"type": "Feature", "properties": {"osm_id": "way/1041760381", "building": "yes"}, "geometry": {"type": "Polygon", "coordinates": [[[-43.1891, -22.9673948], [-43.1890125, -22.967492400000005], [-43.1891765, -22.967617099999995], [-43.189264, -22.967519600000003], [-43.1891, -22.9673948]]]}}, {"type": "Feature", "properties": {"osm_id": "way/1041760382", "building": "yes"}, "geometry": {"type": "Polygon", "coordinates": [[[-43.189346500000006, -22.9674276], [-43.1892086, -22.967322699999997], [-43.1891825, -22.9673029], [-43.1891588, -22.967329299999996], [-43.1891898, -22.967352799999993], [-43.1891631, -22.967382600000008], [-43.1891322, -22.967359000000002], [-43.1891, -22.9673948], [-43.189264, -22.967519600000003], [-43.189346500000006, -22.9674276]]]}}, {"type": "Feature", "properties": {"osm_id": "way/1041760383", "building": "yes"}, "geometry": {"type": "Polygon", "coordinates": [[[-43.1894422, -22.967321000000002], [-43.1892745, -22.967192900000004], [-43.1891871, -22.967126900000004], [-43.1890914, -22.967233499999995], [-43.1891825, -22.9673029], [-43.1892086, -22.967322699999997], [-43.189346500000006, -22.9674276], [-43.1894422, -22.967321000000002]]]}}, {"type": "Feature", "properties": {"osm_id": "way/1041760384", "building": "yes"}, "geometry": {"type": "Polygon", "coordinates": [[[-43.1891989, -22.966952900000003], [-43.189122, -22.967039200000002], [-43.1891014, -22.967062300000006], [-43.1891871, -22.967126900000004], [-43.1892745, -22.967192900000004], [-43.189372, -22.967083499999998], [-43.1891989, -22.966952900000003]]]}}, {"type": "Feature", "properties": {"osm_id": "way/1041760385", "building": "yes"}, "geometry": {"type": "Polygon", "coordinates": [[[-43.18953840000001, -22.9668503], [-43.1894121, -22.96675640000001], [-43.1893886, -22.966739000000004], [-43.1892977, -22.966842700000008], [-43.1894475, -22.966953999999998], [-43.18953840000001, -22.9668503]]]}}, {"type": "Feature", "properties": {"osm_id": "way/1041760386", "building": "yes"}, "geometry": {"type": "Polygon", "coordinates": [[[-43.1894074, -22.9666885], [-43.1893833, -22.966670399999998], [-43.1894169, -22.966632700000005], [-43.1893087, -22.966550999999995], [-43.1892412, -22.966626700000006], [-43.1893735, -22.966726599999994], [-43.1894074, -22.9666885]]]}}, {"type": "Feature", "properties": {"osm_id": "way/1041760387", "building": "yes"}, "geometry": {"type": "Polygon", "coordinates": [[[-43.18981054531525, -22.966588188853688], [-43.18975591560595, -22.966534495232626], [-43.1897501, -22.966541199999998], [-43.189708, -22.96651019999999], [-43.189718700287685, -22.96649791757079], [-43.18966991107003, -22.966449964278354], [-43.1895918, -22.9665513], [-43.189743, -22.966663599999993], [-43.18981054531525, -22.966588188853688]]]}}, {"type": "Feature", "properties": {"osm_id": "way/1041762161", "building": "yes"}, "geometry": {"type": "Polygon", "coordinates": [[[-43.1864021, -22.966136100000003], [-43.18646300000001, -22.96617549999999], [-43.1866865, -22.96632509999999], [-43.187014, -22.96591610000001], [-43.1869407, -22.96586639999999], [-43.1868977, -22.9659202], [-43.1868227, -22.965869300000005], [-43.1868595, -22.965823299999997], [-43.18672300000001, -22.9657286], [-43.1864021, -22.966136100000003]]]}}, {"type": "Feature", "properties": {"osm_id": "way/1041762162", "building": "yes"}, "geometry": {"type": "Polygon", "coordinates": [[[-43.18646300000001, -22.96617549999999], [-43.1864021, -22.966136100000003], [-43.1863207, -22.966235499999996], [-43.1863476, -22.966253599999995], [-43.1864058, -22.966292499999998], [-43.186530100000006, -22.966375699999997], [-43.1866062, -22.966426699999996], [-43.1866865, -22.96632509999999], [-43.18646300000001, -22.96617549999999]]]}}, {"type": "Feature", "properties": {"osm_id": "way/1041762163", "building": "yes"}, "geometry": {"type": "Polygon", "coordinates": [[[-43.1871287, -22.9663216], [-43.1870143, -22.966209799999998], [-43.186887, -22.966342199999993], [-43.1869553, -22.966415], [-43.1871287, -22.9663216]]]}}, {"type": "Feature", "properties": {"osm_id": "way/1041762164", "building": "yes"}, "geometry": {"type": "Polygon", "coordinates": [[[-43.1871371, -22.965806], [-43.18681120000001, -22.96558869999999], [-43.1867307, -22.965678400000005], [-43.1870753, -22.965902599999993], [-43.1871371, -22.965806]]]}}, {"type": "Feature", "properties": {"osm_id": "way/1041762165", "building": "yes"}, "geometry": {"type": "Polygon", "coordinates": [[[-43.1843702, -22.9658685], [-43.1841644, -22.9657244], [-43.1841087, -22.965784599999992], [-43.1841699, -22.965832500000005], [-43.1841269, -22.9658783], [-43.1840692, -22.9658315], [-43.1840479, -22.965851100000002], [-43.1840318, -22.965869300000005], [-43.184082800000006, -22.9659096], [-43.1840681, -22.9659336], [-43.184162, -22.9660034], [-43.184179, -22.965983599999998], [-43.184233, -22.966024100000002], [-43.1842703, -22.965979599999997], [-43.1842061, -22.96593669999999], [-43.1842457, -22.965890799999997], [-43.184308, -22.965936699999997], [-43.1843444, -22.9658987], [-43.1843702, -22.9658685]]]}}, {"type": "Feature", "properties": {"osm_id": "way/1041762166", "building": "yes"}, "geometry": {"type": "Polygon", "coordinates": [[[-43.1861727, -22.966876799999998], [-43.1861442, -22.966919500000003], [-43.1861056, -22.966897099999994], [-43.1860858, -22.966923300000005], [-43.1860486, -22.966983600000002], [-43.1861312, -22.967014499999998], [-43.1861419, -22.967014099999997], [-43.1861531, -22.967012999999994], [-43.1862422, -22.9668954], [-43.1861861, -22.966859199999995], [-43.1861727, -22.966876799999998]]]}}, {"type": "Feature", "properties": {"osm_id": "way/1041762167", "building": "yes"}, "geometry": {"type": "Polygon", "coordinates": [[[-43.1860858, -22.966923300000005], [-43.1860389, -22.966898800000003], [-43.18611460000001, -22.966780799999995], [-43.1860704, -22.96674919999999], [-43.1860132, -22.966708000000004], [-43.1859886, -22.966690599999996], [-43.1859221, -22.966646399999995], [-43.1857987, -22.966851999999996], [-43.1860486, -22.966983600000002], [-43.1860858, -22.966923300000005]]]}}, {"type": "Feature", "properties": {"osm_id": "way/1041762168", "building": "yes"}, "geometry": {"type": "Polygon", "coordinates": [[[-43.1861739, -22.966704999999997], [-43.1861165, -22.966664999999995], [-43.1860704, -22.96674919999999], [-43.18611460000001, -22.966780799999995], [-43.1860389, -22.966898800000003], [-43.1860858, -22.966923300000005], [-43.1861056, -22.966897099999994], [-43.1861442, -22.966919500000003], [-43.1861727, -22.966876799999998], [-43.1861861, -22.966859199999995], [-43.1862422, -22.9668954], [-43.1863168, -22.966797400000004], [-43.1861739, -22.966704999999997]]]}}, {"type": "Feature", "properties": {"osm_id": "way/1041762169", "building": "yes"}, "geometry": {"type": "Polygon", "coordinates": [[[-43.1856258, -22.9664406], [-43.1855703, -22.966533699999996], [-43.1855967, -22.96654699999999], [-43.185577, -22.966580199999992], [-43.1855487, -22.966565899999992], [-43.1854738, -22.96669139999999], [-43.18555, -22.966729500000003], [-43.1856972, -22.966485299999995], [-43.1857006, -22.966478400000007], [-43.1856258, -22.9664406]]]}}, {"type": "Feature", "properties": {"osm_id": "way/1041762170", "building": "yes"}, "geometry": {"type": "Polygon", "coordinates": [[[-43.1856055, -22.9667578], [-43.1856686, -22.966653199999996], [-43.18570690000001, -22.9665896], [-43.1857393, -22.966535799999992], [-43.1857526, -22.966513599999995], [-43.1856972, -22.966485299999995], [-43.18555, -22.966729500000003], [-43.1856055, -22.9667578]]]}}, {"type": "Feature", "properties": {"osm_id": "way/1041762171", "building": "yes"}, "geometry": {"type": "Polygon", "coordinates": [[[-43.183751, -22.965743699999997], [-43.1838228, -22.96565509999999], [-43.1836867, -22.965567400000005], [-43.1836176, -22.965654700000005], [-43.183751, -22.965743699999997]]]}}, {"type": "Feature", "properties": {"osm_id": "way/1041762172", "building": "yes"}, "geometry": {"type": "Polygon", "coordinates": [[[-43.1839495, -22.965541599999995], [-43.184009, -22.965478200000003], [-43.1838589, -22.965368699999996], [-43.1837737, -22.965457500000007], [-43.1838105, -22.9654877], [-43.1838394, -22.965511500000005], [-43.1838075, -22.965549600000003], [-43.183839, -22.9655718], [-43.1838776, -22.9655991], [-43.1839629, -22.9656593], [-43.1840229, -22.9655947], [-43.1839495, -22.965541599999995]]]}}, {"type": "Feature", "properties": {"osm_id": "way/1041762173", "building": "yes"}, "geometry": {"type": "Polygon", "coordinates": [[[-43.1836867, -22.965567400000005], [-43.1838228, -22.96565509999999], [-43.1838776, -22.9655991], [-43.183839, -22.9655718], [-43.1838181, -22.9655974], [-43.1837815, -22.9655811], [-43.1838075, -22.965549600000003], [-43.1837756, -22.9655278], [-43.1838105, -22.9654877], [-43.1837737, -22.965457500000007], [-43.1836867, -22.965567400000005]]]}}, {"type": "Feature", "properties": {"osm_id": "way/1041762174", "building": "yes"}, "geometry": {"type": "Polygon", "coordinates": [[[-43.1823211, -22.9644302], [-43.1822181, -22.96434609999999], [-43.1819507, -22.96463049999999], [-43.1820703, -22.9647192], [-43.1823211, -22.9644302]]]}}, {"type": "Feature", "properties": {"osm_id": "way/1041762175", "building": "yes"}, "geometry": {"type": "Polygon", "coordinates": [[[-43.1823991, -22.964046299999996], [-43.1825038, -22.963901099999998], [-43.1824689, -22.963879700000003], [-43.1823576, -22.96401729999999], [-43.1823011, -22.963985199999996], [-43.1823643, -22.963879699999996], [-43.1822862, -22.963842899999992], [-43.1821932, -22.963945400000004], [-43.1821467, -22.963917899999995], [-43.1820487, -22.964054], [-43.1823011, -22.964237499999996], [-43.1823775, -22.964292500000003], [-43.1825171, -22.964125899999996], [-43.1823991, -22.964046299999996]]]}}, {"type": "Feature", "properties": {"osm_id": "way/1041762176", "building": "yes"}, "geometry": {"type": "Polygon", "coordinates": [[[-43.1819407, -22.964185500000006], [-43.1820254, -22.964245099999992], [-43.1820919, -22.9641656], [-43.1822563, -22.9642925], [-43.1823011, -22.964237499999996], [-43.1820487, -22.964054], [-43.1819407, -22.964185500000006]]]}}, {"type": "Feature", "properties": {"osm_id": "way/1041762177", "building": "yes"}, "geometry": {"type": "Polygon", "coordinates": [[[-43.1815755, -22.9644805], [-43.181457, -22.964655099999998], [-43.181732, -22.964805600000005], [-43.181841, -22.9646201], [-43.1815755, -22.9644805]]]}}, {"type": "Feature", "properties": {"osm_id": "way/1041762178", "building": "roof", "layer": "1"}, "geometry": {"type": "Polygon", "coordinates": [[[-43.1819951, -22.964343], [-43.1818908, -22.964275299999997], [-43.1817723, -22.964412799999998], [-43.1818766, -22.96447609999999], [-43.1819951, -22.964343]]]}}, {"type": "Feature", "properties": {"osm_id": "way/1041762179", "building": "yes"}, "geometry": {"type": "Polygon", "coordinates": [[[-43.1791801, -22.965502599999994], [-43.179296900000004, -22.965298499999996], [-43.17921914185937, -22.965260751063727], [-43.179027091021474, -22.965428275942205], [-43.1791801, -22.965502599999994]]]}}, {"type": "Feature", "properties": {"osm_id": "way/1041765333", "building": "yes"}, "geometry": {"type": "Polygon", "coordinates": [[[-43.1789468, -22.965549600000006], [-43.1790011, -22.9654549], [-43.178998188774735, -22.965453487152693], [-43.17890902512123, -22.965531263834254], [-43.1789468, -22.965549600000006]]]}}, {"type": "Feature", "properties": {"osm_id": "way/1041765334", "building": "yes"}, "geometry": {"type": "Polygon", "coordinates": [[[-43.1790011, -22.9654549], [-43.1789468, -22.965549600000006], [-43.1790701, -22.965609500000003], [-43.1791083, -22.965628], [-43.1791801, -22.965502599999994], [-43.179027091021474, -22.965428275942205], [-43.17900563230549, -22.96544699421878], [-43.1790011, -22.9654549]]]}}, {"type": "Feature", "properties": {"osm_id": "way/1041765342", "building": "yes"}, "geometry": {"type": "Polygon", "coordinates": [[[-43.1787806, -22.965793599999998], [-43.1787713, -22.965808999999993], [-43.1787867, -22.965816900000004], [-43.1788126, -22.9657737], [-43.178864, -22.965688099999994], [-43.178778877891155, -22.965644789871803], [-43.17867176226823, -22.965738225451062], [-43.1787806, -22.965793599999998]]]}}, {"type": "Feature", "properties": {"osm_id": "way/1041765343", "building": "yes"}, "geometry": {"type": "Polygon", "coordinates": [[[-43.1790032, -22.965805500000005], [-43.17898850000001, -22.965753299999996], [-43.178864, -22.965688099999994], [-43.1788126, -22.9657737], [-43.1788705, -22.965806599999997], [-43.1788406, -22.9658697], [-43.17892400000001, -22.965918000000002], [-43.1790032, -22.965805500000005]]]}}, {"type": "Feature", "properties": {"osm_id": "way/1041765344", "building": "yes"}, "geometry": {"type": "Polygon", "coordinates": [[[-43.1788406, -22.9658697], [-43.1787554, -22.965994499999994], [-43.178696, -22.965960100000004], [-43.17864470000001, -22.9660352], [-43.1787875, -22.966117899999997], [-43.1788161, -22.966076000000005], [-43.17892400000001, -22.965918000000002], [-43.1788406, -22.9658697]]]}}, {"type": "Feature", "properties": {"osm_id": "way/1041765345", "building": "yes"}, "geometry": {"type": "Polygon", "coordinates": [[[-43.178696, -22.965960100000004], [-43.178754000000005, -22.965865], [-43.178631, -22.9657991], [-43.1785662, -22.965901699999993], [-43.1785209, -22.9659734], [-43.17864470000001, -22.9660352], [-43.178696, -22.965960100000004]]]}}, {"type": "Feature", "properties": {"osm_id": "way/1041765347", "building": "yes"}, "geometry": {"type": "Polygon", "coordinates": [[[-43.1785209, -22.9659734], [-43.1785662, -22.965901699999993], [-43.1785285, -22.965882399999995], [-43.1785531810745, -22.965841662054167], [-43.178446296975444, -22.965934895234902], [-43.1785209, -22.9659734]]]}}, {"type": "Feature", "properties": {"osm_id": "way/1041988841", "building": "yes"}, "geometry": {"type": "Polygon", "coordinates": [[[-43.1799184, -22.9656435], [-43.1796943, -22.9658966], [-43.1797211, -22.9659512], [-43.1798113, -22.966012199999994], [-43.1800467, -22.965730499999992], [-43.1799184, -22.9656435]]]}}, {"type": "Feature", "properties": {"osm_id": "way/1041988842", "building": "yes"}, "geometry": {"type": "Polygon", "coordinates": [[[-43.1799581, -22.966002499999995], [-43.1799044, -22.9659784], [-43.1797902, -22.966118599999998], [-43.1797634, -22.9661342], [-43.179824, -22.966226299999995], [-43.1798747, -22.966236699999996], [-43.179886, -22.966239300000005], [-43.1799523, -22.966171800000005], [-43.1800608, -22.96604849999999], [-43.1799581, -22.966002499999995]]]}}, {"type": "Feature", "properties": {"osm_id": "way/1041988843", "building": "yes"}, "geometry": {"type": "Polygon", "coordinates": [[[-43.1805346, -22.965503099999996], [-43.180566, -22.965522400000005], [-43.1805445, -22.9655522], [-43.1806521, -22.9656181], [-43.1807364, -22.965501399999997], [-43.1806867, -22.965470999999994], [-43.1805973, -22.965416200000003], [-43.1805346, -22.965503099999996]]]}}, {"type": "Feature", "properties": {"osm_id": "way/1041988844", "building": "yes"}, "geometry": {"type": "Polygon", "coordinates": [[[-43.1804627, -22.9653339], [-43.1803977, -22.9654194], [-43.1805346, -22.965503099999996], [-43.1805973, -22.965416200000003], [-43.1804627, -22.9653339]]]}}, {"type": "Feature", "properties": {"osm_id": "way/1041988845", "building": "yes", "tourism": "hotel"}, "geometry": {"type": "Polygon", "coordinates": [[[-43.1797902, -22.9648919], [-43.1796212, -22.965143299999998], [-43.1797678, -22.965216200000004], [-43.1797985, -22.965176], [-43.1798627, -22.9650957], [-43.1798411, -22.965081], [-43.1799239, -22.964977499999993], [-43.1797902, -22.9648919]]]}}, {"type": "Feature", "properties": {"osm_id": "way/1041988846", "building": "yes", "tourism": "hotel"}, "geometry": {"type": "Polygon", "coordinates": [[[-43.1797678, -22.965216200000004], [-43.1796212, -22.965143299999998], [-43.1795661, -22.965237199999997], [-43.1796728, -22.9652903], [-43.1797035, -22.965305500000003], [-43.1797853, -22.965346299999997], [-43.1797918, -22.965349499999995], [-43.1798469, -22.965255599999995], [-43.1797678, -22.965216200000004]]]}}, {"type": "Feature", "properties": {"osm_id": "way/1041988847", "building": "yes", "tourism": "hotel"}, "geometry": {"type": "Polygon", "coordinates": [[[-43.1794843, -22.9653767], [-43.1795787, -22.965423700000006], [-43.1796015, -22.965384699999998], [-43.1796412, -22.9654044], [-43.1796183, -22.965443399999998], [-43.1797035, -22.9654858], [-43.1797853, -22.965346299999997], [-43.1797035, -22.965305500000003], [-43.1796908, -22.965327200000008], [-43.17966, -22.965312], [-43.1796728, -22.9652903], [-43.1795661, -22.965237199999997], [-43.1794843, -22.9653767]]]}}, {"type": "Feature", "properties": {"osm_id": "way/1041988848", "building": "yes", "tourism": "hotel"}, "geometry": {"type": "Polygon", "coordinates": [[[-43.1794093, -22.965504500000005], [-43.1795024, -22.965550799999995], [-43.1795217, -22.9655179], [-43.1795649, -22.965539400000004], [-43.1795467, -22.9655704], [-43.1796296, -22.965611699999997], [-43.1797035, -22.9654858], [-43.1796183, -22.965443399999998], [-43.1795787, -22.965423700000006], [-43.1794843, -22.9653767], [-43.1794093, -22.965504500000005]]]}}, {"type": "Feature", "properties": {"osm_id": "way/1041988849", "building": "yes", "tourism": "hotel"}, "geometry": {"type": "Polygon", "coordinates": [[[-43.1790754, -22.966169199999996], [-43.1791177, -22.966101700000003], [-43.1792601, -22.9661731], [-43.1792939, -22.966114700000006], [-43.179167, -22.966044599999996], [-43.1792098, -22.9659841], [-43.1791464, -22.96595260000001], [-43.1789852, -22.966203000000004], [-43.1789866, -22.9662432], [-43.1791656, -22.9663298], [-43.1792173, -22.966249199999993], [-43.1790754, -22.966169199999996]]]}}, {"type": "Feature", "properties": {"osm_id": "way/1041988850", "building": "yes", "tourism": "hotel"}, "geometry": {"type": "Polygon", "coordinates": [[[-43.1791464, -22.96595260000001], [-43.1792098, -22.9659841], [-43.17933850000001, -22.966048100000002], [-43.1793746, -22.9659866], [-43.1793043, -22.965951699999994], [-43.1793422, -22.965887100000003], [-43.1792204, -22.9658265], [-43.1791464, -22.96595260000001]]]}}, {"type": "Feature", "properties": {"osm_id": "way/1041988851", "building": "yes", "tourism": "hotel"}, "geometry": {"type": "Polygon", "coordinates": [[[-43.1795467, -22.9655704], [-43.179529, -22.9656006], [-43.1794858, -22.965579099999996], [-43.1795024, -22.965550799999995], [-43.1794093, -22.965504500000005], [-43.1793488, -22.9656076], [-43.1794483, -22.9656571], [-43.1794643, -22.9656299], [-43.1794943, -22.9656448], [-43.1794751, -22.965677500000005], [-43.1795648, -22.9657221], [-43.1796296, -22.965611699999997], [-43.1795467, -22.9655704]]]}}, {"type": "Feature", "properties": {"osm_id": "way/1041988852", "building": "yes", "tourism": "hotel"}, "geometry": {"type": "Polygon", "coordinates": [[[-43.1794751, -22.965677500000005], [-43.1794594, -22.965704300000002], [-43.1794294, -22.965689299999998], [-43.1794483, -22.9656571], [-43.1793488, -22.9656076], [-43.1792864, -22.965713900000008], [-43.1793851, -22.965763000000003], [-43.1794027, -22.965732899999995], [-43.1794372, -22.965750099999998], [-43.179416, -22.9657862], [-43.179502, -22.965828999999996], [-43.1795648, -22.9657221], [-43.1794751, -22.965677500000005]]]}}, {"type": "Feature", "properties": {"osm_id": "way/1041988853", "building": "yes", "tourism": "hotel"}, "geometry": {"type": "Polygon", "coordinates": [[[-43.179416, -22.9657862], [-43.179401, -22.9658118], [-43.1793665, -22.965794699999993], [-43.1793851, -22.965763000000003], [-43.1792864, -22.965713900000008], [-43.1792204, -22.9658265], [-43.1793422, -22.965887100000003], [-43.1794396, -22.965935500000004], [-43.179502, -22.965828999999996], [-43.179416, -22.9657862]]]}}, {"type": "Feature", "properties": {"osm_id": "way/1041988854", "building": "yes", "tourism": "hotel"}, "geometry": {"type": "Polygon", "coordinates": [[[-43.1796672, -22.96662929999999], [-43.1798433, -22.9667191], [-43.1798546, -22.9667002], [-43.1798744, -22.9666675], [-43.1798473, -22.966653699999995], [-43.1798803, -22.9665989], [-43.1797312, -22.9665228], [-43.1796672, -22.96662929999999]]]}}, {"type": "Feature", "properties": {"osm_id": "way/1041988855", "building": "yes", "tourism": "hotel"}, "geometry": {"type": "Polygon", "coordinates": [[[-43.1796864, -22.966310400000005], [-43.1796629, -22.966346899999998], [-43.1795422, -22.966534899999996], [-43.1796493, -22.966593199999995], [-43.1797935, -22.9663687], [-43.1796864, -22.966310400000005]]]}}, {"type": "Feature", "properties": {"osm_id": "way/1041988856", "building": "yes", "tourism": "hotel"}, "geometry": {"type": "Polygon", "coordinates": [[[-43.1796629, -22.966346899999998], [-43.1797022, -22.966285699999997], [-43.179555500000006, -22.96620589999999], [-43.1795034, -22.966286999999994], [-43.1795497, -22.9663123], [-43.1795053, -22.9663814], [-43.1794602, -22.9663568], [-43.1794428, -22.966384000000005], [-43.1793967, -22.9664557], [-43.1795422, -22.966534899999996], [-43.1796629, -22.966346899999998]]]}}, {"type": "Feature", "properties": {"osm_id": "way/1041990720", "building": "yes"}, "geometry": {"type": "Polygon", "coordinates": [[[-43.1794943, -22.966185499999998], [-43.17955270000001, -22.966094599999998], [-43.1795986, -22.966119599999992], [-43.1796318, -22.966068], [-43.1794202, -22.9659528], [-43.1793865, -22.9660053], [-43.1794383, -22.9660336], [-43.17937950000001, -22.9661252], [-43.1793348, -22.96610089999999], [-43.1792889, -22.9661723], [-43.1793441, -22.9662023], [-43.179289, -22.966288199999997], [-43.1792173, -22.966249199999993], [-43.1791656, -22.9663298], [-43.1793967, -22.9664557], [-43.1794428, -22.966384000000005], [-43.1793749, -22.966347100000007], [-43.1794367, -22.9662508], [-43.1795034, -22.966286999999994], [-43.1795493, -22.966215499999993], [-43.1794943, -22.966185499999998]]]}}, {"type": "Feature", "properties": {"osm_id": "way/1041990721", "building": "yes"}, "geometry": {"type": "Polygon", "coordinates": [[[-43.18005, -22.966599999999993], [-43.1799467, -22.966547299999995], [-43.1798744, -22.9666675], [-43.1798546, -22.9667002], [-43.179958, -22.966752900000003], [-43.18005, -22.966599999999993]]]}}, {"type": "Feature", "properties": {"osm_id": "way/1041990722", "building": "yes"}, "geometry": {"type": "Polygon", "coordinates": [[[-43.179958, -22.966752900000003], [-43.179953, -22.966765399999993], [-43.18007250000001, -22.966827199999997], [-43.1801129, -22.966761], [-43.1801481, -22.966703199999998], [-43.18005, -22.966599999999993], [-43.179958, -22.966752900000003]]]}}, {"type": "Feature", "properties": {"osm_id": "way/1041990723", "building": "yes"}, "geometry": {"type": "Polygon", "coordinates": [[[-43.1802435, -22.9668202], [-43.1802654, -22.9667821], [-43.1801562, -22.9667422], [-43.1801129, -22.966761], [-43.18007250000001, -22.966827199999997], [-43.1802048, -22.966887600000003], [-43.1802435, -22.9668202]]]}}, {"type": "Feature", "properties": {"osm_id": "way/1041990724", "building": "yes"}, "geometry": {"type": "Polygon", "coordinates": [[[-43.1803039, -22.966782100000003], [-43.1802762, -22.9668159], [-43.1802435, -22.9668202], [-43.1802048, -22.966887600000003], [-43.1803235, -22.966956999999997], [-43.1803649, -22.9668786], [-43.1803508, -22.96685769999999], [-43.1803735, -22.9668189], [-43.1803039, -22.966782100000003]]]}}, {"type": "Feature", "properties": {"osm_id": "way/1041990725", "building": "yes"}, "geometry": {"type": "Polygon", "coordinates": [[[-43.1805161, -22.966857999999995], [-43.180393, -22.966838800000005], [-43.1803649, -22.9668786], [-43.1803235, -22.966956999999997], [-43.1803544, -22.966983899999995], [-43.1804719, -22.967029899999996], [-43.1806352, -22.967069100000003], [-43.1806561, -22.9668632], [-43.1805161, -22.966857999999995]]]}}, {"type": "Feature", "properties": {"osm_id": "way/1041990726", "building": "yes"}, "geometry": {"type": "Polygon", "coordinates": [[[-43.1807382, -22.966844099999992], [-43.1807271, -22.966852400000004], [-43.180697, -22.966853300000004], [-43.1806749, -22.966871799999996], [-43.1806618, -22.967055], [-43.1807703, -22.96705959999999], [-43.1807823, -22.966889299999995], [-43.1807854, -22.966845900000003], [-43.1807382, -22.966844099999992]]]}}, {"type": "Feature", "properties": {"osm_id": "way/1041990727", "building": "yes"}, "geometry": {"type": "Polygon", "coordinates": [[[-43.1811403, -22.966972000000005], [-43.1811438, -22.9668746], [-43.1810132, -22.966869099999997], [-43.1810142, -22.966846899999997], [-43.180972, -22.966844999999992], [-43.1809659, -22.96690419999999], [-43.1809971, -22.966926399999988], [-43.1809931, -22.966975499999993], [-43.1809619, -22.966974599999997], [-43.180957, -22.9670586], [-43.1811365, -22.9670681], [-43.1811403, -22.966972000000005]]]}}, {"type": "Feature", "properties": {"osm_id": "way/1041990728", "building": "yes"}, "geometry": {"type": "Polygon", "coordinates": [[[-43.1809619, -22.966974599999997], [-43.1809659, -22.96690419999999], [-43.1807823, -22.966889299999995], [-43.1807703, -22.96705959999999], [-43.180957, -22.9670586], [-43.1809619, -22.966974599999997]]]}}, {"type": "Feature", "properties": {"osm_id": "way/1041990729", "building": "yes"}, "geometry": {"type": "Polygon", "coordinates": [[[-43.1813882, -22.96659590000001], [-43.181287700000006, -22.9666243], [-43.1812979, -22.966654799999997], [-43.1812491, -22.966668600000002], [-43.18124290000001, -22.96665000000001], [-43.1811438, -22.966678100000006], [-43.1811834, -22.966796999999993], [-43.1813037, -22.966763000000007], [-43.1812898, -22.966721399999997], [-43.1813059, -22.966716899999998], [-43.1813142, -22.966741599999995], [-43.1814262, -22.966709899999994], [-43.1813882, -22.96659590000001]]]}}, {"type": "Feature", "properties": {"osm_id": "way/1041990730", "building": "yes"}, "geometry": {"type": "Polygon", "coordinates": [[[-43.181325, -22.966406399999993], [-43.1812176, -22.966436700000003], [-43.1812285, -22.9664695], [-43.1811855, -22.9664816], [-43.1811805, -22.966466599999993], [-43.1810825, -22.966494299999994], [-43.1811438, -22.966678100000006], [-43.18124290000001, -22.96665000000001], [-43.1812203, -22.9665822], [-43.1812691, -22.966568400000007], [-43.181287700000006, -22.9666243], [-43.1813882, -22.96659590000001], [-43.181325, -22.966406399999993]]]}}, {"type": "Feature", "properties": {"osm_id": "way/1041990731", "building": "yes"}, "geometry": {"type": "Polygon", "coordinates": [[[-43.181263, -22.966209600000003], [-43.1811308, -22.966250700000003], [-43.1811538, -22.966263199999993], [-43.1810915, -22.966280799999996], [-43.1810829, -22.966261900000006], [-43.180971, -22.966299299999992], [-43.1809931, -22.966340900000002], [-43.1809931, -22.966377900000005], [-43.1810254, -22.9663968], [-43.1810465, -22.9663908], [-43.1810879, -22.96636979999999], [-43.1811186, -22.966361199999994], [-43.1811146, -22.966309499999998], [-43.1811669, -22.966295599999995], [-43.1811825, -22.9663301], [-43.181289500000005, -22.966299799999994], [-43.181263, -22.966209600000003]]]}}, {"type": "Feature", "properties": {"osm_id": "way/1041990732", "building": "yes"}, "geometry": {"type": "Polygon", "coordinates": [[[-43.181289500000005, -22.966299799999994], [-43.1811825, -22.9663301], [-43.1811962, -22.96637120000001], [-43.1811513, -22.9663839], [-43.1811415, -22.9663547], [-43.1811186, -22.966361199999994], [-43.1810879, -22.96636979999999], [-43.1810998, -22.966405400000003], [-43.1810556, -22.966417899999993], [-43.1810465, -22.9663908], [-43.1810254, -22.9663968], [-43.1809501, -22.9664181], [-43.1809847, -22.9665219], [-43.1810825, -22.966494299999994], [-43.1811805, -22.966466599999993], [-43.1811649, -22.966420000000006], [-43.1812079, -22.966407799999995], [-43.1812176, -22.966436700000003], [-43.181325, -22.966406399999993], [-43.181289500000005, -22.966299799999994]]]}}, {"type": "Feature", "properties": {"osm_id": "way/1041990733", "building": "yes"}, "geometry": {"type": "Polygon", "coordinates": [[[-43.1810357, -22.965900000000005], [-43.1810457, -22.965926499999988], [-43.1809796, -22.965947799999995], [-43.180969, -22.96592], [-43.1808924, -22.965944700000005], [-43.1809439, -22.966080200000004], [-43.1810321, -22.9660518], [-43.1810168, -22.9660115], [-43.1810726, -22.9659936], [-43.181087, -22.966031500000003], [-43.1811956, -22.965996600000004], [-43.1811455, -22.9658647], [-43.1810357, -22.965900000000005]]]}}, {"type": "Feature", "properties": {"osm_id": "way/1041990734", "building": "yes"}, "geometry": {"type": "Polygon", "coordinates": [[[-43.181087, -22.966031500000003], [-43.1811066, -22.966081199999998], [-43.1810596, -22.96609550000001], [-43.1810321, -22.9660518], [-43.1809439, -22.966080200000004], [-43.1809301, -22.9660813], [-43.1809637, -22.966173599999994], [-43.1810607, -22.966143600000002], [-43.1810526, -22.966133999999997], [-43.181126, -22.966111699999995], [-43.181132, -22.9661283], [-43.1812321, -22.966097899999994], [-43.1811956, -22.965996600000004], [-43.181087, -22.966031500000003]]]}}, {"type": "Feature", "properties": {"osm_id": "way/1041990735", "building": "yes"}, "geometry": {"type": "Polygon", "coordinates": [[[-43.1812321, -22.966097899999994], [-43.181132, -22.9661283], [-43.1811436, -22.9661336], [-43.1811112, -22.9661437], [-43.1811165, -22.966158], [-43.1810805, -22.966169199999996], [-43.1810607, -22.966143600000002], [-43.1809637, -22.966173599999994], [-43.180971, -22.966299299999992], [-43.1810829, -22.966261900000006], [-43.1811282, -22.966247], [-43.181115, -22.966208399999992], [-43.1811153, -22.9662083], [-43.1811308, -22.966250700000003], [-43.181263, -22.966209600000003], [-43.1812321, -22.966097899999994]]]}}, {"type": "Feature", "properties": {"osm_id": "way/1041990736", "building": "yes"}, "geometry": {"type": "Polygon", "coordinates": [[[-43.18115830000001, -22.965858099999995], [-43.1811211, -22.965770499999998], [-43.1810677, -22.965715900000003], [-43.1810398, -22.9657021], [-43.1809748, -22.965816399999994], [-43.1809946, -22.965831399999995], [-43.1810213, -22.965865599999997], [-43.1810357, -22.965900000000005], [-43.1811455, -22.9658647], [-43.18115830000001, -22.965858099999995]]]}}, {"type": "Feature", "properties": {"osm_id": "way/1041990737", "building": "yes"}, "geometry": {"type": "Polygon", "coordinates": [[[-43.1808294, -22.965578299999994], [-43.1807223, -22.965777699999997], [-43.1807554, -22.9658004], [-43.1807739, -22.965774699999997], [-43.1808262, -22.9657972], [-43.180868, -22.965719200000002], [-43.1808541, -22.965710600000005], [-43.180868, -22.965691399999997], [-43.18089590000001, -22.965698799999988], [-43.180926, -22.9656475], [-43.1809144, -22.965643300000004], [-43.1809214, -22.9656219], [-43.1808294, -22.965578299999994]]]}}, {"type": "Feature", "properties": {"osm_id": "way/1041990738", "building": "yes"}, "geometry": {"type": "Polygon", "coordinates": [[[-43.1806671, -22.9658806], [-43.1807452, -22.965915300000002], [-43.1807681, -22.965925399999993], [-43.180789, -22.965893400000002], [-43.1808169, -22.965907299999998], [-43.1808018, -22.9659447], [-43.1808761, -22.965977799999994], [-43.1808924, -22.965944700000005], [-43.1808541, -22.965932899999995], [-43.1808761, -22.96589019999999], [-43.1809191, -22.965911499999994], [-43.1809319, -22.965880499999997], [-43.1808564, -22.965848500000003], [-43.1808401, -22.965874100000004], [-43.1808006, -22.965859200000004], [-43.18081110000001, -22.965825], [-43.1807554, -22.9658004], [-43.1807223, -22.965777699999997], [-43.1806671, -22.9658806]]]}}, {"type": "Feature", "properties": {"osm_id": "way/1041990739", "building": "yes"}, "geometry": {"type": "Polygon", "coordinates": [[[-43.1808088, -22.965982099999998], [-43.18081230000001, -22.965967099999993], [-43.1808053, -22.965960699999997], [-43.1807797, -22.9659639], [-43.1807426, -22.965939300000002], [-43.1807452, -22.965915300000002], [-43.1806671, -22.9658806], [-43.1806323, -22.9659618], [-43.1806613, -22.965998099999997], [-43.1807948, -22.9661061], [-43.1808506, -22.9660259], [-43.1808088, -22.965982099999998]]]}}, {"type": "Feature", "properties": {"osm_id": "way/1041990740", "building": "yes"}, "geometry": {"type": "Polygon", "coordinates": [[[-43.1805582, -22.9657751], [-43.1804349, -22.965700000000002], [-43.1804029, -22.9657445], [-43.1803513, -22.965712999999994], [-43.1803263, -22.965747699999998], [-43.1802898, -22.9657986], [-43.1804647, -22.965905199999998], [-43.1804979, -22.965858899999997], [-43.1805582, -22.9657751]]]}}, {"type": "Feature", "properties": {"osm_id": "way/1041990741", "building": "yes"}, "geometry": {"type": "Polygon", "coordinates": [[[-43.1803499, -22.965262799999998], [-43.1802764, -22.965356899999996], [-43.1803015, -22.9653729], [-43.1802713, -22.965412700000005], [-43.1802417, -22.965393699999996], [-43.180164, -22.965495800000003], [-43.1802808, -22.965571100000002], [-43.1803592, -22.965468000000005], [-43.1803272, -22.9654474], [-43.180349, -22.9654186], [-43.1803821, -22.965439899999996], [-43.1803977, -22.9654194], [-43.1804627, -22.9653339], [-43.1803499, -22.965262799999998]]]}}, {"type": "Feature", "properties": {"osm_id": "way/1041990742", "building": "yes"}, "geometry": {"type": "Polygon", "coordinates": [[[-43.1801063, -22.9651491], [-43.1800842, -22.965177399999998], [-43.1800713, -22.9651688], [-43.1800456, -22.965201699999998], [-43.1800245, -22.965228799999995], [-43.1800619, -22.965253599999997], [-43.18002990000001, -22.96529469999999], [-43.1801096, -22.965347499999996], [-43.1801523, -22.965292799999997], [-43.1801178, -22.9652699], [-43.1801482, -22.965231], [-43.1801809, -22.965252699999997], [-43.1802333, -22.965185599999995], [-43.1801307, -22.965117699999997], [-43.1801063, -22.9651491]]]}}, {"type": "Feature", "properties": {"osm_id": "way/1041990743", "building": "yes"}, "geometry": {"type": "Polygon", "coordinates": [[[-43.1802333, -22.965185599999995], [-43.1801809, -22.965252699999997], [-43.1802082, -22.965270699999998], [-43.1801652, -22.96532579999999], [-43.1802232, -22.965364200000003], [-43.1802451, -22.965336199999996], [-43.1802764, -22.965356899999996], [-43.1803499, -22.965262799999998], [-43.1802333, -22.965185599999995]]]}}, {"type": "Feature", "properties": {"osm_id": "way/1041990744", "building": "yes"}, "geometry": {"type": "Polygon", "coordinates": [[[-43.1800363, -22.965053699999995], [-43.17995, -22.9651616], [-43.1800006, -22.965195899999994], [-43.1800134, -22.9651799], [-43.1800456, -22.965201699999998], [-43.1800713, -22.9651688], [-43.180055, -22.965157699999992], [-43.1800775, -22.965129600000004], [-43.1801063, -22.9651491], [-43.1801307, -22.965117699999997], [-43.1800363, -22.965053699999995]]]}}, {"type": "Feature", "properties": {"osm_id": "way/1042041740", "building": "yes"}, "geometry": {"type": "Polygon", "coordinates": [[[-43.1803493, -22.966500699999994], [-43.1803161, -22.9665541], [-43.1802574, -22.9666487], [-43.1804236, -22.9667308], [-43.18046410000001, -22.966666100000005], [-43.1803844, -22.96662999999999], [-43.1803965, -22.96660759999999], [-43.1804708, -22.966651199999998], [-43.1804901, -22.966618199999996], [-43.18051, -22.966584000000005], [-43.1803493, -22.966500699999994]]]}}, {"type": "Feature", "properties": {"osm_id": "way/1042041741", "building": "yes"}, "geometry": {"type": "Polygon", "coordinates": [[[-43.1805964, -22.966621300000003], [-43.1804901, -22.966618199999996], [-43.1804708, -22.966651199999998], [-43.18046410000001, -22.966666100000005], [-43.1804236, -22.9667308], [-43.1804465, -22.966742000000004], [-43.1806329, -22.966759400000004], [-43.1805964, -22.966621300000003]]]}}, {"type": "Feature", "properties": {"osm_id": "way/1042041742", "building": "yes"}, "geometry": {"type": "Polygon", "coordinates": [[[-43.1808071, -22.96662379999999], [-43.18083140000001, -22.966620100000004], [-43.1808166, -22.966351499999995], [-43.180799, -22.966348999999997], [-43.1806667, -22.9664298], [-43.1806667, -22.9665355], [-43.1808071, -22.96662379999999]]]}}, {"type": "Feature", "properties": {"osm_id": "way/1042041743", "building": "yes"}, "geometry": {"type": "Polygon", "coordinates": [[[-43.1804189, -22.966252300000004], [-43.1805336, -22.9660405], [-43.1805021, -22.9660264], [-43.1804924, -22.966049299999998], [-43.1804681, -22.96606299999999], [-43.1804101, -22.966030599999996], [-43.1803007, -22.966229599999995], [-43.180411, -22.9662668], [-43.1804189, -22.966252300000004]]]}}, {"type": "Feature", "properties": {"osm_id": "way/1042041744", "building": "yes"}, "geometry": {"type": "Polygon", "coordinates": [[[-43.1804189, -22.966252300000004], [-43.18050730000001, -22.9663042], [-43.1806209, -22.966123099999997], [-43.180638300000005, -22.966095300000006], [-43.1805336, -22.9660405], [-43.1804189, -22.966252300000004]]]}}, {"type": "Feature", "properties": {"osm_id": "way/1042041745", "building": "yes"}, "geometry": {"type": "Polygon", "coordinates": [[[-43.1805748, -22.966343999999996], [-43.1806869, -22.966156200000004], [-43.1806451, -22.9661338], [-43.1806209, -22.966123099999997], [-43.18050730000001, -22.9663042], [-43.1805748, -22.966343999999996]]]}}, {"type": "Feature", "properties": {"osm_id": "way/1042041746", "building": "yes"}, "geometry": {"type": "Polygon", "coordinates": [[[-43.1800608, -22.96604849999999], [-43.18018180000001, -22.965898799999998], [-43.1800643, -22.965831200000004], [-43.1799738, -22.965911199999994], [-43.18000760000001, -22.9659336], [-43.1799581, -22.966002499999995], [-43.1800608, -22.96604849999999]]]}}, {"type": "Feature", "properties": {"osm_id": "way/1042041747", "building": "yes"}, "geometry": {"type": "Polygon", "coordinates": [[[-43.1805582, -22.9657751], [-43.1806521, -22.9656181], [-43.1805445, -22.9655522], [-43.180502, -22.965526199999992], [-43.1804327, -22.965622199999995], [-43.1804898, -22.965657200000003], [-43.1804551, -22.965705299999996], [-43.1805582, -22.9657751]]]}}, {"type": "Feature", "properties": {"osm_id": "way/1042041770", "building": "yes"}, "geometry": {"type": "Polygon", "coordinates": [[[-43.1794595, -22.9650533], [-43.17945792682078, -22.965052459323505], [-43.17938692772459, -22.96511439183113], [-43.1794124, -22.965127999999993], [-43.1794595, -22.9650533]]]}}, {"type": "Feature", "properties": {"osm_id": "way/1042041773", "building": "yes"}, "geometry": {"type": "Polygon", "coordinates": [[[-43.1802605, -22.965775099999995], [-43.1802942, -22.965728199999994], [-43.1803263, -22.965747699999998], [-43.1803513, -22.965712999999994], [-43.1803947, -22.965652699999993], [-43.1802778, -22.965581499999995], [-43.1801757, -22.9657234], [-43.1802605, -22.965775099999995]]]}}, {"type": "Feature", "properties": {"osm_id": "way/1042041774", "building": "yes"}, "geometry": {"type": "Polygon", "coordinates": [[[-43.1800803, -22.966061499999995], [-43.1802285, -22.966110200000003], [-43.1803175, -22.965954699999994], [-43.1802014, -22.965908399999996], [-43.1800803, -22.966061499999995]]]}}, {"type": "Feature", "properties": {"osm_id": "way/1042041775", "building": "yes"}, "geometry": {"type": "Polygon", "coordinates": [[[-43.1800803, -22.966061499999995], [-43.1800042, -22.9661719], [-43.1800519, -22.966192099999994], [-43.1801357, -22.9661862], [-43.1801898, -22.96619799999999], [-43.1802285, -22.966110200000003], [-43.1800803, -22.966061499999995]]]}}, {"type": "Feature", "properties": {"osm_id": "way/1042041776", "building": "yes"}, "geometry": {"type": "Polygon", "coordinates": [[[-43.180302, -22.9663262], [-43.1802195, -22.9664426], [-43.1802749, -22.9664758], [-43.180253, -22.966510199999995], [-43.18020270000001, -22.966488900000005], [-43.1801559, -22.966564399999992], [-43.1802574, -22.9666487], [-43.1803161, -22.9665541], [-43.1802835, -22.966538599999996], [-43.1803064, -22.966496699999993], [-43.1803493, -22.966500699999994], [-43.1804206, -22.966368999999997], [-43.180302, -22.9663262]]]}}, {"type": "Feature", "properties": {"osm_id": "way/1042041777", "building": "yes"}, "geometry": {"type": "Polygon", "coordinates": [[[-43.1810332, -22.9668232], [-43.1810314, -22.966629299999997], [-43.1809334, -22.9666343], [-43.1809261, -22.966716199999993], [-43.1808972, -22.966719299999998], [-43.1808972, -22.96673689999999], [-43.1808859, -22.9667421], [-43.1808814, -22.966771099999995], [-43.1808657, -22.9667711], [-43.1808699, -22.966821499999995], [-43.1810332, -22.9668232]]]}}, {"type": "Feature", "properties": {"osm_id": "way/1042041778", "building": "yes"}, "geometry": {"type": "Polygon", "coordinates": [[[-43.1805682, -22.967424499999996], [-43.1806004, -22.967445199999997], [-43.1807164, -22.9672954], [-43.1806622, -22.967258499999996], [-43.1806539, -22.967267699999994], [-43.1806238, -22.967250800000006], [-43.1806013, -22.967275399999995], [-43.18057120000001, -22.967266199999997], [-43.1804845, -22.9673707], [-43.1805682, -22.967424499999996]]]}}, {"type": "Feature", "properties": {"osm_id": "way/1042041779", "building": "yes"}, "geometry": {"type": "Polygon", "coordinates": [[[-43.180878, -22.9674867], [-43.1808835, -22.9673774], [-43.1808493, -22.967374799999998], [-43.1808507, -22.967358099999995], [-43.1808844, -22.967360699999993], [-43.1808894, -22.9672622], [-43.1807197, -22.967257099999994], [-43.1807164, -22.9672954], [-43.1807116, -22.967351699999995], [-43.18075, -22.967354499999992], [-43.1807483, -22.9673737], [-43.1807083, -22.9673708], [-43.1806995, -22.967473700000003], [-43.180878, -22.9674867]]]}}, {"type": "Feature", "properties": {"osm_id": "way/1042041780", "building": "yes"}, "geometry": {"type": "Polygon", "coordinates": [[[-43.1813968, -22.967503699999995], [-43.1814975, -22.967509], [-43.18150250000001, -22.9674198], [-43.18146, -22.9674168], [-43.1814591, -22.967383700000003], [-43.181505, -22.9673891], [-43.1815092, -22.9673046], [-43.1814067, -22.96729449999999], [-43.1813968, -22.967503699999995]]]}}, {"type": "Feature", "properties": {"osm_id": "way/1042041781", "building": "yes"}, "geometry": {"type": "Polygon", "coordinates": [[[-43.181505, -22.9673891], [-43.18150250000001, -22.9674198], [-43.1815721, -22.9674369], [-43.181648, -22.9673462], [-43.1815554, -22.967307000000005], [-43.1815092, -22.9673046], [-43.181505, -22.9673891]]]}}, {"type": "Feature", "properties": {"osm_id": "way/1042041782", "building": "yes"}, "geometry": {"type": "Polygon", "coordinates": [[[-43.1809202, -22.968178], [-43.1809823, -22.968223999999996], [-43.1810082, -22.968194499999996], [-43.1810351, -22.968214400000004], [-43.1810122, -22.968240599999994], [-43.1810683, -22.9682823], [-43.1814735, -22.9678194], [-43.1813283, -22.96771169999999], [-43.1809202, -22.968178]]]}}, {"type": "Feature", "properties": {"osm_id": "way/1042041783", "building": "yes"}, "geometry": {"type": "Polygon", "coordinates": [[[-43.1814955, -22.967519400000004], [-43.18141850000001, -22.967585199999995], [-43.1815767, -22.967704099999995], [-43.1816394, -22.9676296], [-43.1814955, -22.967519400000004]]]}}, {"type": "Feature", "properties": {"osm_id": "way/1042041784", "building": "yes"}, "geometry": {"type": "Polygon", "coordinates": [[[-43.1813255, -22.967688299999995], [-43.181486, -22.967818199999996], [-43.1815767, -22.967704099999995], [-43.18141850000001, -22.967585199999995], [-43.1813255, -22.967688299999995]]]}}, {"type": "Feature", "properties": {"osm_id": "way/1042041785", "building": "yes"}, "geometry": {"type": "Polygon", "coordinates": [[[-43.1810649, -22.968312899999997], [-43.1809129, -22.968211400000005], [-43.1808602, -22.968278199999997], [-43.1810122, -22.968379800000005], [-43.1810649, -22.968312899999997]]]}}, {"type": "Feature", "properties": {"osm_id": "way/1042043836", "building": "yes"}, "geometry": {"type": "Polygon", "coordinates": [[[-43.180177, -22.967787899999994], [-43.1802346, -22.967822500000004], [-43.180256, -22.967802800000005], [-43.1802947, -22.967828399999995], [-43.180273, -22.9678455], [-43.180316, -22.967871399999993], [-43.18033330000001, -22.967853199999993], [-43.1803728, -22.967878899999988], [-43.1803561, -22.96789539999999], [-43.1804047, -22.967924600000003], [-43.1804627, -22.967865599999996], [-43.180442000000006, -22.9678094], [-43.1804267, -22.9678011], [-43.180415, -22.967816799999994], [-43.1803665, -22.9677904], [-43.1803827, -22.967743099999993], [-43.18037530000001, -22.9677382], [-43.180345, -22.9677465], [-43.1803297, -22.967766400000006], [-43.1802893, -22.967745699999995], [-43.1803069, -22.967724199999996], [-43.1802576, -22.9676926], [-43.180177, -22.967787899999994]]]}}, {"type": "Feature", "properties": {"osm_id": "way/1042043837", "building": "yes"}, "geometry": {"type": "Polygon", "coordinates": [[[-43.1818721, -22.967993399999997], [-43.1818906, -22.967967599999998], [-43.18191, -22.967979499999995], [-43.1819208, -22.967964499999997], [-43.18182780000001, -22.9679077], [-43.1816951, -22.967822799999997], [-43.1816596, -22.967863699999995], [-43.1818721, -22.967993399999997]]]}}, {"type": "Feature", "properties": {"osm_id": "way/1042043838", "building": "yes"}, "geometry": {"type": "Polygon", "coordinates": [[[-43.182086, -22.9676177], [-43.1819329, -22.9678076], [-43.1818976, -22.967851299999996], [-43.1820905, -22.9679849], [-43.1822811, -22.9677514], [-43.182086, -22.9676177]]]}}, {"type": "Feature", "properties": {"osm_id": "way/1042043839", "building": "yes"}, "geometry": {"type": "Polygon", "coordinates": [[[-43.1817999, -22.967751999999997], [-43.1816951, -22.967822799999997], [-43.18182780000001, -22.9679077], [-43.18184910000001, -22.967876799999992], [-43.1818655, -22.967886299999996], [-43.1818976, -22.967851299999996], [-43.1818685, -22.9678406], [-43.1818869, -22.967813799999988], [-43.1817999, -22.967751999999997]]]}}, {"type": "Feature", "properties": {"osm_id": "way/1042043840", "building": "yes"}, "geometry": {"type": "Polygon", "coordinates": [[[-43.1818869, -22.967813799999988], [-43.1818925, -22.967822099999996], [-43.18191480000001, -22.96779490000001], [-43.1819329, -22.9678076], [-43.182086, -22.9676177], [-43.1819853, -22.9675569], [-43.1819557, -22.967566000000005], [-43.1817999, -22.967751999999997], [-43.1818869, -22.967813799999988]]]}}, {"type": "Feature", "properties": {"osm_id": "way/1042043841", "building": "yes"}, "geometry": {"type": "Polygon", "coordinates": [[[-43.1822811, -22.9677514], [-43.1820905, -22.9679849], [-43.1821757, -22.968043799999997], [-43.1823662, -22.967810299999996], [-43.1822811, -22.9677514]]]}}, {"type": "Feature", "properties": {"osm_id": "way/1042043842", "building": "yes"}, "geometry": {"type": "Polygon", "coordinates": [[[-43.1821757, -22.968043799999997], [-43.1822553, -22.968098699999995], [-43.1823358, -22.968003000000003], [-43.182286, -22.967967499999993], [-43.1823237, -22.9679227], [-43.1823737, -22.967953799999993], [-43.1824451, -22.967862699999994], [-43.1823662, -22.967810299999996], [-43.1821757, -22.968043799999997]]]}}, {"type": "Feature", "properties": {"osm_id": "way/1042043843", "building": "yes"}, "geometry": {"type": "Polygon", "coordinates": [[[-43.1823737, -22.967953799999993], [-43.1823996, -22.96797109999999], [-43.18237130000001, -22.9680071], [-43.1824291, -22.9680486], [-43.1824532, -22.968013599999995], [-43.1824896, -22.9680368], [-43.18256360000001, -22.967942299999994], [-43.1824451, -22.967862699999994], [-43.1823737, -22.967953799999993]]]}}, {"type": "Feature", "properties": {"osm_id": "way/1042043844", "building": "yes"}, "geometry": {"type": "Polygon", "coordinates": [[[-43.1824896, -22.9680368], [-43.182528, -22.968062299999993], [-43.1825012, -22.968096500000005], [-43.1825416, -22.9681234], [-43.1825705, -22.968086599999996], [-43.1826111, -22.968116499999997], [-43.1826424, -22.96807169999999], [-43.1826827, -22.968021400000005], [-43.18256360000001, -22.967942299999994], [-43.1824896, -22.9680368]]]}}, {"type": "Feature", "properties": {"osm_id": "way/1042043845", "building": "yes"}, "geometry": {"type": "Polygon", "coordinates": [[[-43.1826424, -22.96807169999999], [-43.182668, -22.968089800000005], [-43.1827262, -22.968128500000002], [-43.1827832, -22.9680573], [-43.1827084, -22.968006499999998], [-43.1826827, -22.968021400000005], [-43.1826424, -22.96807169999999]]]}}, {"type": "Feature", "properties": {"osm_id": "way/1042043846", "building": "yes"}, "geometry": {"type": "Polygon", "coordinates": [[[-43.182668, -22.968089800000005], [-43.1826347, -22.9681322], [-43.1826111, -22.968116499999997], [-43.1825837, -22.9681514], [-43.1826422, -22.968190299999996], [-43.182668, -22.96820269999999], [-43.1827262, -22.968128500000002], [-43.182668, -22.968089800000005]]]}}, {"type": "Feature", "properties": {"osm_id": "way/1042043847", "building": "yes"}, "geometry": {"type": "Polygon", "coordinates": [[[-43.1825859, -22.968262099999997], [-43.1824932, -22.968200399999997], [-43.1824594, -22.968175], [-43.1823743, -22.968118399999994], [-43.1823173, -22.968186399999993], [-43.18242, -22.968260299999997], [-43.1824411, -22.968234500000005], [-43.1824736, -22.968251799999997], [-43.1824494, -22.968281399999995], [-43.1825279, -22.968337900000005], [-43.1825859, -22.968262099999997]]]}}, {"type": "Feature", "properties": {"osm_id": "way/1042043848", "building": "yes"}, "geometry": {"type": "Polygon", "coordinates": [[[-43.1824594, -22.968175], [-43.1824839, -22.96814369999999], [-43.1825193, -22.968167199999996], [-43.1824932, -22.968200399999997], [-43.1825859, -22.968262099999997], [-43.1826422, -22.968190299999996], [-43.1825837, -22.9681514], [-43.1825416, -22.9681234], [-43.1825012, -22.968096500000005], [-43.1824291, -22.9680486], [-43.1823743, -22.968118399999994], [-43.1824594, -22.968175]]]}}, {"type": "Feature", "properties": {"osm_id": "way/1042043849", "building": "yes"}, "geometry": {"type": "Polygon", "coordinates": [[[-43.181688, -22.9690803], [-43.1817799, -22.968970999999993], [-43.181787400000005, -22.968947599999996], [-43.1817547, -22.968930399999998], [-43.1817407, -22.9689443], [-43.1817162, -22.968925], [-43.1817711, -22.968851899999994], [-43.1817082, -22.968814899999998], [-43.18167650000001, -22.968868], [-43.1816323, -22.9688458], [-43.181526600000005, -22.968970099999993], [-43.181688, -22.9690803]]]}}, {"type": "Feature", "properties": {"osm_id": "way/1042043850", "building": "yes"}, "geometry": {"type": "Polygon", "coordinates": [[[-43.1814405, -22.96816859999999], [-43.1816465, -22.968322500000003], [-43.1816889, -22.968272900000002], [-43.1814816, -22.968120499999998], [-43.1814405, -22.96816859999999]]]}}, {"type": "Feature", "properties": {"osm_id": "way/1042043851", "building": "yes"}, "geometry": {"type": "Polygon", "coordinates": [[[-43.1831699, -22.969213799999995], [-43.1828845, -22.9690171], [-43.1827861, -22.96913809999999], [-43.1830715, -22.9693349], [-43.1831699, -22.969213799999995]]]}}, {"type": "Feature", "properties": {"osm_id": "way/1042045589", "building": "yes"}, "geometry": {"type": "Polygon", "coordinates": [[[-43.1864265, -22.973952799999996], [-43.1864755, -22.974024799999995], [-43.1865563, -22.9739772], [-43.1864993, -22.9739114], [-43.1864265, -22.973952799999996]]]}}, {"type": "Feature", "properties": {"osm_id": "way/1042045591", "building": "roof", "layer": "1"}, "geometry": {"type": "Polygon", "coordinates": [[[-43.1883474, -22.976215600000003], [-43.1882709, -22.976081899999997], [-43.1881991, -22.976116699999995], [-43.1882756, -22.9762504], [-43.1883474, -22.976215600000003]]]}}, {"type": "Feature", "properties": {"osm_id": "way/1042049438", "building": "roof", "layer": "1"}, "geometry": {"type": "Polygon", "coordinates": [[[-43.1774797, -22.967329400000004], [-43.1774338, -22.9673412], [-43.1774465, -22.96738300000001], [-43.1774925, -22.967371199999995], [-43.1774797, -22.967329400000004]]]}}, {"type": "Feature", "properties": {"osm_id": "way/1042049439", "building": "roof"}, "geometry": {"type": "Polygon", "coordinates": [[[-43.1773318, -22.9672448], [-43.1772818, -22.9672579], [-43.1772964, -22.967304899999995], [-43.1773464, -22.967291699999993], [-43.1773318, -22.9672448]]]}}, {"type": "Feature", "properties": {"osm_id": "way/1042049440", "building": "roof", "layer": "1"}, "geometry": {"type": "Polygon", "coordinates": [[[-43.1782253, -22.967740199999998], [-43.1781721, -22.9677529], [-43.178185, -22.967799200000005], [-43.1782382, -22.967786600000004], [-43.1782253, -22.967740199999998]]]}}, {"type": "Feature", "properties": {"osm_id": "way/1042049441", "building": "roof", "layer": "1"}, "geometry": {"type": "Polygon", "coordinates": [[[-43.1780583, -22.967649299999998], [-43.1780056, -22.9676619], [-43.1780192, -22.9677097], [-43.1780719, -22.967697099999995], [-43.1780583, -22.967649299999998]]]}}, {"type": "Feature", "properties": {"osm_id": "way/1042049442", "building": "roof", "layer": "1"}, "geometry": {"type": "Polygon", "coordinates": [[[-43.1794738, -22.968458699999996], [-43.1794164, -22.968465699999996], [-43.1794234, -22.968513999999992], [-43.1794808, -22.968506999999992], [-43.1794738, -22.968458699999996]]]}}, {"type": "Feature", "properties": {"osm_id": "way/1042049443", "building": "roof", "layer": "1"}, "geometry": {"type": "Polygon", "coordinates": [[[-43.1793035, -22.9683604], [-43.17925150000001, -22.968369699999997], [-43.1792619, -22.968418399999997], [-43.17931380000001, -22.968409099999995], [-43.1793035, -22.9683604]]]}}, {"type": "Feature", "properties": {"osm_id": "way/1042049444", "building": "roof", "layer": "1"}, "geometry": {"type": "Polygon", "coordinates": [[[-43.1806083, -22.9691649], [-43.1805635, -22.969170199999997], [-43.1805695, -22.969212899999995], [-43.1806143, -22.96920759999999], [-43.1806083, -22.9691649]]]}}, {"type": "Feature", "properties": {"osm_id": "way/1042049445", "building": "roof", "layer": "1"}, "geometry": {"type": "Polygon", "coordinates": [[[-43.1807698, -22.969260999999996], [-43.1807222, -22.96926849999999], [-43.1807311, -22.9693171], [-43.1807788, -22.969309700000004], [-43.1807698, -22.969260999999996]]]}}, {"type": "Feature", "properties": {"osm_id": "way/1042050700", "building": "roof", "layer": "1"}, "geometry": {"type": "Polygon", "coordinates": [[[-43.1814032, -22.9696779], [-43.1813486, -22.969685099999996], [-43.1813565, -22.969735500000002], [-43.1814111, -22.9697283], [-43.1814032, -22.9696779]]]}}, {"type": "Feature", "properties": {"osm_id": "way/1042050701", "building": "roof", "layer": "1"}, "geometry": {"type": "Polygon", "coordinates": [[[-43.1812428, -22.969575999999993], [-43.1811977, -22.969581799999997], [-43.1812039, -22.969622499999993], [-43.181249, -22.969616599999995], [-43.1812428, -22.969575999999993]]]}}, {"type": "Feature", "properties": {"osm_id": "way/1042050703", "building": "yes", "emergency": "lifeguard"}, "geometry": {"type": "Polygon", "coordinates": [[[-43.1818536, -22.970147000000004], [-43.1818621, -22.970142299999996], [-43.1818727, -22.9701356], [-43.1818798, -22.970126399999995], [-43.1818823, -22.97011549999999], [-43.1818813, -22.970102900000004], [-43.1818587, -22.970109299999994], [-43.1818485, -22.9701183], [-43.1818436, -22.970132200000002], [-43.1818452, -22.970148499999997], [-43.1818536, -22.970147000000004]]]}}, {"type": "Feature", "properties": {"osm_id": "way/1042050704", "building": "roof", "layer": "1"}, "geometry": {"type": "Polygon", "coordinates": [[[-43.1831987, -22.971004999999995], [-43.1832014, -22.9710504], [-43.1832563, -22.971047599999995], [-43.1832536, -22.971002299999988], [-43.1831987, -22.971004999999995]]]}}, {"type": "Feature", "properties": {"osm_id": "way/1042050705", "building": "roof", "layer": "1"}, "geometry": {"type": "Polygon", "coordinates": [[[-43.1831067, -22.9708861], [-43.1830542, -22.97088829999999], [-43.1830567, -22.970937899999985], [-43.1831092, -22.97093569999999], [-43.1831067, -22.9708861]]]}}, {"type": "Feature", "properties": {"osm_id": "way/1042050706", "building": "roof", "layer": "1"}, "geometry": {"type": "Polygon", "coordinates": [[[-43.1837845, -22.9714969], [-43.183785, -22.971541099999992], [-43.1838341, -22.9715406], [-43.1838336, -22.9714964], [-43.1837845, -22.9714969]]]}}, {"type": "Feature", "properties": {"osm_id": "way/1042050707", "building": "roof", "layer": "1"}, "geometry": {"type": "Polygon", "coordinates": [[[-43.1836417, -22.97137149999999], [-43.1836429, -22.971419099999995], [-43.1836929, -22.971418000000003], [-43.1836917, -22.971370399999998], [-43.1836417, -22.97137149999999]]]}}, {"type": "Feature", "properties": {"osm_id": "way/1047144242", "building": "yes"}, "geometry": {"type": "Polygon", "coordinates": [[[-43.1897763, -22.979476600000005], [-43.1899592, -22.979440499999995], [-43.1899119, -22.979237700000002], [-43.1896993, -22.979279699999996], [-43.1897466, -22.979482499999996], [-43.1897763, -22.979476600000005]]]}}, {"type": "Feature", "properties": {"osm_id": "way/1047144243", "building": "yes"}, "geometry": {"type": "Polygon", "coordinates": [[[-43.1899119, -22.979237700000002], [-43.1898841, -22.979118699999994], [-43.1896715, -22.9791607], [-43.1896993, -22.979279699999996], [-43.1899119, -22.979237700000002]]]}}, {"type": "Feature", "properties": {"osm_id": "way/1047144244", "building": "yes"}, "geometry": {"type": "Polygon", "coordinates": [[[-43.1898013, -22.979584099999997], [-43.1899842, -22.9795479], [-43.1899592, -22.979440499999995], [-43.1897763, -22.979476600000005], [-43.1898013, -22.979584099999997]]]}}, {"type": "Feature", "properties": {"osm_id": "way/1047144245", "building": "yes"}, "geometry": {"type": "Polygon", "coordinates": [[[-43.1899765, -22.979858399999994], [-43.1899826, -22.979884800000008], [-43.1900593, -22.979869699999995], [-43.1900305, -22.97974599999999], [-43.1899607, -22.979759799999997], [-43.1899405, -22.9796732], [-43.1898273, -22.9796955], [-43.189850609519816, -22.979795421281718], [-43.18992503672979, -22.979868566789488], [-43.1899765, -22.979858399999994]]]}}, {"type": "Feature", "properties": {"osm_id": "way/1047144246", "building": "yes"}, "geometry": {"type": "Polygon", "coordinates": [[[-43.1906109, -22.978380499999993], [-43.1903302, -22.978443699999996], [-43.1903761, -22.9786166], [-43.1903986, -22.978611499999992], [-43.190644, -22.978556299999997], [-43.1906568, -22.9785534], [-43.1906109, -22.978380499999993]]]}}, {"type": "Feature", "properties": {"osm_id": "way/1047144247", "building": "yes"}, "geometry": {"type": "Polygon", "coordinates": [[[-43.1903986, -22.978611499999992], [-43.1904212, -22.978696299999992], [-43.1906665, -22.978641099999997], [-43.190644, -22.978556299999997], [-43.1903986, -22.978611499999992]]]}}, {"type": "Feature", "properties": {"osm_id": "way/1047144248", "building": "yes"}, "geometry": {"type": "Polygon", "coordinates": [[[-43.1898632, -22.97844750000001], [-43.18991, -22.978617600000003], [-43.1901345, -22.978565299999996], [-43.1901895, -22.978552499999992], [-43.1901428, -22.9783824], [-43.1898632, -22.97844750000001]]]}}, {"type": "Feature", "properties": {"osm_id": "way/1047144249", "building": "yes"}, "geometry": {"type": "Polygon", "coordinates": [[[-43.1901585, -22.978652600000004], [-43.1901345, -22.978565299999996], [-43.18991, -22.978617600000003], [-43.189903, -22.978619199999997], [-43.189927, -22.978706499999998], [-43.1901585, -22.978652600000004]]]}}, {"type": "Feature", "properties": {"osm_id": "way/1047144250", "building": "yes"}, "geometry": {"type": "Polygon", "coordinates": [[[-43.1901428, -22.9783824], [-43.19010080000001, -22.978229399999996], [-43.1901759, -22.9782119], [-43.1901545, -22.978133899999996], [-43.18979980000001, -22.978216499999995], [-43.1898632, -22.97844750000001], [-43.1901428, -22.9783824]]]}}, {"type": "Feature", "properties": {"osm_id": "way/1047144251", "building": "yes"}, "geometry": {"type": "Polygon", "coordinates": [[[-43.1901759, -22.9782119], [-43.1901791, -22.9782249], [-43.1902292, -22.9782136], [-43.1902458, -22.978275999999994], [-43.1902834, -22.9782676], [-43.1905641, -22.978204399999996], [-43.1905826, -22.978200199999996], [-43.1905435, -22.978052999999996], [-43.1904949, -22.978063999999993], [-43.1901545, -22.978133899999996], [-43.1901759, -22.9782119]]]}}, {"type": "Feature", "properties": {"osm_id": "way/1047144252", "building": "yes"}, "geometry": {"type": "Polygon", "coordinates": [[[-43.1902834, -22.9782676], [-43.1903302, -22.978443699999996], [-43.1906109, -22.978380499999993], [-43.1905641, -22.978204399999996], [-43.1902834, -22.9782676]]]}}, {"type": "Feature", "properties": {"osm_id": "way/1047144253", "building": "yes"}, "geometry": {"type": "Polygon", "coordinates": [[[-43.1908158, -22.978241800000003], [-43.1908578, -22.978418599999998], [-43.1910693, -22.978365700000005], [-43.1911014, -22.9783577], [-43.1910578, -22.978188400000004], [-43.1908158, -22.978241800000003]]]}}, {"type": "Feature", "properties": {"osm_id": "way/1047144254", "building": "yes"}, "geometry": {"type": "Polygon", "coordinates": [[[-43.1908578, -22.978418599999998], [-43.1908868, -22.9785627], [-43.1911014, -22.97851809999999], [-43.1910693, -22.978365700000005], [-43.1908578, -22.978418599999998]]]}}, {"type": "Feature", "properties": {"osm_id": "way/1047144255", "building": "yes"}, "geometry": {"type": "Polygon", "coordinates": [[[-43.1909304, -22.9786979], [-43.1911837, -22.978630999999996], [-43.1911627, -22.9785062], [-43.1911014, -22.97851809999999], [-43.1908868, -22.9785627], [-43.1909304, -22.9786979]]]}}, {"type": "Feature", "properties": {"osm_id": "way/1047144256", "building": "yes"}, "geometry": {"type": "Polygon", "coordinates": [[[-43.1910578, -22.978188400000004], [-43.1910255, -22.978071], [-43.1907932, -22.97812], [-43.1908158, -22.978241800000003], [-43.1910578, -22.978188400000004]]]}}, {"type": "Feature", "properties": {"osm_id": "way/1047144257", "building": "yes"}, "geometry": {"type": "Polygon", "coordinates": [[[-43.1910255, -22.978071], [-43.1910981, -22.9780606], [-43.1910659, -22.977921000000002], [-43.1907464, -22.9779893], [-43.19077390000001, -22.97812], [-43.1907932, -22.97812], [-43.1910255, -22.978071]]]}}, {"type": "Feature", "properties": {"osm_id": "way/1047144258", "building": "yes"}, "geometry": {"type": "Polygon", "coordinates": [[[-43.1911288, -22.978160099999997], [-43.1912885, -22.978109599999996], [-43.1912159, -22.977889799999996], [-43.1910659, -22.977921000000002], [-43.1910981, -22.9780606], [-43.1911288, -22.978160099999997]]]}}, {"type": "Feature", "properties": {"osm_id": "way/1047144259", "building": "yes"}, "geometry": {"type": "Polygon", "coordinates": [[[-43.1917676, -22.9786014], [-43.1918127, -22.9785821], [-43.1918402, -22.978509299999995], [-43.191824, -22.9784573], [-43.1918047, -22.978386], [-43.1917874, -22.978387299999998], [-43.191745, -22.978390400000002], [-43.1917563, -22.978488499999997], [-43.1917208, -22.9785152], [-43.1916692, -22.9785241], [-43.1916853, -22.978616199999998], [-43.1917676, -22.9786014]]]}}, {"type": "Feature", "properties": {"osm_id": "way/1047144260", "building": "yes"}, "geometry": {"type": "Polygon", "coordinates": [[[-43.1915901, -22.9785434], [-43.1915724, -22.978433500000005], [-43.1914763, -22.978452299999997], [-43.1914659, -22.978454299999996], [-43.1915094, -22.978629599999998], [-43.1915675, -22.978645899999993], [-43.1916627, -22.978620699999997], [-43.1916466, -22.9785345], [-43.1915901, -22.9785434]]]}}, {"type": "Feature", "properties": {"osm_id": "way/1047144261", "building": "yes"}, "geometry": {"type": "Polygon", "coordinates": [[[-43.1917498, -22.97823749999999], [-43.1916014, -22.978273099999996], [-43.1916143, -22.978304299999998], [-43.1916433, -22.978298399999996], [-43.1916595, -22.9783667], [-43.1916304, -22.978378599999996], [-43.1916369, -22.978420200000002], [-43.191745, -22.978390400000002], [-43.1917874, -22.978387299999998], [-43.1917498, -22.97823749999999]]]}}, {"type": "Feature", "properties": {"osm_id": "way/1047144262", "building": "yes"}, "geometry": {"type": "Polygon", "coordinates": [[[-43.1915974, -22.978102999999997], [-43.1916046, -22.97813500000001], [-43.1915724, -22.9781424], [-43.1915788, -22.978192899999993], [-43.1917256, -22.978158699999994], [-43.1917159, -22.97808], [-43.1915974, -22.978102999999997]]]}}, {"type": "Feature", "properties": {"osm_id": "way/1047144263", "building": "yes"}, "geometry": {"type": "Polygon", "coordinates": [[[-43.1914336, -22.977845299999995], [-43.1914365, -22.9778541], [-43.1914788, -22.977982000000004], [-43.19153360000001, -22.977983499999997], [-43.1915611, -22.978038400000006], [-43.1915885, -22.978029499999998], [-43.1915417, -22.977827500000004], [-43.1914336, -22.977845299999995]]]}}, {"type": "Feature", "properties": {"osm_id": "way/1047144264", "building": "yes"}, "geometry": {"type": "Polygon", "coordinates": [[[-43.1915885, -22.978029499999998], [-43.1916804, -22.978002799999995], [-43.19163850000001, -22.9778022], [-43.1915417, -22.977827500000004], [-43.1915885, -22.978029499999998]]]}}, {"type": "Feature", "properties": {"osm_id": "way/1047144265", "building": "yes"}, "geometry": {"type": "Polygon", "coordinates": [[[-43.1894003, -22.9783082], [-43.1894587, -22.9785597], [-43.1897155, -22.978508099999996], [-43.1896548, -22.978243700000004], [-43.1894003, -22.9783082]]]}}, {"type": "Feature", "properties": {"osm_id": "way/1047144266", "building": "yes"}, "geometry": {"type": "Polygon", "coordinates": [[[-43.1920659, -22.977933599999997], [-43.1922764, -22.977882499999996], [-43.1922506, -22.977802500000003], [-43.1922111, -22.977680500000005], [-43.1919729, -22.9777299], [-43.1920196, -22.977944899999994], [-43.1920659, -22.977933599999997]]]}}, {"type": "Feature", "properties": {"osm_id": "way/1047144267", "building": "yes"}, "geometry": {"type": "Polygon", "coordinates": [[[-43.19235580000001, -22.978247999999994], [-43.1923839, -22.978334], [-43.192594, -22.978250100000004], [-43.192545, -22.978164200000002], [-43.19235580000001, -22.978247999999994]]]}}, {"type": "Feature", "properties": {"osm_id": "way/1047144268", "building": "yes"}, "geometry": {"type": "Polygon", "coordinates": [[[-43.192099, -22.9783684], [-43.1921078, -22.9783812], [-43.1921877, -22.978497399999995], [-43.1922391, -22.978435], [-43.1923839, -22.978334], [-43.1923255, -22.978258699999998], [-43.192099, -22.9783684]]]}}, {"type": "Feature", "properties": {"osm_id": "way/1047144269", "building": "yes"}, "geometry": {"type": "Polygon", "coordinates": [[[-43.1918421, -22.9786953], [-43.1918431, -22.9786996], [-43.1918865, -22.9788931], [-43.19209381536263, -22.97884088188422], [-43.19236686166815, -22.97860268955564], [-43.1918421, -22.9786953]]]}}, {"type": "Feature", "properties": {"osm_id": "way/1047241492", "building": "yes"}, "geometry": {"type": "Polygon", "coordinates": [[[-43.1931481, -22.977575499999997], [-43.1929302, -22.977633300000004], [-43.1929729, -22.977783], [-43.1932189, -22.977719399999998], [-43.1931701, -22.977569699999993], [-43.1931481, -22.977575499999997]]]}}, {"type": "Feature", "properties": {"osm_id": "way/1047241493", "building": "yes"}, "geometry": {"type": "Polygon", "coordinates": [[[-43.1931481, -22.977575499999997], [-43.1931355, -22.977522899999997], [-43.1931904, -22.9774836], [-43.1931579, -22.9773994], [-43.1929017, -22.9775154], [-43.1929302, -22.977633300000004], [-43.1931481, -22.977575499999997]]]}}, {"type": "Feature", "properties": {"osm_id": "way/1047241495", "addr:city": "Rio de Janeiro", "addr:housenumber": "39", "addr:postcode": "22061-040", "addr:street": "Rua Miguel Lemos", "addr:suburb": "Copacabana", "building": "yes"}, "geometry": {"type": "Polygon", "coordinates": [[[-43.1942998, -22.976878100000004], [-43.1941181, -22.9769677], [-43.194154411685616, -22.97704328391931], [-43.19431529467551, -22.976902931486983], [-43.1942998, -22.976878100000004]]]}}, {"type": "Feature", "properties": {"osm_id": "way/1047241496", "addr:city": "Rio de Janeiro", "addr:housenumber": "35", "addr:postcode": "22061-040", "addr:street": "Rua Miguel Lemos", "addr:suburb": "Copacabana", "building": "yes"}, "geometry": {"type": "Polygon", "coordinates": [[[-43.1941181, -22.9769677], [-43.1940041, -22.977019699999996], [-43.1940601192772, -22.977125543288608], [-43.194154411685616, -22.97704328391931], [-43.1941181, -22.9769677]]]}}, {"type": "Feature", "properties": {"osm_id": "way/1047241497", "addr:city": "Rio de Janeiro", "addr:housenumber": "31", "addr:postcode": "22061-040", "addr:street": "Rua Miguel Lemos", "addr:suburb": "Copacabana", "building": "yes"}, "geometry": {"type": "Polygon", "coordinates": [[[-43.1939011, -22.9770695], [-43.193969085827305, -22.977204959433298], [-43.1940601192772, -22.977125543288608], [-43.1940041, -22.977019699999996], [-43.1939011, -22.9770695]]]}}, {"type": "Feature", "properties": {"osm_id": "way/1047241498", "building": "yes"}, "geometry": {"type": "Polygon", "coordinates": [[[-43.19383671652577, -22.977320436050576], [-43.193969085827305, -22.977204959433298], [-43.1939011, -22.9770695], [-43.1936814, -22.977173700000005], [-43.1937815, -22.977327799999994], [-43.1937895, -22.977340200000004], [-43.19383671652577, -22.977320436050576]]]}}, {"type": "Feature", "properties": {"osm_id": "way/1047241499", "building": "yes"}, "geometry": {"type": "Polygon", "coordinates": [[[-43.1936814, -22.977173700000005], [-43.1935547, -22.977232799999992], [-43.1936493, -22.9774164], [-43.1937815, -22.977327799999994], [-43.1936814, -22.977173700000005]]]}}, {"type": "Feature", "properties": {"osm_id": "way/1047241500", "building": "yes"}, "geometry": {"type": "Polygon", "coordinates": [[[-43.1935141, -22.9774693], [-43.1934178, -22.977282599999995], [-43.1931579, -22.9773994], [-43.1931904, -22.9774836], [-43.1932573, -22.977592200000004], [-43.1935141, -22.9774693]]]}}, {"type": "Feature", "properties": {"osm_id": "way/1047241501", "building": "yes"}, "geometry": {"type": "Polygon", "coordinates": [[[-43.1935141, -22.9774693], [-43.1936493, -22.9774164], [-43.1935547, -22.977232799999992], [-43.1934178, -22.977282599999995], [-43.1935141, -22.9774693]]]}}, {"type": "Feature", "properties": {"osm_id": "way/1047241502", "building": "yes"}, "geometry": {"type": "Polygon", "coordinates": [[[-43.19346170000001, -22.977590600000006], [-43.1934026, -22.9775906], [-43.193287700000006, -22.977640399999995], [-43.193313, -22.977691700000005], [-43.193422034530464, -22.97768219514006], [-43.193468657286694, -22.977641522671487], [-43.19346170000001, -22.977590600000006]]]}}, {"type": "Feature", "properties": {"osm_id": "way/1047241506", "building": "yes"}, "geometry": {"type": "Polygon", "coordinates": [[[-43.1942964, -22.976865699999998], [-43.1942998, -22.976878100000004], [-43.19431529467551, -22.976902931486983], [-43.19439362291014, -22.976834598682068], [-43.1942964, -22.976865699999998]]]}}, {"type": "Feature", "properties": {"osm_id": "way/1047241515", "building": "yes"}, "geometry": {"type": "Polygon", "coordinates": [[[-43.1936353, -22.977486300000002], [-43.19359130000001, -22.977489399999996], [-43.193590294657476, -22.977535409234335], [-43.1936359358872, -22.97749559288292], [-43.1936353, -22.977486300000002]]]}}, {"type": "Feature", "properties": {"osm_id": "way/1047241515", "building": "yes"}, "geometry": {"type": "Polygon", "coordinates": [[[-43.19346170000001, -22.977590600000006], [-43.193468657286694, -22.977641522671487], [-43.19354436668666, -22.977575475693374], [-43.19346170000001, -22.977590600000006]]]}}, {"type": "Feature", "properties": {"osm_id": "way/1047246072", "building": "yes"}, "geometry": {"type": "Polygon", "coordinates": [[[-43.1947008, -22.976398599999992], [-43.1946419, -22.976518399999996], [-43.19472492820797, -22.97654556985207], [-43.19484465502852, -22.976441120368264], [-43.1947008, -22.976398599999992]]]}}, {"type": "Feature", "properties": {"osm_id": "way/1047246073", "building": "yes"}, "geometry": {"type": "Polygon", "coordinates": [[[-43.1944427, -22.976204], [-43.1943919, -22.9761815], [-43.1942719, -22.976378000000004], [-43.194337, -22.976426699999998], [-43.1944427, -22.976204]]]}}, {"type": "Feature", "properties": {"osm_id": "way/1047246074", "building": "yes"}, "geometry": {"type": "Polygon", "coordinates": [[[-43.1943919, -22.9761815], [-43.1943268, -22.976146000000004], [-43.1943162, -22.976159200000005], [-43.1941805, -22.976327499999996], [-43.1942719, -22.976378000000004], [-43.1943919, -22.9761815]]]}}, {"type": "Feature", "properties": {"osm_id": "way/1047246075", "building": "yes"}, "geometry": {"type": "Polygon", "coordinates": [[[-43.1943162, -22.976159200000005], [-43.1942618, -22.976110399999996], [-43.1941032, -22.976271399999998], [-43.1941805, -22.976327499999996], [-43.1943162, -22.976159200000005]]]}}, {"type": "Feature", "properties": {"osm_id": "way/1047246076", "building": "yes"}, "geometry": {"type": "Polygon", "coordinates": [[[-43.1942618, -22.976110399999996], [-43.1941906, -22.9760561], [-43.1940283, -22.976198699999994], [-43.1940138, -22.976211499999998], [-43.19408700000001, -22.976282600000008], [-43.1941032, -22.976271399999998], [-43.1942618, -22.976110399999996]]]}}, {"type": "Feature", "properties": {"osm_id": "way/1047246077", "building": "yes"}, "geometry": {"type": "Polygon", "coordinates": [[[-43.1941906, -22.9760561], [-43.1942089, -22.976050499999996], [-43.1941601, -22.976005599999997], [-43.1939731, -22.9761347], [-43.1940283, -22.976198699999994], [-43.1941906, -22.9760561]]]}}, {"type": "Feature", "properties": {"osm_id": "way/1047246078", "building": "yes"}, "geometry": {"type": "Polygon", "coordinates": [[[-43.1939996, -22.9759008], [-43.1939243, -22.975749199999992], [-43.1938699, -22.975768300000002], [-43.19378540000001, -22.975798], [-43.1937536, -22.975809099999992], [-43.1938471, -22.975977499999992], [-43.1939996, -22.9759008]]]}}, {"type": "Feature", "properties": {"osm_id": "way/1047246079", "building": "yes"}, "geometry": {"type": "Polygon", "coordinates": [[[-43.1938699, -22.975768300000002], [-43.1937821, -22.97562009999999], [-43.1937007, -22.975629399999992], [-43.19378540000001, -22.975798], [-43.1938699, -22.975768300000002]]]}}, {"type": "Feature", "properties": {"osm_id": "way/1047246080", "building": "yes"}, "geometry": {"type": "Polygon", "coordinates": [[[-43.1934992, -22.975217799999996], [-43.1938247, -22.975197099999995], [-43.1938125, -22.9750717], [-43.1936422, -22.975083699999992], [-43.1934649, -22.9750961], [-43.193471, -22.9752196], [-43.1934992, -22.975217799999996]]]}}, {"type": "Feature", "properties": {"osm_id": "way/1047246081", "building": "yes"}, "geometry": {"type": "Polygon", "coordinates": [[[-43.193528, -22.975354299999992], [-43.1938288, -22.975316899999992], [-43.1938247, -22.975197099999995], [-43.1934992, -22.975217799999996], [-43.193528, -22.975354299999992]]]}}, {"type": "Feature", "properties": {"osm_id": "way/1047246082", "building": "yes"}, "geometry": {"type": "Polygon", "coordinates": [[[-43.1940524, -22.975043699999993], [-43.1940443, -22.974923900000004], [-43.1936316, -22.974950100000004], [-43.1936422, -22.975083699999992], [-43.1940524, -22.975043699999993]]]}}, {"type": "Feature", "properties": {"osm_id": "way/1047246083", "building": "yes"}, "geometry": {"type": "Polygon", "coordinates": [[[-43.1936072, -22.974813499999993], [-43.1935646, -22.974706799999993], [-43.1932454, -22.9747573], [-43.193284, -22.97483589999999], [-43.1936072, -22.974813499999993]]]}}, {"type": "Feature", "properties": {"osm_id": "way/1047246084", "building": "yes"}, "geometry": {"type": "Polygon", "coordinates": [[[-43.1934487, -22.9745814], [-43.1934609, -22.9744392], [-43.1933613, -22.974437300000005], [-43.1933572, -22.9743961], [-43.1931865, -22.974411100000005], [-43.1932779, -22.9745814], [-43.1934487, -22.9745814]]]}}, {"type": "Feature", "properties": {"osm_id": "way/1047246087", "building": "yes"}, "geometry": {"type": "Polygon", "coordinates": [[[-43.1924303, -22.97440729999999], [-43.1923555, -22.9742649], [-43.1923124, -22.974182699999993], [-43.1922026, -22.9742314], [-43.1923225, -22.974454100000003], [-43.1924303, -22.97440729999999]]]}}, {"type": "Feature", "properties": {"osm_id": "way/1047246088", "building": "yes"}, "geometry": {"type": "Polygon", "coordinates": [[[-43.1925319, -22.974362399999997], [-43.1924425, -22.9742258], [-43.1923555, -22.9742649], [-43.1924303, -22.97440729999999], [-43.1925319, -22.974362399999997]]]}}, {"type": "Feature", "properties": {"osm_id": "way/1047257694", "building": "yes"}, "geometry": {"type": "Polygon", "coordinates": [[[-43.1920505, -22.978396900000003], [-43.19200980000001, -22.978496099999994], [-43.1919814, -22.978516700000007], [-43.1919976, -22.97863840000001], [-43.19211750000001, -22.9786103], [-43.192207, -22.9785298], [-43.1921877, -22.978497399999995], [-43.1921078, -22.9783812], [-43.1920505, -22.978396900000003]]]}}, {"type": "Feature", "properties": {"osm_id": "way/1047257695", "building": "yes"}, "geometry": {"type": "Polygon", "coordinates": [[[-43.1917544, -22.978926500000004], [-43.1916955, -22.9787244], [-43.1916081, -22.978746900000004], [-43.1916569, -22.978941499999998], [-43.1917544, -22.978926500000004]]]}}, {"type": "Feature", "properties": {"osm_id": "way/1047257696", "building": "yes"}, "geometry": {"type": "Polygon", "coordinates": [[[-43.191454, -22.979009299999998], [-43.1914678, -22.979061299999998], [-43.191604, -22.979025699999998], [-43.191543, -22.978775000000002], [-43.1913987, -22.978801199999992], [-43.191454, -22.979009299999998]]]}}, {"type": "Feature", "properties": {"osm_id": "way/1047257697", "building": "yes"}, "geometry": {"type": "Polygon", "coordinates": [[[-43.191291, -22.978818000000004], [-43.19131620000001, -22.978917600000003], [-43.1913459, -22.979035100000004], [-43.191454, -22.979009299999998], [-43.1913804, -22.978797399999994], [-43.191291, -22.978818000000004]]]}}, {"type": "Feature", "properties": {"osm_id": "way/1047257698", "building": "yes"}, "geometry": {"type": "Polygon", "coordinates": [[[-43.1910979, -22.978854599999995], [-43.1911284, -22.978948099999993], [-43.1912152, -22.978933999999995], [-43.19131620000001, -22.978917600000003], [-43.191291, -22.978818000000004], [-43.1910979, -22.978854599999995]]]}}, {"type": "Feature", "properties": {"osm_id": "way/1047257699", "building": "yes"}, "geometry": {"type": "Polygon", "coordinates": [[[-43.19098, -22.9788939], [-43.1910308, -22.979075399999996], [-43.1912381, -22.979019300000008], [-43.1912152, -22.978933999999995], [-43.1911284, -22.978948099999993], [-43.1910979, -22.978854599999995], [-43.19098, -22.9788939]]]}}, {"type": "Feature", "properties": {"osm_id": "way/1047267859", "building": "yes"}, "geometry": {"type": "Polygon", "coordinates": [[[-43.1925507, -22.977753899999996], [-43.192532400000005, -22.977602300000008], [-43.19244100000001, -22.9776229], [-43.1924796, -22.9777613], [-43.1925507, -22.977753899999996]]]}}, {"type": "Feature", "properties": {"osm_id": "way/1047267860", "building": "yes"}, "geometry": {"type": "Polygon", "coordinates": [[[-43.19244100000001, -22.9776229], [-43.192321, -22.977654699999995], [-43.1923556, -22.977795000000008], [-43.1924796, -22.9777613], [-43.19244100000001, -22.9776229]]]}}, {"type": "Feature", "properties": {"osm_id": "way/1047267861", "building": "yes"}, "geometry": {"type": "Polygon", "coordinates": [[[-43.1923556, -22.977795000000008], [-43.192321, -22.977654699999995], [-43.1922111, -22.977680500000005], [-43.1922506, -22.977802500000003], [-43.1923556, -22.977795000000008]]]}}, {"type": "Feature", "properties": {"osm_id": "way/1047267862", "building": "yes"}, "geometry": {"type": "Polygon", "coordinates": [[[-43.1918251, -22.9777651], [-43.1918759, -22.977982199999996], [-43.1920196, -22.977944899999994], [-43.1919729, -22.9777299], [-43.1918251, -22.9777651]]]}}, {"type": "Feature", "properties": {"osm_id": "way/1047267863", "building": "yes"}, "geometry": {"type": "Polygon", "coordinates": [[[-43.1923637, -22.977873600000002], [-43.1924044, -22.977959700000003], [-43.192319, -22.977974699999994], [-43.1923739, -22.978079499999993], [-43.1924715, -22.978034599999997], [-43.1923942, -22.977866100000007], [-43.1923637, -22.977873600000002]]]}}, {"type": "Feature", "properties": {"osm_id": "way/1047270037", "building": "yes"}, "geometry": {"type": "Polygon", "coordinates": [[[-43.19207310000001, -22.9781656], [-43.1920487, -22.978072], [-43.1919165, -22.9781076], [-43.1919308, -22.978199300000004], [-43.19207310000001, -22.9781656]]]}}, {"type": "Feature", "properties": {"osm_id": "way/1047270038", "building": "yes"}, "geometry": {"type": "Polygon", "coordinates": [[[-43.1920487, -22.978072], [-43.1921015, -22.978055199999996], [-43.1920659, -22.977933599999997], [-43.1920196, -22.977944899999994], [-43.1918759, -22.977982199999996], [-43.1919165, -22.9781076], [-43.1920487, -22.978072]]]}}, {"type": "Feature", "properties": {"osm_id": "way/1047270039", "building": "yes"}, "geometry": {"type": "Polygon", "coordinates": [[[-43.1919824, -22.977554300000005], [-43.1919252, -22.9773393], [-43.1918633, -22.977346900000004], [-43.1919147, -22.97757899999999], [-43.1919824, -22.977554300000005]]]}}, {"type": "Feature", "properties": {"osm_id": "way/1047270040", "building": "yes"}, "geometry": {"type": "Polygon", "coordinates": [[[-43.1920396, -22.9775393], [-43.1919859, -22.9773307], [-43.1919252, -22.9773393], [-43.1919824, -22.977554300000005], [-43.1920396, -22.9775393]]]}}, {"type": "Feature", "properties": {"osm_id": "way/1047270041", "building": "yes"}, "geometry": {"type": "Polygon", "coordinates": [[[-43.1921412, -22.977507000000003], [-43.1920805, -22.977304899999986], [-43.1919859, -22.9773307], [-43.1920396, -22.9775393], [-43.1921412, -22.977507000000003]]]}}, {"type": "Feature", "properties": {"osm_id": "way/1047270042", "building": "yes"}, "geometry": {"type": "Polygon", "coordinates": [[[-43.1921529, -22.977523099999996], [-43.1922591, -22.977499500000004], [-43.1921996, -22.977269500000002], [-43.192077, -22.977290999999997], [-43.1920805, -22.977304899999986], [-43.1921412, -22.977507000000003], [-43.1921529, -22.977523099999996]]]}}, {"type": "Feature", "properties": {"osm_id": "way/1047270043", "building": "yes"}, "geometry": {"type": "Polygon", "coordinates": [[[-43.1923607, -22.977479099999996], [-43.1922976, -22.977242600000004], [-43.1921996, -22.977269500000002], [-43.1922591, -22.977499500000004], [-43.1923607, -22.977479099999996]]]}}, {"type": "Feature", "properties": {"osm_id": "way/1047270044", "building": "yes"}, "geometry": {"type": "Polygon", "coordinates": [[[-43.1924763, -22.97745219999999], [-43.1924303, -22.9772425], [-43.1924249, -22.9772179], [-43.1922976, -22.977242600000004], [-43.1923607, -22.977479099999996], [-43.1924763, -22.97745219999999]]]}}, {"type": "Feature", "properties": {"osm_id": "way/1047270045", "building": "yes"}, "geometry": {"type": "Polygon", "coordinates": [[[-43.1925708, -22.9774296], [-43.19253, -22.977263], [-43.1924903, -22.9772705], [-43.1924409, -22.977240799999993], [-43.1924303, -22.9772425], [-43.1924763, -22.97745219999999], [-43.1925708, -22.9774296]]]}}, {"type": "Feature", "properties": {"osm_id": "way/1047270046", "building": "yes"}, "geometry": {"type": "Polygon", "coordinates": [[[-43.1924109, -22.97712539999999], [-43.1924409, -22.977240799999993], [-43.1924903, -22.9772705], [-43.19253, -22.977263], [-43.1926175, -22.977246900000004], [-43.1925755, -22.977086699999997], [-43.1924109, -22.97712539999999]]]}}, {"type": "Feature", "properties": {"osm_id": "way/1047270047", "building": "yes"}, "geometry": {"type": "Polygon", "coordinates": [[[-43.1921739, -22.976886800000006], [-43.1921108, -22.976633100000008], [-43.1919777, -22.9766654], [-43.1920396, -22.9769169], [-43.1921739, -22.976886800000006]]]}}, {"type": "Feature", "properties": {"osm_id": "way/1047270048", "building": "yes"}, "geometry": {"type": "Polygon", "coordinates": [[[-43.1923292, -22.9768363], [-43.1922591, -22.976591199999998], [-43.1921365, -22.976624500000003], [-43.1921972, -22.976867499999997], [-43.1923292, -22.9768363]]]}}, {"type": "Feature", "properties": {"osm_id": "way/1047270049", "building": "yes"}, "geometry": {"type": "Polygon", "coordinates": [[[-43.1923292, -22.9768363], [-43.1924482, -22.9768363], [-43.1924198, -22.976731100000002], [-43.1923735, -22.97656], [-43.1922591, -22.976591199999998], [-43.1923292, -22.9768363]]]}}, {"type": "Feature", "properties": {"osm_id": "way/1047270050", "building": "yes"}, "geometry": {"type": "Polygon", "coordinates": [[[-43.192479, -22.976719499999994], [-43.1924325, -22.976541700000002], [-43.1923735, -22.97656], [-43.1924198, -22.976731100000002], [-43.192479, -22.976719499999994]]]}}, {"type": "Feature", "properties": {"osm_id": "way/1047270051", "building": "yes"}, "geometry": {"type": "Polygon", "coordinates": [[[-43.1923914, -22.976967499999997], [-43.1924335, -22.977100699999998], [-43.19257120000001, -22.977078199999994], [-43.1925362, -22.976937399999997], [-43.1923914, -22.976967499999997]]]}}, {"type": "Feature", "properties": {"osm_id": "way/1047272495", "building": "yes"}, "geometry": {"type": "Polygon", "coordinates": [[[-43.1918863, -22.9769132], [-43.1918375, -22.9766905], [-43.1916942, -22.976729799999998], [-43.1917542, -22.976941299999996], [-43.1918863, -22.9769132]]]}}, {"type": "Feature", "properties": {"osm_id": "way/1047272496", "building": "yes"}, "geometry": {"type": "Polygon", "coordinates": [[[-43.1915651, -22.976755999999995], [-43.1916525, -22.977075999999997], [-43.1917765, -22.97701989999999], [-43.1917542, -22.976941299999996], [-43.1916942, -22.976729799999998], [-43.1915651, -22.976755999999995]]]}}, {"type": "Feature", "properties": {"osm_id": "way/1047272497", "building": "yes"}, "geometry": {"type": "Polygon", "coordinates": [[[-43.1916769, -22.977171499999997], [-43.1919249, -22.977134099999994], [-43.1919046, -22.977014300000004], [-43.1918111, -22.977038599999997], [-43.1916525, -22.977075999999997], [-43.1916769, -22.977171499999997]]]}}, {"type": "Feature", "properties": {"osm_id": "way/1047272498", "building": "yes"}, "geometry": {"type": "Polygon", "coordinates": [[[-43.1913412, -22.9774492], [-43.1913964, -22.9776899], [-43.1915184, -22.977656199999995], [-43.1914432, -22.977407299999996], [-43.1913354, -22.9774241], [-43.1913412, -22.9774492]]]}}, {"type": "Feature", "properties": {"osm_id": "way/1047272499", "building": "yes"}, "geometry": {"type": "Polygon", "coordinates": [[[-43.1913412, -22.9774492], [-43.1911708, -22.977485900000005], [-43.1911751, -22.977501299999997], [-43.1912399, -22.977731099999996], [-43.1913964, -22.9776899], [-43.1913412, -22.9774492]]]}}, {"type": "Feature", "properties": {"osm_id": "way/1047272500", "building": "yes"}, "geometry": {"type": "Polygon", "coordinates": [[[-43.1911751, -22.977501299999997], [-43.1910895, -22.9775158], [-43.1911403, -22.977746000000007], [-43.1912399, -22.977731099999996], [-43.1911751, -22.977501299999997]]]}}, {"type": "Feature", "properties": {"osm_id": "way/1047272501", "building": "yes"}, "geometry": {"type": "Polygon", "coordinates": [[[-43.1910895, -22.9775158], [-43.1909797, -22.97752890000001], [-43.1910407, -22.977776000000002], [-43.1911403, -22.977746000000007], [-43.1910895, -22.9775158]]]}}, {"type": "Feature", "properties": {"osm_id": "way/1047272502", "building": "yes"}, "geometry": {"type": "Polygon", "coordinates": [[[-43.1908598, -22.977360499999996], [-43.1908293, -22.977238899999996], [-43.1905813, -22.977290399999998], [-43.190558900000006, -22.977294999999998], [-43.1905996, -22.9774204], [-43.1908598, -22.977360499999996]]]}}, {"type": "Feature", "properties": {"osm_id": "way/1047272503", "building": "yes"}, "geometry": {"type": "Polygon", "coordinates": [[[-43.1912257, -22.97728189999999], [-43.1912541, -22.977366099999998], [-43.1914919, -22.977321199999995], [-43.1914676, -22.9772295], [-43.1912257, -22.97728189999999]]]}}, {"type": "Feature", "properties": {"osm_id": "way/1047272504", "building": "yes"}, "geometry": {"type": "Polygon", "coordinates": [[[-43.1909167, -22.97689829999999], [-43.1909756, -22.977132199999993], [-43.1910712, -22.977102199999994], [-43.1910061, -22.9768795], [-43.1909167, -22.97689829999999]]]}}, {"type": "Feature", "properties": {"osm_id": "way/1047272505", "building": "yes"}, "geometry": {"type": "Polygon", "coordinates": [[[-43.19116470000001, -22.977081700000003], [-43.191105, -22.976863600000005], [-43.1911017, -22.97685149999999], [-43.1910061, -22.9768795], [-43.1910712, -22.977102199999994], [-43.19116470000001, -22.977081700000003]]]}}, {"type": "Feature", "properties": {"osm_id": "way/1047272506", "building": "yes"}, "geometry": {"type": "Polygon", "coordinates": [[[-43.1909167, -22.97689829999999], [-43.1908049, -22.9769245], [-43.1908407, -22.977048000000003], [-43.1908699, -22.977148999999994], [-43.1909756, -22.977132199999993], [-43.1909167, -22.97689829999999]]]}}, {"type": "Feature", "properties": {"osm_id": "way/1047272507", "addr:city": "Rio de Janeiro", "addr:street": "Rua Xavier da Silveira", "addr:suburb": "Copacabana", "building": "yes"}, "geometry": {"type": "Polygon", "coordinates": [[[-43.1904939, -22.976999300000003], [-43.1905203, -22.977121], [-43.190566, -22.9771106], [-43.1907919, -22.977059100000005], [-43.1908407, -22.977048000000003], [-43.1908049, -22.9769245], [-43.1904939, -22.976999300000003]]]}}, {"type": "Feature", "properties": {"osm_id": "way/1047272508", "building": "yes"}, "geometry": {"type": "Polygon", "coordinates": [[[-43.1908293, -22.977238899999996], [-43.1908069, -22.977145299999997], [-43.1905894, -22.977198099999992], [-43.1905528, -22.977206999999996], [-43.1905813, -22.977290399999998], [-43.1908293, -22.977238899999996]]]}}, {"type": "Feature", "properties": {"osm_id": "way/1047272509", "building": "yes"}, "geometry": {"type": "Polygon", "coordinates": [[[-43.1909797, -22.97752890000001], [-43.1909553, -22.977467199999996], [-43.1908972, -22.977478599999994], [-43.1906321, -22.9775308], [-43.1907175, -22.977828399999986], [-43.1910407, -22.977776000000002], [-43.1909797, -22.97752890000001]]]}}, {"type": "Feature", "properties": {"osm_id": "way/1047272510", "building": "yes"}, "geometry": {"type": "Polygon", "coordinates": [[[-43.18964710000001, -22.977599199999997], [-43.189692, -22.977777899999996], [-43.1897229, -22.977771299999997], [-43.1899865, -22.9777151], [-43.1899416, -22.9775364], [-43.18964710000001, -22.977599199999997]]]}}, {"type": "Feature", "properties": {"osm_id": "way/1047272511", "building": "yes"}, "geometry": {"type": "Polygon", "coordinates": [[[-43.1898439, -22.9773191], [-43.1898007, -22.9771536], [-43.1896384, -22.9771896], [-43.1896767, -22.977336199999996], [-43.1896964, -22.977411399999994], [-43.1898586, -22.977375400000003], [-43.1898439, -22.9773191]]]}}, {"type": "Feature", "properties": {"osm_id": "way/1047272512", "building": "yes"}, "geometry": {"type": "Polygon", "coordinates": [[[-43.19001680000001, -22.977280799999992], [-43.1899735, -22.977115300000005], [-43.1898007, -22.9771536], [-43.1898439, -22.9773191], [-43.19001680000001, -22.977280799999992]]]}}, {"type": "Feature", "properties": {"osm_id": "way/1047272513", "building": "yes"}, "geometry": {"type": "Polygon", "coordinates": [[[-43.1895815, -22.977357300000005], [-43.1896767, -22.977336199999996], [-43.1896384, -22.9771896], [-43.1895432, -22.9772107], [-43.1895815, -22.977357300000005]]]}}, {"type": "Feature", "properties": {"osm_id": "way/1047272514", "building": "yes"}, "geometry": {"type": "Polygon", "coordinates": [[[-43.1901308, -22.977307199999995], [-43.190219, -22.977287599999997], [-43.1903031, -22.977269000000003], [-43.1902471, -22.977054700000004], [-43.1900748, -22.9770929], [-43.1901308, -22.977307199999995]]]}}, {"type": "Feature", "properties": {"osm_id": "way/1047272515", "building": "yes"}, "geometry": {"type": "Polygon", "coordinates": [[[-43.1899735, -22.977115300000005], [-43.19001680000001, -22.977280799999992], [-43.1900295, -22.977329600000004], [-43.1901308, -22.977307199999995], [-43.1900748, -22.9770929], [-43.1899735, -22.977115300000005]]]}}, {"type": "Feature", "properties": {"osm_id": "way/1047272516", "building": "yes"}, "geometry": {"type": "Polygon", "coordinates": [[[-43.1899386, -22.9775132], [-43.1899032, -22.977376000000003], [-43.1896447, -22.977432399999987], [-43.18968, -22.9775696], [-43.1899386, -22.9775132]]]}}, {"type": "Feature", "properties": {"osm_id": "way/1047272517", "building": "yes"}, "geometry": {"type": "Polygon", "coordinates": [[[-43.1903978, -22.977619000000004], [-43.1903562, -22.9774535], [-43.1902653, -22.9774728], [-43.1901334, -22.97750089999999], [-43.190175, -22.977666500000005], [-43.1903978, -22.977619000000004]]]}}, {"type": "Feature", "properties": {"osm_id": "way/1047272518", "building": "yes"}, "geometry": {"type": "Polygon", "coordinates": [[[-43.190175, -22.977666500000005], [-43.1902172, -22.9778341], [-43.19044, -22.9777867], [-43.1903978, -22.977619000000004], [-43.190175, -22.977666500000005]]]}}, {"type": "Feature", "properties": {"osm_id": "way/1047272519", "building": "yes"}, "geometry": {"type": "Polygon", "coordinates": [[[-43.189423, -22.978029], [-43.1892789, -22.978066000000002], [-43.1893195, -22.978159600000005], [-43.1895147, -22.978111], [-43.1894903, -22.978011799999997], [-43.189423, -22.978029]]]}}, {"type": "Feature", "properties": {"osm_id": "way/1047272520", "building": "yes"}, "geometry": {"type": "Polygon", "coordinates": [[[-43.189423, -22.978029], [-43.1894008, -22.977935], [-43.1892464, -22.977964999999998], [-43.1892789, -22.978066000000002], [-43.189423, -22.978029]]]}}, {"type": "Feature", "properties": {"osm_id": "way/1047272521", "building": "roof", "layer": "1"}, "geometry": {"type": "Polygon", "coordinates": [[[-43.18910640000001, -22.9777947], [-43.1889988, -22.977826299999993], [-43.1890225, -22.977894800000005], [-43.18913, -22.9778632], [-43.18910640000001, -22.9777947]]]}}, {"type": "Feature", "properties": {"osm_id": "way/1047272522", "building": "yes"}, "geometry": {"type": "Polygon", "coordinates": [[[-43.1894943, -22.977772199999993], [-43.1894395, -22.977571999999995], [-43.1891549, -22.977641200000004], [-43.1892077, -22.9778396], [-43.1894943, -22.977772199999993]]]}}, {"type": "Feature", "properties": {"osm_id": "way/1047272960", "building": "yes"}, "geometry": {"type": "Polygon", "coordinates": [[[-43.189763, -22.977930899999986], [-43.1900266, -22.9778747], [-43.1899865, -22.9777151], [-43.1897229, -22.977771299999997], [-43.189763, -22.977930899999986]]]}}, {"type": "Feature", "properties": {"osm_id": "way/1047272961", "building": "yes"}, "geometry": {"type": "Polygon", "coordinates": [[[-43.1897387, -22.977936099999994], [-43.1897684, -22.978053999999997], [-43.1900563, -22.9779927], [-43.1900266, -22.9778747], [-43.189763, -22.977930899999986], [-43.1897387, -22.977936099999994]]]}}, {"type": "Feature", "properties": {"osm_id": "way/1047272962", "building": "yes"}, "geometry": {"type": "Polygon", "coordinates": [[[-43.1900563, -22.9779927], [-43.1904696, -22.9779046], [-43.19044, -22.9777867], [-43.1902172, -22.9778341], [-43.1900266, -22.9778747], [-43.1900563, -22.9779927]]]}}, {"type": "Feature", "properties": {"osm_id": "way/1047272963", "building": "yes"}, "geometry": {"type": "Polygon", "coordinates": [[[-43.1894008, -22.977935], [-43.1895698, -22.977890299999995], [-43.189543400000005, -22.977774300000004], [-43.1894943, -22.977772199999993], [-43.1892077, -22.9778396], [-43.1892464, -22.977964999999998], [-43.1894008, -22.977935]]]}}, {"type": "Feature", "properties": {"osm_id": "way/1047873726", "building": "yes"}, "geometry": {"type": "Polygon", "coordinates": [[[-43.181717, -22.966290400000002], [-43.1816701, -22.966250299999995], [-43.1816274, -22.966219799999998], [-43.1815422, -22.966312799999997], [-43.181592, -22.9664607], [-43.181717, -22.966290400000002]]]}}, {"type": "Feature", "properties": {"osm_id": "way/1047873727", "building": "yes"}, "geometry": {"type": "Polygon", "coordinates": [[[-43.1816701, -22.966250299999995], [-43.1817192, -22.9661921], [-43.1817395, -22.966206600000003], [-43.18176, -22.966182099999997], [-43.1816867, -22.966129699999996], [-43.181617, -22.96621239999999], [-43.1816274, -22.966219799999998], [-43.1816701, -22.966250299999995]]]}}, {"type": "Feature", "properties": {"osm_id": "way/1047873728", "building": "yes"}, "geometry": {"type": "Polygon", "coordinates": [[[-43.1818106, -22.9663433], [-43.1818905, -22.9663988], [-43.1819076, -22.96637799999999], [-43.1819696, -22.966302200000005], [-43.1818898, -22.966246699999996], [-43.1818106, -22.9663433]]]}}, {"type": "Feature", "properties": {"osm_id": "way/1047873729", "building": "yes"}, "geometry": {"type": "Polygon", "coordinates": [[[-43.1819076, -22.96637799999999], [-43.182014, -22.966451900000006], [-43.182076, -22.966376099999994], [-43.1819696, -22.966302200000005], [-43.1819076, -22.96637799999999]]]}}, {"type": "Feature", "properties": {"osm_id": "way/1047873730", "building": "yes"}, "geometry": {"type": "Polygon", "coordinates": [[[-43.1821964, -22.966459700000005], [-43.182109, -22.966566499999992], [-43.1822032, -22.966632], [-43.1821908, -22.9666472], [-43.182222, -22.9666689], [-43.1823273, -22.966540400000003], [-43.1822018, -22.96645319999999], [-43.1821964, -22.966459700000005]]]}}, {"type": "Feature", "properties": {"osm_id": "way/1047873731", "building": "yes"}, "geometry": {"type": "Polygon", "coordinates": [[[-43.18239080000001, -22.966574800000007], [-43.1822804, -22.9667095], [-43.1823687, -22.9667708], [-43.1823722, -22.966766399999997], [-43.1824791, -22.966636100000002], [-43.18239080000001, -22.966574800000007]]]}}, {"type": "Feature", "properties": {"osm_id": "way/1047873732", "building": "yes"}, "geometry": {"type": "Polygon", "coordinates": [[[-43.1822804, -22.9667095], [-43.182222, -22.9666689], [-43.1821908, -22.9666472], [-43.1821081, -22.966748099999997], [-43.182286, -22.9668717], [-43.1823687, -22.9667708], [-43.1822804, -22.9667095]]]}}, {"type": "Feature", "properties": {"osm_id": "way/1047873733", "building": "yes"}, "geometry": {"type": "Polygon", "coordinates": [[[-43.1821081, -22.966748099999997], [-43.1820867, -22.9667333], [-43.18202470000001, -22.96680900000001], [-43.1820465, -22.966824099999993], [-43.1822317, -22.966952699999997], [-43.1822937, -22.9668771], [-43.182286, -22.9668717], [-43.1821081, -22.966748099999997]]]}}, {"type": "Feature", "properties": {"osm_id": "way/1047873734", "building": "yes"}, "geometry": {"type": "Polygon", "coordinates": [[[-43.1820465, -22.966824099999993], [-43.1819376, -22.966951999999996], [-43.1820013, -22.966994499999995], [-43.1821213, -22.9670743], [-43.1821469, -22.9670914], [-43.1822536, -22.966966999999997], [-43.1822317, -22.966952699999997], [-43.1820465, -22.966824099999993]]]}}, {"type": "Feature", "properties": {"osm_id": "way/1047873735", "building": "yes"}, "geometry": {"type": "Polygon", "coordinates": [[[-43.1820013, -22.966994499999995], [-43.1819447, -22.967062400000003], [-43.1819498, -22.967067000000004], [-43.1820036, -22.967114799999994], [-43.1819935, -22.967125099999997], [-43.1820494, -22.9671588], [-43.1821213, -22.9670743], [-43.1820013, -22.966994499999995]]]}}, {"type": "Feature", "properties": {"osm_id": "way/1047873736", "building": "yes"}, "geometry": {"type": "Polygon", "coordinates": [[[-43.1818756, -22.967164399999998], [-43.1818847, -22.967131700000007], [-43.1819498, -22.967067000000004], [-43.1819081, -22.9670315], [-43.1817881, -22.967066200000005], [-43.1818258, -22.967177499999995], [-43.1818756, -22.967164399999998]]]}}, {"type": "Feature", "properties": {"osm_id": "way/1047873737", "building": "yes"}, "geometry": {"type": "Polygon", "coordinates": [[[-43.1817273, -22.966830999999992], [-43.1817142, -22.966845999999993], [-43.18174380000001, -22.966868], [-43.1819198, -22.966666899999993], [-43.1818651, -22.966626299999994], [-43.1818578, -22.9666346], [-43.1817228, -22.9667888], [-43.181702200000004, -22.966812399999995], [-43.1817273, -22.966830999999992]]]}}, {"type": "Feature", "properties": {"osm_id": "way/1047873738", "building": "yes"}, "geometry": {"type": "Polygon", "coordinates": [[[-43.1818578, -22.9666346], [-43.18179, -22.966584299999997], [-43.1816643, -22.96672799999999], [-43.18169780000001, -22.966752899999992], [-43.1816886, -22.966763500000003], [-43.1817228, -22.9667888], [-43.1818578, -22.9666346]]]}}, {"type": "Feature", "properties": {"osm_id": "way/1047873739", "building": "yes"}, "geometry": {"type": "Polygon", "coordinates": [[[-43.1817991, -22.9664987], [-43.1817221, -22.96643449999999], [-43.1816255, -22.9665539], [-43.1816395, -22.96664729999999], [-43.1816609, -22.966664199999997], [-43.1817991, -22.9664987]]]}}, {"type": "Feature", "properties": {"osm_id": "way/1047873740", "building": "yes"}, "geometry": {"type": "Polygon", "coordinates": [[[-43.182076, -22.966376099999994], [-43.182014, -22.966451900000006], [-43.1819287, -22.966555899999992], [-43.1819838, -22.966594099999995], [-43.1821311, -22.966414299999997], [-43.182076, -22.966376099999994]]]}}, {"type": "Feature", "properties": {"osm_id": "way/1047873741", "building": "yes"}, "geometry": {"type": "Polygon", "coordinates": [[[-43.1819838, -22.966594099999995], [-43.1820492, -22.966639500000003], [-43.182109, -22.966566499999992], [-43.1821964, -22.966459700000005], [-43.1821311, -22.966414299999997], [-43.1819838, -22.966594099999995]]]}}, {"type": "Feature", "properties": {"osm_id": "way/1047873742", "building": "yes"}, "geometry": {"type": "Polygon", "coordinates": [[[-43.1826785, -22.967067799999995], [-43.1828042, -22.967153500000002], [-43.1829634, -22.9669556], [-43.1828376, -22.966869900000003], [-43.1826785, -22.967067799999995]]]}}, {"type": "Feature", "properties": {"osm_id": "way/1047873743", "building": "yes"}, "geometry": {"type": "Polygon", "coordinates": [[[-43.1828042, -22.967153500000002], [-43.1828825, -22.9672069], [-43.1830416, -22.967009], [-43.1829634, -22.9669556], [-43.1828042, -22.967153500000002]]]}}, {"type": "Feature", "properties": {"osm_id": "way/1047873744", "building": "yes"}, "geometry": {"type": "Polygon", "coordinates": [[[-43.1829335, -22.9672276], [-43.1830067, -22.967278799999995], [-43.1831684, -22.967082699999995], [-43.1830951, -22.967031499999997], [-43.1829335, -22.9672276]]]}}, {"type": "Feature", "properties": {"osm_id": "way/1047873745", "building": "yes"}, "geometry": {"type": "Polygon", "coordinates": [[[-43.1831555, -22.967382700000005], [-43.1833171, -22.967186599999998], [-43.1831684, -22.967082699999995], [-43.1830067, -22.967278799999995], [-43.1831555, -22.967382700000005]]]}}, {"type": "Feature", "properties": {"osm_id": "way/1047873746", "building": "yes"}, "geometry": {"type": "Polygon", "coordinates": [[[-43.1831555, -22.967382700000005], [-43.1831238, -22.967421100000006], [-43.1832257, -22.9674923], [-43.183419, -22.967257799999995], [-43.1833171, -22.967186599999998], [-43.1831555, -22.967382700000005]]]}}, {"type": "Feature", "properties": {"osm_id": "way/1047873747", "building": "yes"}, "geometry": {"type": "Polygon", "coordinates": [[[-43.1831238, -22.967421100000006], [-43.1830209, -22.967349199999997], [-43.1829657, -22.967416099999998], [-43.1831705, -22.967559200000004], [-43.1832257, -22.9674923], [-43.1831238, -22.967421100000006]]]}}, {"type": "Feature", "properties": {"osm_id": "way/1047873748", "building": "yes"}, "geometry": {"type": "Polygon", "coordinates": [[[-43.1829801, -22.967578400000008], [-43.1829132, -22.967665599999997], [-43.1830098, -22.967728399999988], [-43.1830767, -22.9676412], [-43.1829801, -22.967578400000008]]]}}, {"type": "Feature", "properties": {"osm_id": "way/1047873749", "building": "yes"}, "geometry": {"type": "Polygon", "coordinates": [[[-43.1830929, -22.9676517], [-43.1831472, -22.9675809], [-43.1830344, -22.9675075], [-43.1829801, -22.967578400000008], [-43.1830767, -22.9676412], [-43.1830929, -22.9676517]]]}}, {"type": "Feature", "properties": {"osm_id": "way/1047873750", "building": "yes"}, "geometry": {"type": "Polygon", "coordinates": [[[-43.1826623, -22.967443499999998], [-43.1826152, -22.9674993], [-43.1825061, -22.967628700000002], [-43.1826587, -22.9677377], [-43.1828148, -22.967552400000006], [-43.1826623, -22.967443499999998]]]}}, {"type": "Feature", "properties": {"osm_id": "way/1047873751", "building": "yes"}, "geometry": {"type": "Polygon", "coordinates": [[[-43.1826152, -22.9674993], [-43.1825616, -22.967461], [-43.1824525, -22.967590399999995], [-43.1825061, -22.967628700000002], [-43.1826152, -22.9674993]]]}}, {"type": "Feature", "properties": {"osm_id": "way/1047873752", "building": "yes"}, "geometry": {"type": "Polygon", "coordinates": [[[-43.1825616, -22.967461], [-43.1825023, -22.967418599999995], [-43.18239320000001, -22.967548], [-43.1824525, -22.967590399999995], [-43.1825616, -22.967461]]]}}, {"type": "Feature", "properties": {"osm_id": "way/1047873753", "building": "yes"}, "geometry": {"type": "Polygon", "coordinates": [[[-43.182323, -22.9673532], [-43.1823671, -22.967294300000002], [-43.1822584, -22.967225400000004], [-43.1821348, -22.967390700000003], [-43.182324, -22.96751069999999], [-43.1824036, -22.9674043], [-43.182323, -22.9673532]]]}}, {"type": "Feature", "properties": {"osm_id": "way/1047873754", "building": "yes"}, "geometry": {"type": "Polygon", "coordinates": [[[-43.1823554, -22.967119], [-43.1825633, -22.967257499999995], [-43.1826415, -22.9671506], [-43.1824337, -22.967020000000005], [-43.1823554, -22.967119]]]}}, {"type": "Feature", "properties": {"osm_id": "way/1047873755", "building": "yes"}, "geometry": {"type": "Polygon", "coordinates": [[[-43.1834037, -22.967859999999998], [-43.1834264, -22.967874099999996], [-43.1835557, -22.967698199999997], [-43.1833996, -22.9676009], [-43.1832702, -22.967776799999992], [-43.1834037, -22.967859999999998]]]}}, {"type": "Feature", "properties": {"osm_id": "way/1047873756", "building": "yes"}, "geometry": {"type": "Polygon", "coordinates": [[[-43.18365, -22.9676564], [-43.1837008, -22.967592200000002], [-43.1836825, -22.96757999999999], [-43.183521400000004, -22.967471899999996], [-43.1835087, -22.967463400000003], [-43.1834579, -22.967527599999997], [-43.18365, -22.9676564]]]}}, {"type": "Feature", "properties": {"osm_id": "way/1047873757", "building": "yes"}, "geometry": {"type": "Polygon", "coordinates": [[[-43.1836825, -22.96757999999999], [-43.1837047, -22.967551899999993], [-43.1837849, -22.9676056], [-43.18384110000001, -22.9675345], [-43.1835998, -22.9673728], [-43.183521400000004, -22.967471899999996], [-43.1836825, -22.96757999999999]]]}}, {"type": "Feature", "properties": {"osm_id": "way/1047873758", "building": "yes"}, "geometry": {"type": "Polygon", "coordinates": [[[-43.1836822, -22.967768399999994], [-43.1837672, -22.9678232], [-43.1839412, -22.967594299999995], [-43.1838562, -22.967539499999997], [-43.1836822, -22.967768399999994]]]}}, {"type": "Feature", "properties": {"osm_id": "way/1047874589", "building": "yes"}, "geometry": {"type": "Polygon", "coordinates": [[[-43.1838912, -22.96768309999999], [-43.1839796, -22.967740399999997], [-43.1840385, -22.967663400000003], [-43.1839501, -22.967606099999994], [-43.1838912, -22.96768309999999]]]}}, {"type": "Feature", "properties": {"osm_id": "way/1047874590", "building": "yes"}, "geometry": {"type": "Polygon", "coordinates": [[[-43.1839796, -22.967740399999997], [-43.1838633, -22.967892499999998], [-43.1839486, -22.9679478], [-43.18412380000001, -22.967718599999998], [-43.1840385, -22.967663400000003], [-43.1839796, -22.967740399999997]]]}}, {"type": "Feature", "properties": {"osm_id": "way/1047874591", "building": "yes"}, "geometry": {"type": "Polygon", "coordinates": [[[-43.1839486, -22.9679478], [-43.1839951, -22.967977900000005], [-43.184067, -22.968024499999995], [-43.1842422, -22.967795400000004], [-43.18412380000001, -22.967718599999998], [-43.1839486, -22.9679478]]]}}, {"type": "Feature", "properties": {"osm_id": "way/1047874592", "building": "yes"}, "geometry": {"type": "Polygon", "coordinates": [[[-43.1839951, -22.967977900000005], [-43.1839296, -22.9680636], [-43.1840015, -22.968110199999998], [-43.184067, -22.968024499999995], [-43.1839951, -22.967977900000005]]]}}, {"type": "Feature", "properties": {"osm_id": "way/1047874593", "building": "yes"}, "geometry": {"type": "Polygon", "coordinates": [[[-43.1839296, -22.9680636], [-43.1839157, -22.968054599999995], [-43.1838336, -22.968162000000003], [-43.1839194, -22.968217599999996], [-43.1840015, -22.968110199999998], [-43.1839296, -22.9680636]]]}}, {"type": "Feature", "properties": {"osm_id": "way/1047874594", "building": "yes"}, "geometry": {"type": "Polygon", "coordinates": [[[-43.184169, -22.9684105], [-43.1840759, -22.96835], [-43.1839316, -22.968538300000002], [-43.1840246, -22.9685988], [-43.184169, -22.9684105]]]}}, {"type": "Feature", "properties": {"osm_id": "way/1047874595", "building": "yes"}, "geometry": {"type": "Polygon", "coordinates": [[[-43.1841421, -22.968675099999995], [-43.1842864, -22.968486799999997], [-43.184169, -22.9684105], [-43.1840246, -22.9685988], [-43.1841421, -22.968675099999995]]]}}, {"type": "Feature", "properties": {"osm_id": "way/1047874596", "building": "yes"}, "geometry": {"type": "Polygon", "coordinates": [[[-43.1842605, -22.9687521], [-43.1844168, -22.968548200000008], [-43.184447, -22.9685088], [-43.1843285, -22.9684319], [-43.1842864, -22.968486799999997], [-43.1841421, -22.968675099999995], [-43.1842605, -22.9687521]]]}}, {"type": "Feature", "properties": {"osm_id": "way/1047874597", "building": "yes"}, "geometry": {"type": "Polygon", "coordinates": [[[-43.1843991, -22.9688421], [-43.1845554, -22.9686382], [-43.1844168, -22.968548200000008], [-43.1842605, -22.9687521], [-43.1843991, -22.9688421]]]}}, {"type": "Feature", "properties": {"osm_id": "way/1047874598", "building": "yes"}, "geometry": {"type": "Polygon", "coordinates": [[[-43.1845125, -22.9689157], [-43.1846687, -22.968711800000005], [-43.1845554, -22.9686382], [-43.1843991, -22.9688421], [-43.1845125, -22.9689157]]]}}, {"type": "Feature", "properties": {"osm_id": "way/1047874599", "building": "yes"}, "geometry": {"type": "Polygon", "coordinates": [[[-43.1845907, -22.968962700000006], [-43.184803, -22.9686894], [-43.1847905, -22.968681200000006], [-43.1847264, -22.96863889999999], [-43.1846687, -22.968711800000005], [-43.1845125, -22.9689157], [-43.1845907, -22.968962700000006]]]}}, {"type": "Feature", "properties": {"osm_id": "way/1047874600", "building": "yes"}, "geometry": {"type": "Polygon", "coordinates": [[[-43.1848518, -22.96860219999999], [-43.1847179, -22.968514], [-43.1846036, -22.9684388], [-43.1845423, -22.9685178], [-43.1847264, -22.96863889999999], [-43.1847905, -22.968681200000006], [-43.1848518, -22.96860219999999]]]}}, {"type": "Feature", "properties": {"osm_id": "way/1047874601", "building": "yes"}, "geometry": {"type": "Polygon", "coordinates": [[[-43.18487, -22.9686142], [-43.1849385, -22.968526000000004], [-43.1848806, -22.9684879], [-43.1847864, -22.9684259], [-43.1847179, -22.968514], [-43.1848518, -22.96860219999999], [-43.18487, -22.9686142]]]}}, {"type": "Feature", "properties": {"osm_id": "way/1047874602", "building": "yes"}, "geometry": {"type": "Polygon", "coordinates": [[[-43.1849385, -22.968526000000004], [-43.1849782, -22.968552199999994], [-43.1851229, -22.968365900000002], [-43.1850252, -22.968301599999997], [-43.1849236, -22.9684325], [-43.1848806, -22.9684879], [-43.1849385, -22.968526000000004]]]}}, {"type": "Feature", "properties": {"osm_id": "way/1047874603", "building": "yes"}, "geometry": {"type": "Polygon", "coordinates": [[[-43.1850252, -22.968301599999997], [-43.184931, -22.968239599999997], [-43.1848294, -22.968370500000002], [-43.1849236, -22.9684325], [-43.1850252, -22.968301599999997]]]}}, {"type": "Feature", "properties": {"osm_id": "way/1047874604", "building": "yes"}, "geometry": {"type": "Polygon", "coordinates": [[[-43.1848341, -22.968175599999995], [-43.1847634, -22.968267799999996], [-43.184689600000006, -22.968362200000005], [-43.1847864, -22.9684259], [-43.1848294, -22.968370500000002], [-43.184931, -22.968239599999997], [-43.1848341, -22.968175599999995]]]}}, {"type": "Feature", "properties": {"osm_id": "way/1047874605", "building": "yes"}, "geometry": {"type": "Polygon", "coordinates": [[[-43.1847576, -22.9681259], [-43.1846215, -22.9683032], [-43.1846053, -22.9683243], [-43.18466730000001, -22.9683646], [-43.1847488, -22.968258300000002], [-43.1847634, -22.968267799999996], [-43.1848341, -22.968175599999995], [-43.1847576, -22.9681259]]]}}, {"type": "Feature", "properties": {"osm_id": "way/1047874606", "building": "yes"}, "geometry": {"type": "Polygon", "coordinates": [[[-43.1846403, -22.968049600000004], [-43.1845042, -22.96822689999999], [-43.1846215, -22.9683032], [-43.1847576, -22.9681259], [-43.1846403, -22.968049600000004]]]}}, {"type": "Feature", "properties": {"osm_id": "way/1047874607", "building": "yes"}, "geometry": {"type": "Polygon", "coordinates": [[[-43.184560600000005, -22.967997700000005], [-43.1844245, -22.968175], [-43.1845042, -22.96822689999999], [-43.1846403, -22.968049600000004], [-43.184560600000005, -22.967997700000005]]]}}, {"type": "Feature", "properties": {"osm_id": "way/1047874608", "building": "yes"}, "geometry": {"type": "Polygon", "coordinates": [[[-43.1844172, -22.967904400000002], [-43.1842591, -22.968110499999995], [-43.1843774, -22.9681875], [-43.1843995, -22.9681587], [-43.1844245, -22.968175], [-43.184560600000005, -22.967997700000005], [-43.1844172, -22.967904400000002]]]}}, {"type": "Feature", "properties": {"osm_id": "way/1047874609", "building": "yes"}, "geometry": {"type": "Polygon", "coordinates": [[[-43.1841968, -22.968191600000004], [-43.1844084, -22.968329299999997], [-43.1844707, -22.968248100000004], [-43.1843774, -22.9681875], [-43.1842591, -22.968110499999995], [-43.1841968, -22.968191600000004]]]}}, {"type": "Feature", "properties": {"osm_id": "way/1047874610", "building": "yes"}, "geometry": {"type": "Polygon", "coordinates": [[[-43.1840759, -22.96835], [-43.184169, -22.9684105], [-43.1842297, -22.96833120000001], [-43.1841367, -22.968270699999998], [-43.1840759, -22.96835]]]}}, {"type": "Feature", "properties": {"osm_id": "way/1047874902", "building": "yes"}, "geometry": {"type": "Polygon", "coordinates": [[[-43.1849991, -22.9691601], [-43.1849609, -22.969135699999992], [-43.184991800000006, -22.9690924], [-43.1848638, -22.968989399999998], [-43.1847946, -22.9690761], [-43.1847829, -22.969108600000002], [-43.1849256, -22.969231900000004], [-43.1849991, -22.9691601]]]}}, {"type": "Feature", "properties": {"osm_id": "way/1047874903", "building": "yes"}, "geometry": {"type": "Polygon", "coordinates": [[[-43.1851197, -22.969136999999996], [-43.1851727, -22.9690639], [-43.185005, -22.9689271], [-43.184955, -22.96892439999999], [-43.1848961, -22.9689691], [-43.1851197, -22.969136999999996]]]}}, {"type": "Feature", "properties": {"osm_id": "way/1047874904", "building": "yes"}, "geometry": {"type": "Polygon", "coordinates": [[[-43.1849929, -22.9688018], [-43.1850142, -22.96881829999999], [-43.1851648, -22.9689354], [-43.1851729, -22.968941699999995], [-43.1852333, -22.968875800000003], [-43.1850533, -22.9687359], [-43.1849929, -22.9688018]]]}}, {"type": "Feature", "properties": {"osm_id": "way/1047874905", "building": "yes"}, "geometry": {"type": "Polygon", "coordinates": [[[-43.1853139, -22.968898699999997], [-43.18542420000001, -22.968759200000008], [-43.1853928, -22.968738199999997], [-43.18520500000001, -22.968612899999997], [-43.1850977, -22.968717200000004], [-43.1853139, -22.968898699999997]]]}}, {"type": "Feature", "properties": {"osm_id": "way/1047874906", "building": "yes"}, "geometry": {"type": "Polygon", "coordinates": [[[-43.1853928, -22.968738199999997], [-43.1854015, -22.968726299999997], [-43.1855007, -22.96858989999999], [-43.1853139, -22.968470700000005], [-43.1851933, -22.968598], [-43.18520500000001, -22.968612899999997], [-43.1853928, -22.968738199999997]]]}}, {"type": "Feature", "properties": {"osm_id": "way/1047874907", "building": "yes"}, "geometry": {"type": "Polygon", "coordinates": [[[-43.1854015, -22.968726299999997], [-43.1854728, -22.96877269999999], [-43.1855684, -22.968630500000003], [-43.1855007, -22.96858989999999], [-43.1854015, -22.968726299999997]]]}}, {"type": "Feature", "properties": {"osm_id": "way/1047874908", "building": "yes"}, "geometry": {"type": "Polygon", "coordinates": [[[-43.185589, -22.968847200000003], [-43.1856963, -22.9687118], [-43.1855684, -22.968630500000003], [-43.1854728, -22.96877269999999], [-43.185589, -22.968847200000003]]]}}, {"type": "Feature", "properties": {"osm_id": "way/1047874909", "building": "yes"}, "geometry": {"type": "Polygon", "coordinates": [[[-43.1856552, -22.968908199999998], [-43.1857728, -22.9687565], [-43.1856963, -22.9687118], [-43.185589, -22.968847200000003], [-43.1856552, -22.968908199999998]]]}}, {"type": "Feature", "properties": {"osm_id": "way/1047874910", "building": "yes"}, "geometry": {"type": "Polygon", "coordinates": [[[-43.1856552, -22.968908199999998], [-43.1857508, -22.9689718], [-43.1857614, -22.968957099999997], [-43.1858567, -22.968825599999995], [-43.1857728, -22.9687565], [-43.1856552, -22.968908199999998]]]}}, {"type": "Feature", "properties": {"osm_id": "way/1047875581", "building": "yes"}, "geometry": {"type": "Polygon", "coordinates": [[[-43.1857614, -22.968957099999997], [-43.1858434, -22.969025999999992], [-43.1859523, -22.9688851], [-43.1858567, -22.968825599999995], [-43.1857614, -22.968957099999997]]]}}, {"type": "Feature", "properties": {"osm_id": "way/1047875582", "building": "yes"}, "geometry": {"type": "Polygon", "coordinates": [[[-43.1858434, -22.969025999999992], [-43.1859493, -22.969085600000003], [-43.1860611, -22.968954200000002], [-43.1859523, -22.9688851], [-43.1858434, -22.969025999999992]]]}}, {"type": "Feature", "properties": {"osm_id": "way/1047875583", "building": "yes"}, "geometry": {"type": "Polygon", "coordinates": [[[-43.1859493, -22.969085600000003], [-43.1860553, -22.969160099999993], [-43.1861656, -22.969019199999998], [-43.1860611, -22.968954200000002], [-43.1859493, -22.969085600000003]]]}}, {"type": "Feature", "properties": {"osm_id": "way/1047875584", "building": "yes"}, "geometry": {"type": "Polygon", "coordinates": [[[-43.1860553, -22.969160099999993], [-43.1861641, -22.969227799999995], [-43.186271500000004, -22.969084199999998], [-43.1861656, -22.969019199999998], [-43.1860553, -22.969160099999993]]]}}, {"type": "Feature", "properties": {"osm_id": "way/1047875585", "building": "yes"}, "geometry": {"type": "Polygon", "coordinates": [[[-43.1861641, -22.969227799999995], [-43.1862627, -22.9692996], [-43.1863164, -22.969230400000004], [-43.1863787, -22.969154400000004], [-43.186271500000004, -22.969084199999998], [-43.1861641, -22.969227799999995]]]}}, {"type": "Feature", "properties": {"osm_id": "way/1047875586", "building": "yes"}, "geometry": {"type": "Polygon", "coordinates": [[[-43.1863164, -22.969230400000004], [-43.1863658, -22.969264700000004], [-43.1863401, -22.969296000000003], [-43.1864249, -22.969354999999993], [-43.1864013, -22.969383800000003], [-43.1865195, -22.969465999999997], [-43.1866311, -22.969329900000005], [-43.1863787, -22.969154400000004], [-43.1863164, -22.969230400000004]]]}}, {"type": "Feature", "properties": {"osm_id": "way/1047875587", "building": "yes"}, "geometry": {"type": "Polygon", "coordinates": [[[-43.1864013, -22.969383800000003], [-43.18633560000001, -22.9694639], [-43.1864538, -22.969546099999995], [-43.1865195, -22.969465999999997], [-43.1864013, -22.969383800000003]]]}}, {"type": "Feature", "properties": {"osm_id": "way/1047875588", "building": "yes"}, "geometry": {"type": "Polygon", "coordinates": [[[-43.18633560000001, -22.9694639], [-43.1863205, -22.969482300000006], [-43.1862738, -22.9694498], [-43.1862159, -22.9695203], [-43.1863808, -22.969635000000007], [-43.1864538, -22.969546099999995], [-43.18633560000001, -22.9694639]]]}}, {"type": "Feature", "properties": {"osm_id": "way/1047875589", "building": "yes"}, "geometry": {"type": "Polygon", "coordinates": [[[-43.18614050000001, -22.969467900000005], [-43.1860698, -22.9695541], [-43.1861218, -22.969590299999997], [-43.1863101, -22.9697212], [-43.1863808, -22.969635000000007], [-43.18614050000001, -22.969467900000005]]]}}, {"type": "Feature", "properties": {"osm_id": "way/1047905523", "building": "yes"}, "geometry": {"type": "Polygon", "coordinates": [[[-43.1861218, -22.969590299999997], [-43.1860278, -22.969704899999993], [-43.1860873, -22.969738200000002], [-43.1862231, -22.9698496], [-43.1863101, -22.9697212], [-43.1861218, -22.969590299999997]]]}}, {"type": "Feature", "properties": {"osm_id": "way/1047905524", "building": "yes"}, "geometry": {"type": "Polygon", "coordinates": [[[-43.1860873, -22.969738200000002], [-43.1860055, -22.9698227], [-43.1860929, -22.9698945], [-43.1861413, -22.969934099999993], [-43.1862231, -22.9698496], [-43.1860873, -22.969738200000002]]]}}, {"type": "Feature", "properties": {"osm_id": "way/1047905525", "building": "yes"}, "geometry": {"type": "Polygon", "coordinates": [[[-43.1860929, -22.9698945], [-43.1859275, -22.970065400000003], [-43.1859758, -22.970105000000007], [-43.1861413, -22.969934099999993], [-43.1860929, -22.9698945]]]}}, {"type": "Feature", "properties": {"osm_id": "way/1047905526", "building": "yes"}, "geometry": {"type": "Polygon", "coordinates": [[[-43.1860929, -22.9698945], [-43.1860055, -22.9698227], [-43.1858506, -22.969982600000005], [-43.1858259, -22.97000819999999], [-43.1859134, -22.970079999999996], [-43.1859275, -22.970065400000003], [-43.1860929, -22.9698945]]]}}, {"type": "Feature", "properties": {"osm_id": "way/1047905527", "building": "yes"}, "geometry": {"type": "Polygon", "coordinates": [[[-43.1860055, -22.9698227], [-43.1858863, -22.969724900000003], [-43.1857315, -22.969884799999996], [-43.1858506, -22.969982600000005], [-43.1860055, -22.9698227]]]}}, {"type": "Feature", "properties": {"osm_id": "way/1047905528", "building": "yes"}, "geometry": {"type": "Polygon", "coordinates": [[[-43.1858863, -22.969724900000003], [-43.1858454, -22.9696913], [-43.1856897, -22.96985209999999], [-43.1856694, -22.969872999999996], [-43.1857104, -22.9699066], [-43.1857315, -22.969884799999996], [-43.1858863, -22.969724900000003]]]}}, {"type": "Feature", "properties": {"osm_id": "way/1047905529", "building": "yes"}, "geometry": {"type": "Polygon", "coordinates": [[[-43.1858454, -22.9696913], [-43.1857408, -22.9696055], [-43.1855852, -22.969766299999996], [-43.1856897, -22.96985209999999], [-43.1858454, -22.9696913]]]}}, {"type": "Feature", "properties": {"osm_id": "way/1047905530", "building": "yes"}, "geometry": {"type": "Polygon", "coordinates": [[[-43.1856092, -22.96946479999999], [-43.1855247, -22.969390500000003], [-43.1855162, -22.969398600000005], [-43.185345, -22.9695639], [-43.1853268, -22.9695814], [-43.1854114, -22.969655700000008], [-43.1856092, -22.96946479999999]]]}}, {"type": "Feature", "properties": {"osm_id": "way/1047905531", "building": "yes"}, "geometry": {"type": "Polygon", "coordinates": [[[-43.1855162, -22.969398600000005], [-43.1854237, -22.9693174], [-43.1854036, -22.969336899999995], [-43.1852525, -22.9694826], [-43.185345, -22.9695639], [-43.1855162, -22.969398600000005]]]}}, {"type": "Feature", "properties": {"osm_id": "way/1047905532", "building": "yes"}, "geometry": {"type": "Polygon", "coordinates": [[[-43.1854036, -22.969336899999995], [-43.1853423, -22.969283], [-43.185168000000004, -22.969451200000005], [-43.1852293, -22.969504999999995], [-43.1852525, -22.9694826], [-43.1854036, -22.969336899999995]]]}}, {"type": "Feature", "properties": {"osm_id": "way/1047905533", "building": "yes"}, "geometry": {"type": "Polygon", "coordinates": [[[-43.1853423, -22.969283], [-43.1853731, -22.9692533], [-43.1853211, -22.969207700000002], [-43.1851161, -22.9694055], [-43.185168000000004, -22.969451200000005], [-43.1853423, -22.969283]]]}}, {"type": "Feature", "properties": {"osm_id": "way/1047905534", "building": "yes"}, "geometry": {"type": "Polygon", "coordinates": [[[-43.1854005, -22.969032299999995], [-43.1853563, -22.9690805], [-43.185317100000006, -22.9691233], [-43.18544730000001, -22.969224299999993], [-43.1855306, -22.969133300000006], [-43.1854005, -22.969032299999995]]]}}, {"type": "Feature", "properties": {"osm_id": "way/1047905536", "building": "yes"}, "geometry": {"type": "Polygon", "coordinates": [[[-43.1849746, -22.9688616], [-43.1851252, -22.9689786], [-43.1851648, -22.9689354], [-43.1850142, -22.96881829999999], [-43.1849746, -22.9688616]]]}}, {"type": "Feature", "properties": {"osm_id": "way/1047905537", "building": "yes"}, "geometry": {"type": "Polygon", "coordinates": [[[-43.185269, -22.9689302], [-43.1852249, -22.968978399999994], [-43.1853563, -22.9690805], [-43.1854005, -22.969032299999995], [-43.185269, -22.9689302]]]}}, {"type": "Feature", "properties": {"osm_id": "way/1047905538", "building": "yes"}, "geometry": {"type": "Polygon", "coordinates": [[[-43.1862968, -22.970048499999997], [-43.1861508, -22.970223799999992], [-43.1862598, -22.970300699999996], [-43.1864058, -22.970125399999997], [-43.1862968, -22.970048499999997]]]}}, {"type": "Feature", "properties": {"osm_id": "way/1047905539", "building": "yes"}, "geometry": {"type": "Polygon", "coordinates": [[[-43.1864058, -22.970125399999997], [-43.1864803, -22.970035900000003], [-43.1863713, -22.969958999999996], [-43.1862968, -22.970048499999997], [-43.1864058, -22.970125399999997]]]}}, {"type": "Feature", "properties": {"osm_id": "way/1047905540", "building": "yes"}, "geometry": {"type": "Polygon", "coordinates": [[[-43.18655100000001, -22.9697432], [-43.1868073, -22.969924199999998], [-43.1869497, -22.9697532], [-43.1866934, -22.96957220000001], [-43.18655100000001, -22.9697432]]]}}, {"type": "Feature", "properties": {"osm_id": "way/1047905541", "building": "yes"}, "geometry": {"type": "Polygon", "coordinates": [[[-43.186433, -22.969884900000004], [-43.1866894, -22.970065799999997], [-43.1868073, -22.969924199999998], [-43.18655100000001, -22.9697432], [-43.186433, -22.969884900000004]]]}}, {"type": "Feature", "properties": {"osm_id": "way/1047905542", "building": "yes"}, "geometry": {"type": "Polygon", "coordinates": [[[-43.1864803, -22.970035900000003], [-43.1866425, -22.970150399999998], [-43.1867042, -22.970076300000002], [-43.1866894, -22.970065799999997], [-43.186433, -22.969884900000004], [-43.1863713, -22.969958999999996], [-43.1864803, -22.970035900000003]]]}}, {"type": "Feature", "properties": {"osm_id": "way/1047905543", "building": "yes"}, "geometry": {"type": "Polygon", "coordinates": [[[-43.186636, -22.970671199999995], [-43.1866497, -22.9706563], [-43.1866924, -22.970609899999992], [-43.1866238, -22.970556399999996], [-43.186699, -22.970474699999997], [-43.1867676, -22.97052819999999], [-43.1868365, -22.9704533], [-43.1866343, -22.9702956], [-43.1866049, -22.9703276], [-43.1864338, -22.970513399999998], [-43.186636, -22.970671199999995]]]}}, {"type": "Feature", "properties": {"osm_id": "way/1047905544", "building": "yes"}, "geometry": {"type": "Polygon", "coordinates": [[[-43.1866497, -22.9706563], [-43.186636, -22.970671199999995], [-43.1865855, -22.970726100000004], [-43.186813, -22.970903599999996], [-43.1869951, -22.9707058], [-43.1867676, -22.97052819999999], [-43.1866924, -22.970609899999992], [-43.1866497, -22.9706563]]]}}, {"type": "Feature", "properties": {"osm_id": "way/1047925781", "building": "yes"}, "geometry": {"type": "Polygon", "coordinates": [[[-43.1876656, -22.970428999999996], [-43.1875882, -22.97050629999999], [-43.1877849, -22.970673300000005], [-43.1878624, -22.970596], [-43.1876656, -22.970428999999996]]]}}, {"type": "Feature", "properties": {"osm_id": "way/1047925782", "building": "yes"}, "geometry": {"type": "Polygon", "coordinates": [[[-43.1880355, -22.9704499], [-43.1878766, -22.970323899999997], [-43.1878055, -22.970267600000007], [-43.1877164, -22.970364999999994], [-43.1879673, -22.970534200000003], [-43.1880355, -22.9704499]]]}}, {"type": "Feature", "properties": {"osm_id": "way/1047925783", "building": "yes"}, "geometry": {"type": "Polygon", "coordinates": [[[-43.1881121, -22.9703637], [-43.1879503, -22.970236299999993], [-43.1878766, -22.970323899999997], [-43.1880355, -22.9704499], [-43.1881121, -22.9703637]]]}}, {"type": "Feature", "properties": {"osm_id": "way/1047925784", "addr:city": "Rio de Janeiro", "addr:housenumber": "589", "addr:postcode": "22011-001", "addr:street": "R. Barata Ribeiro", "addr:suburb": "Copacabana", "amenity": "restaurant", "building": "yes", "cuisine": "dessert", "name": "Sorvete Alex"}, "geometry": {"type": "Polygon", "coordinates": [[[-43.1876757, -22.9700461], [-43.18754800000001, -22.970204900000002], [-43.18760970000001, -22.970253899999996], [-43.1877438, -22.970085299999997], [-43.1876757, -22.9700461]]]}}, {"type": "Feature", "properties": {"osm_id": "way/1047925785", "building": "yes"}, "geometry": {"type": "Polygon", "coordinates": [[[-43.18760970000001, -22.970253899999996], [-43.1877034, -22.9703225], [-43.187846, -22.9701618], [-43.1877438, -22.970085299999997], [-43.18760970000001, -22.970253899999996]]]}}, {"type": "Feature", "properties": {"osm_id": "way/1047925786", "building": "yes"}, "geometry": {"type": "Polygon", "coordinates": [[[-43.1873411, -22.970772099999998], [-43.1872543, -22.970863399999992], [-43.18735290000001, -22.970942800000007], [-43.1874834, -22.971047899999995], [-43.1875701, -22.97095669999999], [-43.1873411, -22.970772099999998]]]}}, {"type": "Feature", "properties": {"osm_id": "way/1048066690", "building": "yes"}, "geometry": {"type": "Polygon", "coordinates": [[[-43.1866049, -22.9703276], [-43.186454, -22.9702099], [-43.1862829, -22.9703957], [-43.1864338, -22.970513399999998], [-43.1866049, -22.9703276]]]}}, {"type": "Feature", "properties": {"osm_id": "way/1048066691", "building": "yes"}, "geometry": {"type": "Polygon", "coordinates": [[[-43.1871218, -22.970893899999993], [-43.1870186, -22.970810700000005], [-43.1868508, -22.970987199999996], [-43.186954, -22.971070399999995], [-43.1871218, -22.970893899999993]]]}}, {"type": "Feature", "properties": {"osm_id": "way/1048066692", "building": "yes"}, "geometry": {"type": "Polygon", "coordinates": [[[-43.1870179, -22.9711218], [-43.1871856, -22.970945300000004], [-43.1871218, -22.970893899999993], [-43.186954, -22.971070399999995], [-43.1870179, -22.9711218]]]}}, {"type": "Feature", "properties": {"osm_id": "way/1048066693", "building": "yes"}, "geometry": {"type": "Polygon", "coordinates": [[[-43.1872438, -22.971057600000005], [-43.187279, -22.971020599999992], [-43.1871856, -22.970945300000004], [-43.1870179, -22.9711218], [-43.1871112, -22.971197099999994], [-43.1872438, -22.971057600000005]]]}}, {"type": "Feature", "properties": {"osm_id": "way/1048066694", "building": "yes"}, "geometry": {"type": "Polygon", "coordinates": [[[-43.18735290000001, -22.970942800000007], [-43.187279, -22.971020599999992], [-43.1872438, -22.971057600000005], [-43.1873743, -22.971162699999997], [-43.1874834, -22.971047899999995], [-43.18735290000001, -22.970942800000007]]]}}, {"type": "Feature", "properties": {"osm_id": "way/1048066695", "building": "yes"}, "geometry": {"type": "Polygon", "coordinates": [[[-43.187963, -22.97109299999999], [-43.187830100000006, -22.970988499999997], [-43.1877046, -22.971123699999996], [-43.1878374, -22.971228199999995], [-43.187963, -22.97109299999999]]]}}, {"type": "Feature", "properties": {"osm_id": "way/1048066696", "building": "yes"}, "geometry": {"type": "Polygon", "coordinates": [[[-43.187963, -22.97109299999999], [-43.188090700000004, -22.970955399999994], [-43.18795790000001, -22.9708508], [-43.187830100000006, -22.970988499999997], [-43.187963, -22.97109299999999]]]}}, {"type": "Feature", "properties": {"osm_id": "way/1048066697", "building": "yes"}, "geometry": {"type": "Polygon", "coordinates": [[[-43.188090700000004, -22.970955399999994], [-43.1881752, -22.9708644], [-43.1880423, -22.97075979999999], [-43.18795790000001, -22.9708508], [-43.188090700000004, -22.970955399999994]]]}}, {"type": "Feature", "properties": {"osm_id": "way/1048066698", "building": "yes"}, "geometry": {"type": "Polygon", "coordinates": [[[-43.1884333, -22.970591399999993], [-43.1883408, -22.970690199999993], [-43.1882742, -22.970761200000002], [-43.1883732, -22.9708398], [-43.1885322, -22.970669899999997], [-43.1884333, -22.970591399999993]]]}}, {"type": "Feature", "properties": {"osm_id": "way/1048066699", "building": "yes"}, "geometry": {"type": "Polygon", "coordinates": [[[-43.1883755, -22.970545599999994], [-43.188283, -22.970644300000004], [-43.1883408, -22.970690199999993], [-43.1884333, -22.970591399999993], [-43.1883755, -22.970545599999994]]]}}, {"type": "Feature", "properties": {"osm_id": "way/1048066700", "building": "yes"}, "geometry": {"type": "Polygon", "coordinates": [[[-43.1884647, -22.970831200000003], [-43.1885256, -22.9708833], [-43.1884867, -22.9709218], [-43.1885223, -22.970952300000004], [-43.1885857, -22.97088949999999], [-43.1886507, -22.970825], [-43.1885542, -22.970742499999993], [-43.1884647, -22.970831200000003]]]}}, {"type": "Feature", "properties": {"osm_id": "way/1048066701", "building": "yes"}, "geometry": {"type": "Polygon", "coordinates": [[[-43.1885857, -22.97088949999999], [-43.1886577, -22.970950999999992], [-43.1887227, -22.9708866], [-43.1886507, -22.970825], [-43.1885857, -22.97088949999999]]]}}, {"type": "Feature", "properties": {"osm_id": "way/1048066702", "building": "yes"}, "geometry": {"type": "Polygon", "coordinates": [[[-43.1886577, -22.970950999999992], [-43.18852210000001, -22.9710855], [-43.1885978, -22.971150199999993], [-43.1887984, -22.970951300000003], [-43.1887227, -22.9708866], [-43.1886577, -22.970950999999992]]]}}, {"type": "Feature", "properties": {"osm_id": "way/1048066703", "building": "yes"}, "geometry": {"type": "Polygon", "coordinates": [[[-43.1885978, -22.971150199999993], [-43.1886768, -22.971217699999993], [-43.1887694, -22.9711259], [-43.1888774, -22.9710188], [-43.1887984, -22.970951300000003], [-43.1885978, -22.971150199999993]]]}}, {"type": "Feature", "properties": {"osm_id": "way/1048066704", "building": "yes"}, "geometry": {"type": "Polygon", "coordinates": [[[-43.1888774, -22.9710188], [-43.1887694, -22.9711259], [-43.188819, -22.971168300000002], [-43.1888549, -22.97113269999999], [-43.1888841, -22.971157699999996], [-43.1889562, -22.971086199999995], [-43.1888774, -22.9710188]]]}}, {"type": "Feature", "properties": {"osm_id": "way/1048066705", "building": "yes"}, "geometry": {"type": "Polygon", "coordinates": [[[-43.188847800000005, -22.971194499999996], [-43.188848400000005, -22.97119530000001], [-43.1889717, -22.971347899999994], [-43.1890761, -22.9712764], [-43.1889522, -22.971123000000002], [-43.188847800000005, -22.971194499999996]]]}}, {"type": "Feature", "properties": {"osm_id": "way/1048066706", "addr:city": "Rio de Janeiro", "addr:housenumber": "44", "addr:postcode": "22040-042", "addr:street": "Rua Raimundo Corrêa", "addr:suburb": "Copacabana", "building": "yes"}, "geometry": {"type": "Polygon", "coordinates": [[[-43.1889717, -22.971347899999994], [-43.1890388, -22.971430999999995], [-43.1891725, -22.971339499999996], [-43.18910540000001, -22.971256300000007], [-43.1890761, -22.9712764], [-43.1889717, -22.971347899999994]]]}}, {"type": "Feature", "properties": {"osm_id": "way/1048066707", "addr:city": "Rio de Janeiro", "addr:housenumber": "40", "addr:postcode": "22040-042", "addr:street": "Rua Raimundo Corrêa", "addr:suburb": "Copacabana", "building": "yes"}, "geometry": {"type": "Polygon", "coordinates": [[[-43.188848400000005, -22.97119530000001], [-43.1887143, -22.971287199999992], [-43.1889046, -22.971522900000004], [-43.1890388, -22.971430999999995], [-43.188848400000005, -22.97119530000001]]]}}, {"type": "Feature", "properties": {"osm_id": "way/1048066708", "addr:city": "Rio de Janeiro", "addr:housenumber": "38", "addr:postcode": "22040-042", "addr:street": "Rua Raimundo Corrêa", "addr:suburb": "Copacabana", "building": "yes"}, "geometry": {"type": "Polygon", "coordinates": [[[-43.1887143, -22.971287199999992], [-43.1886768, -22.971217699999993], [-43.1885366, -22.9713176], [-43.1886381, -22.9714433], [-43.1887744, -22.971612000000004], [-43.1889046, -22.971522900000004], [-43.1887143, -22.971287199999992]]]}}, {"type": "Feature", "properties": {"osm_id": "way/1048066709", "building": "yes"}, "geometry": {"type": "Polygon", "coordinates": [[[-43.1884754, -22.971554699999995], [-43.1883707, -22.971626399999995], [-43.1885409, -22.971837099999995], [-43.1886456, -22.971765400000002], [-43.1884754, -22.971554699999995]]]}}, {"type": "Feature", "properties": {"osm_id": "way/1048066710", "addr:city": "Rio de Janeiro", "addr:housenumber": "34", "addr:postcode": "22040-042", "addr:street": "Rua Raimundo Corrêa", "addr:suburb": "Copacabana", "building": "yes"}, "geometry": {"type": "Polygon", "coordinates": [[[-43.1888083, -22.971654], [-43.1887744, -22.971612000000004], [-43.1886381, -22.9714433], [-43.1884754, -22.971554699999995], [-43.1886456, -22.971765400000002], [-43.1888083, -22.971654]]]}}, {"type": "Feature", "properties": {"osm_id": "way/1048066711", "building": "yes"}, "geometry": {"type": "Polygon", "coordinates": [[[-43.1883707, -22.971626399999995], [-43.1883092, -22.9716685], [-43.1883703, -22.9717443], [-43.1885028, -22.971908300000003], [-43.18856430000001, -22.971866200000004], [-43.1885409, -22.971837099999995], [-43.1883707, -22.971626399999995]]]}}, {"type": "Feature", "properties": {"osm_id": "way/1048066712", "building": "yes"}, "geometry": {"type": "Polygon", "coordinates": [[[-43.1881551, -22.971828599999995], [-43.1883388, -22.972055899999997], [-43.1884119, -22.972005900000003], [-43.188261, -22.9718191], [-43.1882282, -22.971778500000003], [-43.1881551, -22.971828599999995]]]}}, {"type": "Feature", "properties": {"osm_id": "way/1048066713", "building": "yes"}, "geometry": {"type": "Polygon", "coordinates": [[[-43.1884587, -22.971973799999997], [-43.1884403, -22.971951100000002], [-43.1885028, -22.971908300000003], [-43.1883703, -22.9717443], [-43.188261, -22.9718191], [-43.1884119, -22.972005900000003], [-43.1884587, -22.971973799999997]]]}}, {"type": "Feature", "properties": {"osm_id": "way/1048066714", "building": "yes"}, "geometry": {"type": "Polygon", "coordinates": [[[-43.1882196, -22.972017799999996], [-43.1879893, -22.972213299999996], [-43.1879223, -22.9722703], [-43.18797, -22.972342], [-43.1880355, -22.972351799999995], [-43.188301, -22.972099199999995], [-43.1882196, -22.972017799999996]]]}}, {"type": "Feature", "properties": {"osm_id": "way/1048066715", "building": "yes"}, "geometry": {"type": "Polygon", "coordinates": [[[-43.1881824, -22.972016099999998], [-43.1880886, -22.971921600000005], [-43.1878586, -22.972153], [-43.187917, -22.972195399999997], [-43.1879417, -22.972172499999996], [-43.1879893, -22.972213299999996], [-43.1881824, -22.972016099999998]]]}}, {"type": "Feature", "properties": {"osm_id": "way/1048066716", "building": "yes"}, "geometry": {"type": "Polygon", "coordinates": [[[-43.1880886, -22.971921600000005], [-43.1881275, -22.971882499999992], [-43.1880019, -22.971775799999993], [-43.1877609, -22.972028900000005], [-43.1878586, -22.972153], [-43.1880886, -22.971921600000005]]]}}, {"type": "Feature", "properties": {"osm_id": "way/1048100289", "building": "yes"}, "geometry": {"type": "Polygon", "coordinates": [[[-43.1885201, -22.97256519999999], [-43.18841280000001, -22.9724516], [-43.1881436, -22.972667200000004], [-43.1882509, -22.972780699999994], [-43.1885201, -22.97256519999999]]]}}, {"type": "Feature", "properties": {"osm_id": "way/1048100290", "building": "yes"}, "geometry": {"type": "Polygon", "coordinates": [[[-43.1883049, -22.972838000000003], [-43.1885115, -22.972672600000006], [-43.1886117, -22.972592299999995], [-43.1885576, -22.9725351], [-43.1885201, -22.97256519999999], [-43.1882509, -22.972780699999994], [-43.1883049, -22.972838000000003]]]}}, {"type": "Feature", "properties": {"osm_id": "way/1048100291", "building": "yes"}, "geometry": {"type": "Polygon", "coordinates": [[[-43.1883719, -22.9729088], [-43.1885784, -22.972743400000002], [-43.1885115, -22.972672600000006], [-43.1883049, -22.972838000000003], [-43.1883719, -22.9729088]]]}}, {"type": "Feature", "properties": {"osm_id": "way/1048100292", "building": "yes"}, "geometry": {"type": "Polygon", "coordinates": [[[-43.1884569, -22.9729989], [-43.1885676, -22.9729102], [-43.1887131, -22.972793699999997], [-43.1886281, -22.9727037], [-43.1885784, -22.972743400000002], [-43.1883719, -22.9729088], [-43.1884569, -22.9729989]]]}}, {"type": "Feature", "properties": {"osm_id": "way/1048100293", "building": "yes"}, "geometry": {"type": "Polygon", "coordinates": [[[-43.188533, -22.973079400000007], [-43.1886437, -22.972990799999994], [-43.1885676, -22.9729102], [-43.1884569, -22.9729989], [-43.188533, -22.973079400000007]]]}}, {"type": "Feature", "properties": {"osm_id": "way/1048100294", "building": "yes"}, "geometry": {"type": "Polygon", "coordinates": [[[-43.1889303, -22.9724626], [-43.1888488, -22.972517399999994], [-43.1890025, -22.972711099999998], [-43.1890839, -22.972656399999998], [-43.1889303, -22.9724626]]]}}, {"type": "Feature", "properties": {"osm_id": "way/1048100295", "building": "yes"}, "geometry": {"type": "Polygon", "coordinates": [[[-43.1891569, -22.9726073], [-43.1890032, -22.972413599999992], [-43.1889303, -22.9724626], [-43.1890839, -22.972656399999998], [-43.1891569, -22.9726073]]]}}, {"type": "Feature", "properties": {"osm_id": "way/1048100296", "building": "yes"}, "geometry": {"type": "Polygon", "coordinates": [[[-43.1893108, -22.9725038], [-43.1891571, -22.972310099999998], [-43.1890032, -22.972413599999992], [-43.1891569, -22.9726073], [-43.1893108, -22.9725038]]]}}, {"type": "Feature", "properties": {"osm_id": "way/1048100297", "building": "yes"}, "geometry": {"type": "Polygon", "coordinates": [[[-43.1893952, -22.972447099999993], [-43.1892415, -22.972253400000003], [-43.1891571, -22.972310099999998], [-43.1893108, -22.9725038], [-43.1893952, -22.972447099999993]]]}}, {"type": "Feature", "properties": {"osm_id": "way/1048100298", "building": "yes"}, "geometry": {"type": "Polygon", "coordinates": [[[-43.1894842, -22.972387199999993], [-43.1893305, -22.972193499999992], [-43.1892415, -22.972253400000003], [-43.1893952, -22.972447099999993], [-43.1894842, -22.972387199999993]]]}}, {"type": "Feature", "properties": {"osm_id": "way/1048100299", "building": "yes"}, "geometry": {"type": "Polygon", "coordinates": [[[-43.1894515, -22.972112099999997], [-43.1893305, -22.972193499999992], [-43.1894842, -22.972387199999993], [-43.1896052, -22.9723059], [-43.1894515, -22.972112099999997]]]}}, {"type": "Feature", "properties": {"osm_id": "way/1048100300", "building": "yes"}, "geometry": {"type": "Polygon", "coordinates": [[[-43.1896982, -22.972243300000002], [-43.1895445, -22.972049600000002], [-43.1894515, -22.972112099999997], [-43.1896052, -22.9723059], [-43.1896982, -22.972243300000002]]]}}, {"type": "Feature", "properties": {"osm_id": "way/1048100301", "building": "yes"}, "geometry": {"type": "Polygon", "coordinates": [[[-43.18977670000001, -22.972190599999998], [-43.1897569, -22.972165599999993], [-43.1896796, -22.9720682], [-43.189623, -22.971996800000003], [-43.1895445, -22.972049600000002], [-43.1896982, -22.972243300000002], [-43.18977670000001, -22.972190599999998]]]}}, {"type": "Feature", "properties": {"osm_id": "way/1048100302", "building": "yes"}, "geometry": {"type": "Polygon", "coordinates": [[[-43.1898798, -22.9720829], [-43.1898025, -22.9719855], [-43.1896796, -22.9720682], [-43.1897569, -22.972165599999993], [-43.1898798, -22.9720829]]]}}, {"type": "Feature", "properties": {"osm_id": "way/1048100303", "building": "yes"}, "geometry": {"type": "Polygon", "coordinates": [[[-43.1894942, -22.971668599999994], [-43.1892973, -22.971862899999994], [-43.1893836, -22.971936999999997], [-43.1895805, -22.971742699999997], [-43.1894942, -22.971668599999994]]]}}, {"type": "Feature", "properties": {"osm_id": "way/1048100304", "building": "yes"}, "geometry": {"type": "Polygon", "coordinates": [[[-43.189413, -22.9715989], [-43.1892161, -22.971793200000004], [-43.1892347, -22.9718091], [-43.1892973, -22.971862899999994], [-43.1894942, -22.971668599999994], [-43.189413, -22.9715989]]]}}, {"type": "Feature", "properties": {"osm_id": "way/1048100305", "building": "yes"}, "geometry": {"type": "Polygon", "coordinates": [[[-43.1893311, -22.97152849999999], [-43.1891342, -22.971722799999995], [-43.1892161, -22.971793200000004], [-43.189413, -22.9715989], [-43.1893311, -22.97152849999999]]]}}, {"type": "Feature", "properties": {"osm_id": "way/1048100306", "addr:city": "Rio de Janeiro", "addr:housenumber": "53", "addr:postcode": "22040-041", "addr:street": "Rua Raimundo Corrêa", "addr:suburb": "Copacabana", "building": "yes"}, "geometry": {"type": "Polygon", "coordinates": [[[-43.1892575, -22.971465300000006], [-43.18908630000001, -22.9716342], [-43.1890606, -22.9716595], [-43.1891342, -22.971722799999995], [-43.1893311, -22.97152849999999], [-43.1892575, -22.971465300000006]]]}}, {"type": "Feature", "properties": {"osm_id": "way/1048100307", "building": "yes"}, "geometry": {"type": "Polygon", "coordinates": [[[-43.1889718, -22.971738800000008], [-43.1891504, -22.9718923], [-43.1892347, -22.9718091], [-43.1892161, -22.971793200000004], [-43.1891342, -22.971722799999995], [-43.1890606, -22.9716595], [-43.1889718, -22.971738800000008]]]}}, {"type": "Feature", "properties": {"osm_id": "way/1048100308", "building": "yes"}, "geometry": {"type": "Polygon", "coordinates": [[[-43.1889343, -22.97177589999999], [-43.1889349, -22.971776399999992], [-43.1891129, -22.971929300000006], [-43.1891504, -22.9718923], [-43.1889718, -22.971738800000008], [-43.1889343, -22.97177589999999]]]}}, {"type": "Feature", "properties": {"osm_id": "way/1048100309", "building": "yes"}, "geometry": {"type": "Polygon", "coordinates": [[[-43.1888643, -22.971845999999996], [-43.1890423, -22.971998999999993], [-43.1891129, -22.971929300000006], [-43.1889349, -22.971776399999992], [-43.1888643, -22.971845999999996]]]}}, {"type": "Feature", "properties": {"osm_id": "way/1048100310", "building": "yes"}, "geometry": {"type": "Polygon", "coordinates": [[[-43.1887671, -22.971917200000004], [-43.1889585, -22.9720816], [-43.1890423, -22.971998999999993], [-43.1888643, -22.971845999999996], [-43.1888509, -22.9718345], [-43.1887671, -22.971917200000004]]]}}, {"type": "Feature", "properties": {"osm_id": "way/1048100311", "building": "yes"}, "geometry": {"type": "Polygon", "coordinates": [[[-43.1886761, -22.972360300000005], [-43.1884847, -22.972195899999992], [-43.1884221, -22.972257599999992], [-43.1886135, -22.972422099999992], [-43.1886761, -22.972360300000005]]]}}, {"type": "Feature", "properties": {"osm_id": "way/1048100312", "building": "yes"}, "geometry": {"type": "Polygon", "coordinates": [[[-43.1886761, -22.972360300000005], [-43.188731, -22.9723061], [-43.1885396, -22.97214169999999], [-43.1884847, -22.972195899999992], [-43.1886761, -22.972360300000005]]]}}, {"type": "Feature", "properties": {"osm_id": "way/1048100313", "building": "yes"}, "geometry": {"type": "Polygon", "coordinates": [[[-43.1886154, -22.972066899999998], [-43.1885396, -22.97214169999999], [-43.188731, -22.9723061], [-43.1888068, -22.9722313], [-43.1886154, -22.972066899999998]]]}}, {"type": "Feature", "properties": {"osm_id": "way/1048100314", "building": "yes"}, "geometry": {"type": "Polygon", "coordinates": [[[-43.1888068, -22.9722313], [-43.188857, -22.972274499999997], [-43.1890087, -22.972124700000002], [-43.1889585, -22.9720816], [-43.1887671, -22.971917200000004], [-43.1886154, -22.972066899999998], [-43.1888068, -22.9722313]]]}}, {"type": "Feature", "properties": {"osm_id": "way/1048100315", "building": "yes"}, "geometry": {"type": "Polygon", "coordinates": [[[-43.1887414, -22.973335900000002], [-43.1887225, -22.9733128], [-43.1888637, -22.973213899999998], [-43.1887931, -22.973128399999993], [-43.1886291, -22.973243299999996], [-43.1885821, -22.973276099999993], [-43.1886605, -22.973385900000004], [-43.1887414, -22.973335900000002]]]}}, {"type": "Feature", "properties": {"osm_id": "way/1048100316", "building": "yes"}, "geometry": {"type": "Polygon", "coordinates": [[[-43.1886991, -22.973438999999996], [-43.1889519, -22.973282700000002], [-43.1889133, -22.9732297], [-43.1887414, -22.973335900000002], [-43.1886605, -22.973385900000004], [-43.1886991, -22.973438999999996]]]}}, {"type": "Feature", "properties": {"osm_id": "way/1048100317", "building": "yes"}, "geometry": {"type": "Polygon", "coordinates": [[[-43.188791, -22.973564900000007], [-43.1889742, -22.9734517], [-43.1890438, -22.973408700000004], [-43.1889519, -22.973282700000002], [-43.1886991, -22.973438999999996], [-43.188791, -22.973564900000007]]]}}, {"type": "Feature", "properties": {"osm_id": "way/1048100318", "building": "yes"}, "geometry": {"type": "Polygon", "coordinates": [[[-43.1888516, -22.973648099999995], [-43.1890349, -22.973534900000008], [-43.1889742, -22.9734517], [-43.188791, -22.973564900000007], [-43.1888516, -22.973648099999995]]]}}, {"type": "Feature", "properties": {"osm_id": "way/1048100319", "building": "yes"}, "geometry": {"type": "Polygon", "coordinates": [[[-43.1889362, -22.9737641], [-43.1891806, -22.973612999999997], [-43.1890961, -22.9734971], [-43.1890349, -22.973534900000008], [-43.1888516, -22.973648099999995], [-43.1889362, -22.9737641]]]}}, {"type": "Feature", "properties": {"osm_id": "way/1048100320", "building": "yes"}, "geometry": {"type": "Polygon", "coordinates": [[[-43.1890176, -22.9738588], [-43.1892742, -22.973702399999997], [-43.1892335, -22.97363719999999], [-43.1889504, -22.973785499999998], [-43.1890176, -22.9738588]]]}}, {"type": "Feature", "properties": {"osm_id": "way/1048100321", "building": "yes"}, "geometry": {"type": "Polygon", "coordinates": [[[-43.1892417, -22.9734357], [-43.18923600000001, -22.973427299999997], [-43.1891528, -22.973474699999993], [-43.1892894, -22.973677999999996], [-43.1893726, -22.9736305], [-43.1892417, -22.9734357]]]}}, {"type": "Feature", "properties": {"osm_id": "way/1048100322", "building": "yes"}, "geometry": {"type": "Polygon", "coordinates": [[[-43.1894249, -22.9736008], [-43.189294, -22.973405900000003], [-43.1892417, -22.9734357], [-43.1893726, -22.9736305], [-43.1894249, -22.9736008]]]}}, {"type": "Feature", "properties": {"osm_id": "way/1048100323", "building": "yes"}, "geometry": {"type": "Polygon", "coordinates": [[[-43.1895184, -22.973547499999995], [-43.18938750000001, -22.973352700000003], [-43.189294, -22.973405900000003], [-43.1894249, -22.9736008], [-43.1895184, -22.973547499999995]]]}}, {"type": "Feature", "properties": {"osm_id": "way/1048100324", "building": "yes"}, "geometry": {"type": "Polygon", "coordinates": [[[-43.1896024, -22.973499600000004], [-43.1894715, -22.9733048], [-43.18938750000001, -22.973352700000003], [-43.1895184, -22.973547499999995], [-43.1896024, -22.973499600000004]]]}}, {"type": "Feature", "properties": {"osm_id": "way/1048100325", "building": "yes"}, "geometry": {"type": "Polygon", "coordinates": [[[-43.189737300000004, -22.9734228], [-43.1896064, -22.973228000000002], [-43.1894715, -22.9733048], [-43.1896024, -22.973499600000004], [-43.189737300000004, -22.9734228]]]}}, {"type": "Feature", "properties": {"osm_id": "way/1048100326", "building": "yes"}, "geometry": {"type": "Polygon", "coordinates": [[[-43.1898805, -22.973341199999997], [-43.1897496, -22.9731464], [-43.1896064, -22.973228000000002], [-43.189737300000004, -22.9734228], [-43.1898805, -22.973341199999997]]]}}, {"type": "Feature", "properties": {"osm_id": "way/1048154755", "building": "yes"}, "geometry": {"type": "Polygon", "coordinates": [[[-43.1888637, -22.973213899999998], [-43.188957, -22.9731486], [-43.188978000000006, -22.973174], [-43.1890429, -22.9731286], [-43.1889512, -22.9730176], [-43.1887931, -22.973128399999993], [-43.1888637, -22.973213899999998]]]}}, {"type": "Feature", "properties": {"osm_id": "way/1048154756", "building": "yes"}, "geometry": {"type": "Polygon", "coordinates": [[[-43.1895067, -22.972602699999992], [-43.1893229, -22.972713999999996], [-43.1894589, -22.972904299999996], [-43.1896427, -22.9727929], [-43.1895067, -22.972602699999992]]]}}, {"type": "Feature", "properties": {"osm_id": "way/1048154757", "building": "yes"}, "geometry": {"type": "Polygon", "coordinates": [[[-43.1897485, -22.972728799999995], [-43.1897041, -22.9726666], [-43.1896126, -22.972538600000007], [-43.1895067, -22.972602699999992], [-43.1896427, -22.9727929], [-43.1897485, -22.972728799999995]]]}}, {"type": "Feature", "properties": {"osm_id": "way/1048154758", "building": "yes"}, "geometry": {"type": "Polygon", "coordinates": [[[-43.1897041, -22.9726666], [-43.1899422, -22.972522400000006], [-43.1898506, -22.972394299999994], [-43.1896126, -22.972538600000007], [-43.1897041, -22.9726666]]]}}, {"type": "Feature", "properties": {"osm_id": "way/1048154759", "building": "yes"}, "geometry": {"type": "Polygon", "coordinates": [[[-43.1901061, -22.9724231], [-43.1900146, -22.972295], [-43.1898506, -22.972394299999994], [-43.1899422, -22.972522400000006], [-43.1901061, -22.9724231]]]}}, {"type": "Feature", "properties": {"osm_id": "way/1048154760", "building": "yes"}, "geometry": {"type": "Polygon", "coordinates": [[[-43.19034130000001, -22.972568799999998], [-43.1901266, -22.97271449999999], [-43.1902061, -22.972813700000003], [-43.1903533, -22.9727138], [-43.1904207, -22.9726681], [-43.19034130000001, -22.972568799999998]]]}}, {"type": "Feature", "properties": {"osm_id": "way/1048154761", "building": "yes"}, "geometry": {"type": "Polygon", "coordinates": [[[-43.190289, -22.972503600000003], [-43.1900857, -22.972641600000003], [-43.1900744, -22.9726493], [-43.1901266, -22.97271449999999], [-43.19034130000001, -22.972568799999998], [-43.190289, -22.972503600000003]]]}}, {"type": "Feature", "properties": {"osm_id": "way/1048154762", "building": "yes"}, "geometry": {"type": "Polygon", "coordinates": [[[-43.1902264, -22.972425300000005], [-43.190023, -22.9725633], [-43.1900857, -22.972641600000003], [-43.190289, -22.972503600000003], [-43.1902264, -22.972425300000005]]]}}, {"type": "Feature", "properties": {"osm_id": "way/1048154763", "building": "yes"}, "geometry": {"type": "Polygon", "coordinates": [[[-43.1906184, -22.972914900000003], [-43.1904207, -22.9726681], [-43.1903533, -22.9727138], [-43.1904023, -22.972775000000002], [-43.190551, -22.972960699999998], [-43.1906184, -22.972914900000003]]]}}, {"type": "Feature", "properties": {"osm_id": "way/1048154764", "building": "yes"}, "geometry": {"type": "Polygon", "coordinates": [[[-43.1904023, -22.972775000000002], [-43.1903071, -22.97282879999999], [-43.1904373, -22.9730225], [-43.190551, -22.972960699999998], [-43.1904023, -22.972775000000002]]]}}, {"type": "Feature", "properties": {"osm_id": "way/1048154765", "building": "yes"}, "geometry": {"type": "Polygon", "coordinates": [[[-43.1904373, -22.9730225], [-43.1903071, -22.97282879999999], [-43.1902865, -22.972840499999997], [-43.1901897, -22.972895700000002], [-43.1903199, -22.97308940000001], [-43.1904373, -22.9730225]]]}}, {"type": "Feature", "properties": {"osm_id": "way/1048154766", "building": "yes"}, "geometry": {"type": "Polygon", "coordinates": [[[-43.1901897, -22.972895700000002], [-43.1900753, -22.972960900000004], [-43.1902054, -22.973154599999997], [-43.1903199, -22.97308940000001], [-43.1901897, -22.972895700000002]]]}}, {"type": "Feature", "properties": {"osm_id": "way/1048154767", "building": "yes"}, "geometry": {"type": "Polygon", "coordinates": [[[-43.1900753, -22.972960900000004], [-43.1899702, -22.9730207], [-43.1900805, -22.973184899999996], [-43.1901003, -22.973214399999996], [-43.1902054, -22.973154599999997], [-43.1900753, -22.972960900000004]]]}}, {"type": "Feature", "properties": {"osm_id": "way/1048154768", "building": "yes"}, "geometry": {"type": "Polygon", "coordinates": [[[-43.1899702, -22.9730207], [-43.1898754, -22.9730747], [-43.1899857, -22.973238899999995], [-43.1900805, -22.973184899999996], [-43.1899702, -22.9730207]]]}}, {"type": "Feature", "properties": {"osm_id": "way/1048194055", "building": "yes"}, "geometry": {"type": "Polygon", "coordinates": [[[-43.1890798, -22.972861199999993], [-43.1893344, -22.973217500000004], [-43.1894518, -22.973146400000005], [-43.1891972, -22.9727901], [-43.1890798, -22.972861199999993]]]}}, {"type": "Feature", "properties": {"osm_id": "way/1048194056", "building": "yes"}, "geometry": {"type": "Polygon", "coordinates": [[[-43.1891972, -22.9727901], [-43.1894518, -22.973146400000005], [-43.1895775, -22.973070299999996], [-43.1894589, -22.972904299999996], [-43.1893229, -22.972713999999996], [-43.1891972, -22.9727901]]]}}, {"type": "Feature", "properties": {"osm_id": "way/1048194057", "building": "yes"}, "geometry": {"type": "Polygon", "coordinates": [[[-43.1889969, -22.972911500000006], [-43.1892515, -22.97326779999999], [-43.1893344, -22.973217500000004], [-43.1890798, -22.972861199999993], [-43.1889969, -22.972911500000006]]]}}, {"type": "Feature", "properties": {"osm_id": "way/1048194058", "building": "yes"}, "geometry": {"type": "Polygon", "coordinates": [[[-43.1889161, -22.972960399999998], [-43.1889512, -22.9730176], [-43.1890429, -22.9731286], [-43.1891707, -22.973316699999998], [-43.1892515, -22.97326779999999], [-43.1889969, -22.972911500000006], [-43.1889161, -22.972960399999998]]]}}, {"type": "Feature", "properties": {"osm_id": "way/1048194059", "building": "yes"}, "geometry": {"type": "Polygon", "coordinates": [[[-43.1899386, -22.973308099999993], [-43.1898077, -22.973113299999998], [-43.1897496, -22.9731464], [-43.1898805, -22.973341199999997], [-43.1899386, -22.973308099999993]]]}}, {"type": "Feature", "properties": {"osm_id": "way/1048194060", "building": "yes"}, "geometry": {"type": "Polygon", "coordinates": [[[-43.1900063, -22.973269600000005], [-43.1899857, -22.973238899999995], [-43.1898754, -22.9730747], [-43.1898077, -22.973113299999998], [-43.1899386, -22.973308099999993], [-43.1900063, -22.973269600000005]]]}}, {"type": "Feature", "properties": {"osm_id": "way/1048194061", "building": "yes"}, "geometry": {"type": "Polygon", "coordinates": [[[-43.1893363, -22.974006800000005], [-43.1893164, -22.973970100000006], [-43.1892874, -22.973916699999993], [-43.1890984, -22.9740038], [-43.18914740000001, -22.974093899999996], [-43.1893363, -22.974006800000005]]]}}, {"type": "Feature", "properties": {"osm_id": "way/1048194062", "building": "yes"}, "geometry": {"type": "Polygon", "coordinates": [[[-43.1893164, -22.973970100000006], [-43.189381, -22.973940299999995], [-43.189401, -22.973977], [-43.1894218, -22.973967499999993], [-43.1894572, -22.973951099999997], [-43.189431, -22.973902899999995], [-43.1894696, -22.973885200000005], [-43.1894572, -22.9738601], [-43.1894478, -22.973842799999996], [-43.1892874, -22.973916699999993], [-43.1893164, -22.973970100000006]]]}}, {"type": "Feature", "properties": {"osm_id": "way/1048194063", "building": "yes"}, "geometry": {"type": "Polygon", "coordinates": [[[-43.1894696, -22.973885200000005], [-43.1895322, -22.9740124], [-43.18979980000001, -22.973883100000002], [-43.1897217, -22.973724999999998], [-43.1894572, -22.9738601], [-43.1894696, -22.973885200000005]]]}}, {"type": "Feature", "properties": {"osm_id": "way/1048194064", "building": "yes"}, "geometry": {"type": "Polygon", "coordinates": [[[-43.1894786, -22.9740719], [-43.1894218, -22.973967499999993], [-43.189401, -22.973977], [-43.1893363, -22.974006800000005], [-43.18914740000001, -22.974093899999996], [-43.1892042, -22.974198399999995], [-43.1894786, -22.9740719]]]}}, {"type": "Feature", "properties": {"osm_id": "way/1048194065", "building": "yes"}, "geometry": {"type": "Polygon", "coordinates": [[[-43.1892562, -22.974293999999993], [-43.1895305, -22.974167499999997], [-43.1894786, -22.9740719], [-43.1892042, -22.974198399999995], [-43.1892562, -22.974293999999993]]]}}, {"type": "Feature", "properties": {"osm_id": "way/1048194066", "building": "yes"}, "geometry": {"type": "Polygon", "coordinates": [[[-43.1893127, -22.974397899999992], [-43.189587, -22.974271399999992], [-43.1895305, -22.974167499999997], [-43.1892562, -22.974293999999993], [-43.1893127, -22.974397899999992]]]}}, {"type": "Feature", "properties": {"osm_id": "way/1048194067", "building": "yes"}, "geometry": {"type": "Polygon", "coordinates": [[[-43.1893644, -22.974493100000004], [-43.1894074, -22.974473300000003], [-43.1897449, -22.974317699999993], [-43.18969310000001, -22.974222499999993], [-43.189587, -22.974271399999992], [-43.1893127, -22.974397899999992], [-43.1893644, -22.974493100000004]]]}}, {"type": "Feature", "properties": {"osm_id": "way/1048194068", "building": "yes"}, "geometry": {"type": "Polygon", "coordinates": [[[-43.1894742, -22.97467330000001], [-43.189509, -22.974662500000004], [-43.1897247, -22.974595499999996], [-43.1898109, -22.974568699999992], [-43.1897418, -22.97437160000001], [-43.1894074, -22.974473300000003], [-43.1894742, -22.97467330000001]]]}}, {"type": "Feature", "properties": {"osm_id": "way/1048194069", "building": "yes"}, "geometry": {"type": "Polygon", "coordinates": [[[-43.189559, -22.974808799999998], [-43.1898065, -22.9747329], [-43.1897842, -22.974652799999994], [-43.18973290000001, -22.974665099999996], [-43.1897247, -22.974595499999996], [-43.189509, -22.974662500000004], [-43.189559, -22.974808799999998]]]}}, {"type": "Feature", "properties": {"osm_id": "way/1048194070", "building": "yes"}, "geometry": {"type": "Polygon", "coordinates": [[[-43.1899553, -22.9745999], [-43.1899359, -22.974548099999996], [-43.1898972, -22.974560300000007], [-43.1898881, -22.974535899999996], [-43.1898528, -22.974546999999998], [-43.1898813, -22.9746233], [-43.1899553, -22.9745999]]]}}, {"type": "Feature", "properties": {"osm_id": "way/1048194071", "building": "yes"}, "geometry": {"type": "Polygon", "coordinates": [[[-43.1902299, -22.974395199999996], [-43.1902885, -22.974524599999995], [-43.1902689, -22.974532100000005], [-43.1902989, -22.9745983], [-43.1903518, -22.974578000000005], [-43.1902633, -22.974382400000003], [-43.1902299, -22.974395199999996]]]}}, {"type": "Feature", "properties": {"osm_id": "way/1048194072", "building": "yes"}, "geometry": {"type": "Polygon", "coordinates": [[[-43.1901313, -22.974090999999994], [-43.1899, -22.974179799999998], [-43.18995050000001, -22.974291400000002], [-43.1901818, -22.9742026], [-43.1901313, -22.974090999999994]]]}}, {"type": "Feature", "properties": {"osm_id": "way/1048194073", "building": "yes"}, "geometry": {"type": "Polygon", "coordinates": [[[-43.190041300000004, -22.973892399999997], [-43.18996, -22.9737128], [-43.1898408, -22.9737586], [-43.1899221, -22.973938099999994], [-43.190041300000004, -22.973892399999997]]]}}, {"type": "Feature", "properties": {"osm_id": "way/1048194074", "building": "yes"}, "geometry": {"type": "Polygon", "coordinates": [[[-43.1899221, -22.973938099999994], [-43.189879, -22.9739547], [-43.1899363, -22.9740811], [-43.1900986, -22.974018800000003], [-43.190041300000004, -22.973892399999997], [-43.1899221, -22.973938099999994]]]}}, {"type": "Feature", "properties": {"osm_id": "way/1048194075", "building": "yes"}, "geometry": {"type": "Polygon", "coordinates": [[[-43.1899363, -22.9740811], [-43.1898673, -22.974107600000004], [-43.1899, -22.974179799999998], [-43.1901313, -22.974090999999994], [-43.1900986, -22.974018800000003], [-43.1899363, -22.9740811]]]}}, {"type": "Feature", "properties": {"osm_id": "way/1048194076", "building": "yes"}, "geometry": {"type": "Polygon", "coordinates": [[[-43.18995050000001, -22.974291400000002], [-43.1899164, -22.974304499999995], [-43.1899574, -22.974395000000005], [-43.1900661, -22.974353200000003], [-43.1902228, -22.974293099999993], [-43.1901818, -22.9742026], [-43.18995050000001, -22.974291400000002]]]}}, {"type": "Feature", "properties": {"osm_id": "way/1048194077", "building": "yes"}, "geometry": {"type": "Polygon", "coordinates": [[[-43.1900661, -22.974353200000003], [-43.1901066, -22.974442600000007], [-43.1902299, -22.974395199999996], [-43.1902633, -22.974382400000003], [-43.1902228, -22.974293099999993], [-43.1900661, -22.974353200000003]]]}}, {"type": "Feature", "properties": {"osm_id": "way/1048194078", "building": "yes"}, "geometry": {"type": "Polygon", "coordinates": [[[-43.1901116, -22.974514799999998], [-43.18995110000001, -22.9745652], [-43.1899825, -22.974649800000005], [-43.1901429, -22.974599399999995], [-43.1901116, -22.974514799999998]]]}}, {"type": "Feature", "properties": {"osm_id": "way/1048223556", "building": "yes"}, "geometry": {"type": "Polygon", "coordinates": [[[-43.1898123, -22.97490549999999], [-43.1898003, -22.974877699999993], [-43.189651100000006, -22.974932199999998], [-43.189737300000004, -22.9751322], [-43.18988660000001, -22.975077700000003], [-43.1898123, -22.97490549999999]]]}}, {"type": "Feature", "properties": {"osm_id": "way/1048223557", "building": "yes"}, "geometry": {"type": "Polygon", "coordinates": [[[-43.18988660000001, -22.975077700000003], [-43.189908900000006, -22.9751294], [-43.1900128, -22.9750914], [-43.1900067, -22.9750771], [-43.1899212, -22.974878999999998], [-43.1899162, -22.9748675], [-43.1898123, -22.97490549999999], [-43.18988660000001, -22.975077700000003]]]}}, {"type": "Feature", "properties": {"osm_id": "way/1048223558", "building": "yes"}, "geometry": {"type": "Polygon", "coordinates": [[[-43.1900067, -22.9750771], [-43.1901592, -22.975021299999995], [-43.1900738, -22.974823200000003], [-43.1899212, -22.974878999999998], [-43.1900067, -22.9750771]]]}}, {"type": "Feature", "properties": {"osm_id": "way/1048223559", "building": "yes"}, "geometry": {"type": "Polygon", "coordinates": [[[-43.1901592, -22.975021299999995], [-43.190171, -22.9750487], [-43.1902519, -22.975019100000004], [-43.1902269, -22.974960999999997], [-43.1901593, -22.974804400000004], [-43.1901547, -22.974793599999998], [-43.1900738, -22.974823200000003], [-43.1901592, -22.975021299999995]]]}}, {"type": "Feature", "properties": {"osm_id": "way/1048223560", "building": "yes"}, "geometry": {"type": "Polygon", "coordinates": [[[-43.1902269, -22.974960999999997], [-43.190342, -22.974918900000002], [-43.1903323, -22.97489829999999], [-43.1902748, -22.974761], [-43.1901593, -22.974804400000004], [-43.1902269, -22.974960999999997]]]}}, {"type": "Feature", "properties": {"osm_id": "way/1048223561", "building": "apartments"}, "geometry": {"type": "Polygon", "coordinates": [[[-43.1903323, -22.97489829999999], [-43.190363, -22.974887400000004], [-43.1905512, -22.9748206], [-43.1904937, -22.97468329999999], [-43.1902748, -22.974761], [-43.1903323, -22.97489829999999]]]}}, {"type": "Feature", "properties": {"osm_id": "way/1048223562", "building": "yes"}, "geometry": {"type": "Polygon", "coordinates": [[[-43.190363, -22.974887400000004], [-43.1904075, -22.9749936], [-43.1905957, -22.9749268], [-43.1905512, -22.9748206], [-43.190363, -22.974887400000004]]]}}, {"type": "Feature", "properties": {"osm_id": "way/1048223563", "building": "yes"}, "geometry": {"type": "Polygon", "coordinates": [[[-43.1904075, -22.9749936], [-43.1904428, -22.975077999999996], [-43.1904516, -22.97507489999999], [-43.1906729, -22.974996299999997], [-43.1906375, -22.974911899999995], [-43.1905957, -22.9749268], [-43.1904075, -22.9749936]]]}}, {"type": "Feature", "properties": {"osm_id": "way/1048223564", "building": "yes"}, "geometry": {"type": "Polygon", "coordinates": [[[-43.1904516, -22.97507489999999], [-43.1904053, -22.975091299999995], [-43.1904466, -22.9751898], [-43.1904774, -22.9751789], [-43.1907141, -22.975094799999994], [-43.1906729, -22.974996299999997], [-43.1904516, -22.97507489999999]]]}}, {"type": "Feature", "properties": {"osm_id": "way/1048223565", "building": "yes"}, "geometry": {"type": "Polygon", "coordinates": [[[-43.1904774, -22.9751789], [-43.1905205, -22.975281699999996], [-43.1907572, -22.975197699999992], [-43.1907141, -22.975094799999994], [-43.1904774, -22.9751789]]]}}, {"type": "Feature", "properties": {"osm_id": "way/1048223566", "building": "yes"}, "geometry": {"type": "Polygon", "coordinates": [[[-43.1905205, -22.975281699999996], [-43.1905726, -22.975406099999997], [-43.1908093, -22.975322], [-43.1907572, -22.975197699999992], [-43.1905205, -22.975281699999996]]]}}, {"type": "Feature", "properties": {"osm_id": "way/1048223567", "building": "yes"}, "geometry": {"type": "Polygon", "coordinates": [[[-43.1910752, -22.975685800000004], [-43.1909997, -22.97557659999999], [-43.1908949, -22.975622000000005], [-43.1909277, -22.975698700000002], [-43.1909489, -22.975748199999995], [-43.1910752, -22.975685800000004]]]}}, {"type": "Feature", "properties": {"osm_id": "way/1048223568", "building": "yes"}, "geometry": {"type": "Polygon", "coordinates": [[[-43.1908549, -22.9753638], [-43.1907655, -22.9754064], [-43.1908949, -22.975622000000005], [-43.1909997, -22.97557659999999], [-43.1908549, -22.9753638]]]}}, {"type": "Feature", "properties": {"osm_id": "way/1048223569", "building": "yes"}, "geometry": {"type": "Polygon", "coordinates": [[[-43.1908949, -22.975622000000005], [-43.1907655, -22.9754064], [-43.1906962, -22.975430500000005], [-43.1907363, -22.97550569999999], [-43.19083, -22.975681600000005], [-43.1908549, -22.975728299999997], [-43.1909277, -22.975698700000002], [-43.1908949, -22.975622000000005]]]}}, {"type": "Feature", "properties": {"osm_id": "way/1048223570", "building": "yes"}, "geometry": {"type": "Polygon", "coordinates": [[[-43.1907363, -22.97550569999999], [-43.1906038, -22.975565200000002], [-43.19061, -22.9755766], [-43.1906937, -22.9757295], [-43.1907024, -22.9757454], [-43.1907809, -22.975734000000003], [-43.19083, -22.975681600000005], [-43.1907363, -22.97550569999999]]]}}, {"type": "Feature", "properties": {"osm_id": "way/1048223571", "building": "yes"}, "geometry": {"type": "Polygon", "coordinates": [[[-43.19061, -22.9755766], [-43.190517500000006, -22.975610600000007], [-43.1905837, -22.975729000000005], [-43.1905961, -22.975751000000002], [-43.1906937, -22.9757295], [-43.19061, -22.9755766]]]}}, {"type": "Feature", "properties": {"osm_id": "way/1048223572", "building": "yes"}, "geometry": {"type": "Polygon", "coordinates": [[[-43.190517500000006, -22.975610600000007], [-43.1904713, -22.975552499999992], [-43.1902618, -22.9756291], [-43.1903018, -22.975690000000004], [-43.1902649, -22.9757028], [-43.1903065, -22.975779399999993], [-43.1905837, -22.975729000000005], [-43.190517500000006, -22.975610600000007]]]}}, {"type": "Feature", "properties": {"osm_id": "way/1048223573", "building": "yes"}, "geometry": {"type": "Polygon", "coordinates": [[[-43.1902649, -22.9757028], [-43.1903018, -22.975690000000004], [-43.1902618, -22.9756291], [-43.1900954, -22.975715599999997], [-43.1901355, -22.975789300000002], [-43.1903065, -22.975779399999993], [-43.1902649, -22.9757028]]]}}, {"type": "Feature", "properties": {"osm_id": "way/1048223574", "building": "yes"}, "geometry": {"type": "Polygon", "coordinates": [[[-43.1902618, -22.9756291], [-43.1904713, -22.975552499999992], [-43.1904081, -22.975463100000002], [-43.1900215, -22.9756461], [-43.1900661, -22.975731199999995], [-43.1900954, -22.975715599999997], [-43.1902618, -22.9756291]]]}}, {"type": "Feature", "properties": {"osm_id": "way/1048223575", "building": "yes"}, "geometry": {"type": "Polygon", "coordinates": [[[-43.1902402, -22.975468799999998], [-43.1901817, -22.9753638], [-43.1901454, -22.975387799999996], [-43.1899394, -22.9754725], [-43.19001840000001, -22.975576599999997], [-43.1902402, -22.975468799999998]]]}}, {"type": "Feature", "properties": {"osm_id": "way/1048223576", "building": "yes"}, "geometry": {"type": "Polygon", "coordinates": [[[-43.1901454, -22.975387799999996], [-43.1900679, -22.975227899999997], [-43.1898619, -22.9753126], [-43.1899394, -22.9754725], [-43.1901454, -22.975387799999996]]]}}, {"type": "Feature", "properties": {"osm_id": "way/1048223577", "building": "yes"}, "geometry": {"type": "Polygon", "coordinates": [[[-43.1900679, -22.975227899999997], [-43.1901073, -22.975211700000003], [-43.1900783, -22.975151999999994], [-43.1899843, -22.975190699999995], [-43.1898329, -22.975252899999994], [-43.1898619, -22.9753126], [-43.1900679, -22.975227899999997]]]}}, {"type": "Feature", "properties": {"osm_id": "way/1048223578", "building": "yes"}, "geometry": {"type": "Polygon", "coordinates": [[[-43.1899843, -22.975190699999995], [-43.189951, -22.975122], [-43.18979960000001, -22.975184199999998], [-43.1898329, -22.975252899999994], [-43.1899843, -22.975190699999995]]]}}, {"type": "Feature", "properties": {"osm_id": "way/1048243246", "building": "yes"}, "geometry": {"type": "Polygon", "coordinates": [[[-43.190687, -22.975955299999992], [-43.1907182, -22.976121199999998], [-43.1907286, -22.976176500000005], [-43.1908288, -22.976158099999992], [-43.1907733, -22.975933999999995], [-43.190687, -22.975955299999992]]]}}, {"type": "Feature", "properties": {"osm_id": "way/1048243247", "building": "yes"}, "geometry": {"type": "Polygon", "coordinates": [[[-43.1908288, -22.976158099999992], [-43.1909304, -22.976149599999996], [-43.1908817, -22.975937200000004], [-43.1908781, -22.97592119999999], [-43.1907733, -22.975933999999995], [-43.1908288, -22.976158099999992]]]}}, {"type": "Feature", "properties": {"osm_id": "way/1048243248", "building": "yes"}, "geometry": {"type": "Polygon", "coordinates": [[[-43.1909304, -22.976149599999996], [-43.1910599, -22.976116999999995], [-43.1910029, -22.975914100000004], [-43.1908817, -22.975937200000004], [-43.1909304, -22.976149599999996]]]}}, {"type": "Feature", "properties": {"osm_id": "way/1048243249", "building": "yes"}, "geometry": {"type": "Polygon", "coordinates": [[[-43.1906732, -22.9759326], [-43.1905838, -22.975943899999997], [-43.1906258, -22.976105499999992], [-43.1906347, -22.976139600000003], [-43.1907182, -22.976121199999998], [-43.190687, -22.975955299999992], [-43.1906732, -22.9759326]]]}}, {"type": "Feature", "properties": {"osm_id": "way/1048243250", "building": "yes"}, "geometry": {"type": "Polygon", "coordinates": [[[-43.1904806, -22.975949600000007], [-43.1905077, -22.9760711], [-43.1905176, -22.9761155], [-43.1905531, -22.9761122], [-43.1906258, -22.976105499999992], [-43.1905838, -22.975943899999997], [-43.1904806, -22.975949600000007]]]}}, {"type": "Feature", "properties": {"osm_id": "way/1048243251", "building": "yes"}, "geometry": {"type": "Polygon", "coordinates": [[[-43.1903959, -22.9759567], [-43.1904104, -22.9760054], [-43.1904137, -22.976016300000012], [-43.1904344, -22.976085699999988], [-43.1904494, -22.976082799999997], [-43.1905077, -22.9760711], [-43.1904806, -22.975949600000007], [-43.1903959, -22.9759567]]]}}, {"type": "Feature", "properties": {"osm_id": "way/1048243252", "building": "yes"}, "geometry": {"type": "Polygon", "coordinates": [[[-43.19038510000001, -22.975928299999996], [-43.1901972, -22.9759694], [-43.19023260000001, -22.976095700000002], [-43.190258, -22.976087699999997], [-43.1903004, -22.9760744], [-43.19029810000001, -22.976044199999993], [-43.1902973, -22.9760333], [-43.1904104, -22.9760054], [-43.1903959, -22.9759567], [-43.19038510000001, -22.975928299999996]]]}}, {"type": "Feature", "properties": {"osm_id": "way/1048243253", "building": "yes"}, "geometry": {"type": "Polygon", "coordinates": [[[-43.1902911, -22.976163800000002], [-43.1904714, -22.9761297], [-43.1904494, -22.976082799999997], [-43.1904344, -22.976085699999988], [-43.1904137, -22.976016300000012], [-43.19029810000001, -22.976044199999993], [-43.1903004, -22.9760744], [-43.190258, -22.976087699999997], [-43.1902911, -22.976163800000002]]]}}, {"type": "Feature", "properties": {"osm_id": "way/1048243254", "building": "yes"}, "geometry": {"type": "Polygon", "coordinates": [[[-43.1905854, -22.97629], [-43.1905531, -22.9761122], [-43.1904714, -22.9761297], [-43.1902911, -22.976163800000002], [-43.1903296, -22.97634529999999], [-43.1905854, -22.97629]]]}}, {"type": "Feature", "properties": {"osm_id": "way/1048243255", "building": "yes"}, "geometry": {"type": "Polygon", "coordinates": [[[-43.1903528, -22.976437500000003], [-43.1904023, -22.976425800000005], [-43.1905713, -22.976385799999996], [-43.1906285, -22.9763722], [-43.1905854, -22.97629], [-43.1903296, -22.97634529999999], [-43.1903528, -22.976437500000003]]]}}, {"type": "Feature", "properties": {"osm_id": "way/1048243256", "building": "yes", "name": "Shopping Copacabana Center"}, "geometry": {"type": "Polygon", "coordinates": [[[-43.1904436, -22.9765992], [-43.1906162, -22.9765566], [-43.1905713, -22.976385799999996], [-43.1904023, -22.976425800000005], [-43.1904436, -22.9765992]]]}}, {"type": "Feature", "properties": {"osm_id": "way/1048243257", "building": "yes"}, "geometry": {"type": "Polygon", "coordinates": [[[-43.190456, -22.976799199999995], [-43.1906609, -22.9767566], [-43.1906544, -22.9767354], [-43.1906362, -22.9766758], [-43.1904976, -22.976708399999996], [-43.1904775, -22.976653099999996], [-43.1904128, -22.976670099999993], [-43.190456, -22.976799199999995]]]}}, {"type": "Feature", "properties": {"osm_id": "way/1048243258", "building": "yes"}, "geometry": {"type": "Polygon", "coordinates": [[[-43.1908103, -22.976709799999995], [-43.1907502, -22.976532500000005], [-43.1906162, -22.9765566], [-43.1906362, -22.9766758], [-43.1906544, -22.9767354], [-43.1908103, -22.976709799999995]]]}}, {"type": "Feature", "properties": {"osm_id": "way/1048243259", "building": "yes"}, "geometry": {"type": "Polygon", "coordinates": [[[-43.19094590000001, -22.976684299999995], [-43.190912, -22.976508400000004], [-43.1907502, -22.976532500000005], [-43.1908103, -22.976709799999995], [-43.19094590000001, -22.976684299999995]]]}}, {"type": "Feature", "properties": {"osm_id": "way/1048243260", "building": "yes"}, "geometry": {"type": "Polygon", "coordinates": [[[-43.1911492, -22.976648799999992], [-43.1911122, -22.97648149999999], [-43.190912, -22.976508400000004], [-43.19094590000001, -22.976684299999995], [-43.1911492, -22.976648799999992]]]}}, {"type": "Feature", "properties": {"osm_id": "way/1048243261", "building": "yes"}, "geometry": {"type": "Polygon", "coordinates": [[[-43.1910722, -22.976309799999996], [-43.1910907, -22.976399200000007], [-43.19127240000001, -22.976359500000004], [-43.1912447, -22.976272999999996], [-43.1910722, -22.976309799999996]]]}}, {"type": "Feature", "properties": {"osm_id": "way/1048243262", "building": "yes"}, "geometry": {"type": "Polygon", "coordinates": [[[-43.1913587, -22.977033200000005], [-43.1913017, -22.976813300000003], [-43.191105, -22.976863600000005], [-43.19116470000001, -22.977081700000003], [-43.1913587, -22.977033200000005]]]}}, {"type": "Feature", "properties": {"osm_id": "way/1048243263", "building": "yes"}, "geometry": {"type": "Polygon", "coordinates": [[[-43.1914676, -22.9772295], [-43.1914619, -22.977148099999997], [-43.1912016, -22.977191999999988], [-43.1912257, -22.97728189999999], [-43.1914676, -22.9772295]]]}}, {"type": "Feature", "properties": {"osm_id": "way/1048243264", "building": "yes"}, "geometry": {"type": "Polygon", "coordinates": [[[-43.1908972, -22.977478599999994], [-43.1908598, -22.977360499999996], [-43.1905996, -22.9774204], [-43.1906321, -22.9775308], [-43.1908972, -22.977478599999994]]]}}, {"type": "Feature", "properties": {"osm_id": "way/1048243265", "building": "yes"}, "geometry": {"type": "Polygon", "coordinates": [[[-43.1908069, -22.977145299999997], [-43.1907919, -22.977059100000005], [-43.190566, -22.9771106], [-43.1905894, -22.977198099999992], [-43.1908069, -22.977145299999997]]]}}, {"type": "Feature", "properties": {"osm_id": "way/1048248410", "building": "yes"}, "geometry": {"type": "Polygon", "coordinates": [[[-43.1912295, -22.976634999999995], [-43.1911832, -22.976467799999998], [-43.1911122, -22.97648149999999], [-43.1911492, -22.976648799999992], [-43.1912295, -22.976634999999995]]]}}, {"type": "Feature", "properties": {"osm_id": "way/1048248411", "building": "yes"}, "geometry": {"type": "Polygon", "coordinates": [[[-43.1913277, -22.978544600000003], [-43.1913992, -22.978528499999996], [-43.1913762, -22.9784519], [-43.1912238, -22.978492], [-43.1912417, -22.9785639], [-43.1913277, -22.978544600000003]]]}}, {"type": "Feature", "properties": {"osm_id": "way/1048248412", "building": "yes"}, "geometry": {"type": "Polygon", "coordinates": [[[-43.191339, -22.9785722], [-43.1913493, -22.9786169], [-43.1913685, -22.9786122], [-43.1913787, -22.978672399999994], [-43.191444, -22.978659399999994], [-43.1914171, -22.978563899999997], [-43.191339, -22.9785722]]]}}, {"type": "Feature", "properties": {"osm_id": "way/1048248413", "building": "yes"}, "geometry": {"type": "Polygon", "coordinates": [[[-43.191339, -22.9785722], [-43.1913277, -22.978544600000003], [-43.1912417, -22.9785639], [-43.19123020000001, -22.978563899999997], [-43.1912673, -22.978697099999994], [-43.1913518, -22.978683], [-43.1913493, -22.9786169], [-43.191339, -22.9785722]]]}}, {"type": "Feature", "properties": {"osm_id": "way/1048248414", "building": "yes"}, "geometry": {"type": "Polygon", "coordinates": [[[-43.191348, -22.978372900000004], [-43.1911918, -22.9784095], [-43.1912238, -22.978492], [-43.1913762, -22.9784519], [-43.191348, -22.978372900000004]]]}}, {"type": "Feature", "properties": {"osm_id": "way/1048248415", "building": "yes"}, "geometry": {"type": "Polygon", "coordinates": [[[-43.1915724, -22.978433500000005], [-43.1916233, -22.978422399999996], [-43.1916041, -22.978356400000003], [-43.1914632, -22.97837999999999], [-43.1914763, -22.978452299999997], [-43.1915724, -22.978433500000005]]]}}, {"type": "Feature", "properties": {"osm_id": "way/1048248416", "building": "yes"}, "geometry": {"type": "Polygon", "coordinates": [[[-43.1913185, -22.977878899999997], [-43.1913506, -22.978011], [-43.1914788, -22.977982000000004], [-43.1914365, -22.9778541], [-43.1913185, -22.977878899999997]]]}}, {"type": "Feature", "properties": {"osm_id": "way/1048248417", "building": "yes"}, "geometry": {"type": "Polygon", "coordinates": [[[-43.1916955, -22.9787244], [-43.1917544, -22.978926500000004], [-43.1918865, -22.9788931], [-43.1918431, -22.9786996], [-43.1916955, -22.9787244]]]}}, {"type": "Feature", "properties": {"osm_id": "way/1048277478", "building": "yes"}, "geometry": {"type": "Polygon", "coordinates": [[[-43.1834425, -22.9699257], [-43.1833615, -22.9698711], [-43.1832075, -22.970064700000002], [-43.1831892, -22.970087799999995], [-43.1832703, -22.970142399999993], [-43.1834425, -22.9699257]]]}}, {"type": "Feature", "properties": {"osm_id": "way/1048277479", "building": "yes"}, "geometry": {"type": "Polygon", "coordinates": [[[-43.1833659, -22.969865499999997], [-43.1832506, -22.969787800000006], [-43.1830922, -22.969987], [-43.1832075, -22.970064700000002], [-43.1833659, -22.969865499999997]]]}}, {"type": "Feature", "properties": {"osm_id": "way/1048277480", "building": "yes"}, "geometry": {"type": "Polygon", "coordinates": [[[-43.1831243, -22.9696363], [-43.1831831, -22.969670699999998], [-43.1832767, -22.9697236], [-43.1833343, -22.969657500000007], [-43.1831832, -22.969556099999995], [-43.1831243, -22.9696363]]]}}, {"type": "Feature", "properties": {"osm_id": "way/1048277481", "building": "yes"}, "geometry": {"type": "Polygon", "coordinates": [[[-43.1834907, -22.969448499999995], [-43.1833447, -22.969347400000004], [-43.1832084, -22.9695143], [-43.1833544, -22.969615399999995], [-43.1834907, -22.969448499999995]]]}}, {"type": "Feature", "properties": {"osm_id": "way/1048277482", "building": "yes"}, "geometry": {"type": "Polygon", "coordinates": [[[-43.1833467, -22.969646], [-43.1834652, -22.969722299999994], [-43.1834774, -22.969706299999995], [-43.1836136, -22.969526900000005], [-43.1834907, -22.969448499999995], [-43.1833467, -22.969646]]]}}, {"type": "Feature", "properties": {"osm_id": "way/1048277483", "building": "yes"}, "geometry": {"type": "Polygon", "coordinates": [[[-43.1834774, -22.969706299999995], [-43.1835757, -22.969769599999985], [-43.1837275, -22.9695698], [-43.1836292, -22.969506499999994], [-43.1836136, -22.969526900000005], [-43.1834774, -22.969706299999995]]]}}, {"type": "Feature", "properties": {"osm_id": "way/1048277484", "building": "yes"}, "geometry": {"type": "Polygon", "coordinates": [[[-43.1837542, -22.969690499999995], [-43.1836385, -22.969825799999995], [-43.1838105, -22.9699506], [-43.1839262, -22.969815299999997], [-43.1837542, -22.969690499999995]]]}}, {"type": "Feature", "properties": {"osm_id": "way/1048277485", "building": "yes"}, "geometry": {"type": "Polygon", "coordinates": [[[-43.1836385, -22.969825799999995], [-43.1835539, -22.9699246], [-43.1837259, -22.970049399999994], [-43.1838105, -22.9699506], [-43.1836385, -22.969825799999995]]]}}, {"type": "Feature", "properties": {"osm_id": "way/1048277486", "building": "yes"}, "geometry": {"type": "Polygon", "coordinates": [[[-43.1835392, -22.970086100000003], [-43.1834846, -22.9701468], [-43.1833656, -22.970055899999995], [-43.1832659, -22.9701665], [-43.183345800000005, -22.9702276], [-43.1834909, -22.9703385], [-43.1835216, -22.970304399999996], [-43.1836453, -22.970167199999995], [-43.1835392, -22.970086100000003]]]}}, {"type": "Feature", "properties": {"osm_id": "way/1048277487", "building": "yes"}, "geometry": {"type": "Polygon", "coordinates": [[[-43.1837955, -22.970449499999997], [-43.1838927, -22.970326599999996], [-43.1838105, -22.970271500000003], [-43.1836525, -22.970471499999995], [-43.1837723, -22.970551799999992], [-43.1838332, -22.970474800000005], [-43.1837955, -22.970449499999997]]]}}, {"type": "Feature", "properties": {"osm_id": "way/1048277488", "building": "yes"}, "geometry": {"type": "Polygon", "coordinates": [[[-43.1838874, -22.970629], [-43.1839201, -22.97058760000001], [-43.1839418, -22.970560200000005], [-43.1839097, -22.970538699999995], [-43.1839817, -22.970447700000005], [-43.1839229, -22.970408299999995], [-43.1838575, -22.970491100000004], [-43.1838332, -22.970474800000005], [-43.1837723, -22.970551799999992], [-43.1838874, -22.970629]]]}}, {"type": "Feature", "properties": {"osm_id": "way/1048277489", "building": "yes"}, "geometry": {"type": "Polygon", "coordinates": [[[-43.1838692, -22.97065199999999], [-43.1839827, -22.970736399999996], [-43.1840411, -22.970667999999996], [-43.1840191, -22.9706531], [-43.1840631, -22.9705974], [-43.1840875, -22.970613699999998], [-43.1841267, -22.9705678], [-43.1840067, -22.970486099999995], [-43.1839699, -22.970532600000002], [-43.183991, -22.970546799999997], [-43.1839454, -22.9706045], [-43.1839201, -22.97058760000001], [-43.1838874, -22.970629], [-43.1838692, -22.97065199999999]]]}}, {"type": "Feature", "properties": {"osm_id": "way/1048277490", "building": "yes"}, "geometry": {"type": "Polygon", "coordinates": [[[-43.1841108, -22.970829199999997], [-43.1842548, -22.970660599999995], [-43.1841267, -22.9705678], [-43.1840875, -22.970613699999998], [-43.1840411, -22.970667999999996], [-43.1839827, -22.970736399999996], [-43.1841108, -22.970829199999997]]]}}, {"type": "Feature", "properties": {"osm_id": "way/1048277491", "building": "yes"}, "geometry": {"type": "Polygon", "coordinates": [[[-43.184198, -22.970892299999992], [-43.184275, -22.970802100000004], [-43.1842302, -22.9707696], [-43.1842644, -22.9707296], [-43.1843077, -22.970760999999992], [-43.18436270000001, -22.97069669999999], [-43.184277, -22.970634600000004], [-43.1842548, -22.970660599999995], [-43.1841108, -22.970829199999997], [-43.184198, -22.970892299999992]]]}}, {"type": "Feature", "properties": {"osm_id": "way/1048277492", "building": "yes"}, "geometry": {"type": "Polygon", "coordinates": [[[-43.1842829, -22.97095379999999], [-43.18436, -22.9708636], [-43.184275, -22.970802100000004], [-43.184198, -22.970892299999992], [-43.1842829, -22.97095379999999]]]}}, {"type": "Feature", "properties": {"osm_id": "way/1048277493", "building": "yes"}, "geometry": {"type": "Polygon", "coordinates": [[[-43.1843943, -22.971034400000004], [-43.1844399, -22.970981], [-43.1843812, -22.970938500000003], [-43.1844287, -22.970882899999996], [-43.1844874, -22.9709254], [-43.1845278, -22.9708781], [-43.1844165, -22.970797499999996], [-43.18436, -22.9708636], [-43.1842829, -22.97095379999999], [-43.1843943, -22.971034400000004]]]}}, {"type": "Feature", "properties": {"osm_id": "way/1048277494", "building": "yes"}, "geometry": {"type": "Polygon", "coordinates": [[[-43.1843624, -22.971071699999996], [-43.1845253, -22.971189599999995], [-43.1846503, -22.971043299999995], [-43.1844874, -22.9709254], [-43.1844399, -22.970981], [-43.1843943, -22.971034400000004], [-43.1843624, -22.971071699999996]]]}}, {"type": "Feature", "properties": {"osm_id": "way/1048277495", "building": "yes"}, "geometry": {"type": "Polygon", "coordinates": [[[-43.1847199, -22.9706646], [-43.1847165, -22.970668199999995], [-43.1845853, -22.970805400000003], [-43.1845505, -22.9708419], [-43.184723, -22.9709625], [-43.1847819, -22.970895099999996], [-43.1847433, -22.970869799999992], [-43.1847756, -22.970834799999995], [-43.1848076, -22.9708606], [-43.1848632, -22.970793699999998], [-43.1847199, -22.9706646]]]}}, {"type": "Feature", "properties": {"osm_id": "way/1048277496", "building": "yes"}, "geometry": {"type": "Polygon", "coordinates": [[[-43.1845952, -22.9705795], [-43.184591, -22.970583599999998], [-43.1845239, -22.970669500000003], [-43.1844781, -22.9707256], [-43.1845853, -22.970805400000003], [-43.1847165, -22.970668199999995], [-43.1845952, -22.9705795]]]}}, {"type": "Feature", "properties": {"osm_id": "way/1048277497", "building": "yes"}, "geometry": {"type": "Polygon", "coordinates": [[[-43.1845103, -22.970530199999995], [-43.1843858, -22.970689699999998], [-43.18444730000001, -22.970730399999994], [-43.1845047, -22.970656799999993], [-43.1845239, -22.970669500000003], [-43.184591, -22.970583599999998], [-43.1845103, -22.970530199999995]]]}}, {"type": "Feature", "properties": {"osm_id": "way/1048277498", "building": "yes"}, "geometry": {"type": "Polygon", "coordinates": [[[-43.1844198, -22.970468], [-43.1843459, -22.9705493], [-43.1843306, -22.970566000000005], [-43.1844092, -22.9706266], [-43.1844984, -22.970528599999998], [-43.1844198, -22.970468]]]}}, {"type": "Feature", "properties": {"osm_id": "way/1048277499", "building": "yes"}, "geometry": {"type": "Polygon", "coordinates": [[[-43.1844301, -22.970456699999996], [-43.1842422, -22.970311699999996], [-43.184158, -22.970404300000006], [-43.1843459, -22.9705493], [-43.1844198, -22.970468], [-43.1844301, -22.970456699999996]]]}}, {"type": "Feature", "properties": {"osm_id": "way/1048277500", "building": "yes"}, "geometry": {"type": "Polygon", "coordinates": [[[-43.1842663, -22.970285200000003], [-43.1841898, -22.970226200000003], [-43.1840421, -22.9703885], [-43.1841187, -22.97044749999999], [-43.184158, -22.970404300000006], [-43.1842422, -22.970311699999996], [-43.1842663, -22.970285200000003]]]}}, {"type": "Feature", "properties": {"osm_id": "way/1048277501", "building": "roof", "layer": "1"}, "geometry": {"type": "Polygon", "coordinates": [[[-43.1837327, -22.970607], [-43.183664, -22.970687399999996], [-43.18375, -22.9707496], [-43.1838187, -22.970669200000003], [-43.1837327, -22.970607]]]}}, {"type": "Feature", "properties": {"osm_id": "way/1048277502", "building": "yes"}, "geometry": {"type": "Polygon", "coordinates": [[[-43.1852465, -22.971608899999996], [-43.1853275, -22.971519200000003], [-43.1853501, -22.971492], [-43.1851834, -22.97136669999999], [-43.1849521, -22.971627600000005], [-43.1851189, -22.9717529], [-43.1852465, -22.971608899999996]]]}}, {"type": "Feature", "properties": {"osm_id": "way/1048277503", "building": "yes"}, "geometry": {"type": "Polygon", "coordinates": [[[-43.1853501, -22.971492], [-43.1854158, -22.971417400000004], [-43.1852485, -22.971292999999996], [-43.1851834, -22.97136669999999], [-43.1853501, -22.971492]]]}}, {"type": "Feature", "properties": {"osm_id": "way/1048277504", "building": "yes"}, "geometry": {"type": "Polygon", "coordinates": [[[-43.1854158, -22.971417400000004], [-43.1854902, -22.971332599999997], [-43.1853229, -22.971208200000007], [-43.1852485, -22.971292999999996], [-43.1854158, -22.971417400000004]]]}}, {"type": "Feature", "properties": {"osm_id": "way/1048277505", "building": "yes"}, "geometry": {"type": "Polygon", "coordinates": [[[-43.1853275, -22.971519200000003], [-43.1854757, -22.9716339], [-43.1856237, -22.971471899999994], [-43.1854757, -22.9713571], [-43.1853275, -22.971519200000003]]]}}, {"type": "Feature", "properties": {"osm_id": "way/1048277506", "building": "yes"}, "geometry": {"type": "Polygon", "coordinates": [[[-43.1854757, -22.9716339], [-43.1855509, -22.971692100000002], [-43.1856989, -22.971530100000003], [-43.1856237, -22.971471899999994], [-43.1854757, -22.9716339]]]}}, {"type": "Feature", "properties": {"osm_id": "way/1048277507", "building": "yes"}, "geometry": {"type": "Polygon", "coordinates": [[[-43.1855509, -22.971692100000002], [-43.1856125, -22.971738999999996], [-43.1857617, -22.971581299999993], [-43.1856989, -22.971530100000003], [-43.1855509, -22.971692100000002]]]}}, {"type": "Feature", "properties": {"osm_id": "way/1048277508", "building": "yes"}, "geometry": {"type": "Polygon", "coordinates": [[[-43.1856125, -22.971738999999996], [-43.1857302, -22.971833399999998], [-43.185879500000006, -22.971677099999997], [-43.1857617, -22.971581299999993], [-43.1856125, -22.971738999999996]]]}}, {"type": "Feature", "properties": {"osm_id": "way/1048277509", "building": "yes"}, "geometry": {"type": "Polygon", "coordinates": [[[-43.1857302, -22.971833399999998], [-43.1857283, -22.971840499999995], [-43.1857958, -22.971895100000005], [-43.1858336, -22.9718499], [-43.1859498, -22.971734400000003], [-43.185879500000006, -22.971677099999997], [-43.1857302, -22.971833399999998]]]}}, {"type": "Feature", "properties": {"osm_id": "way/1048277510", "building": "yes"}, "geometry": {"type": "Polygon", "coordinates": [[[-43.1858336, -22.9718499], [-43.1858946, -22.971900599999998], [-43.1860026, -22.971791299999992], [-43.18600930000001, -22.971785099999995], [-43.1859498, -22.971734400000003], [-43.1858336, -22.9718499]]]}}, {"type": "Feature", "properties": {"osm_id": "way/1048277511", "building": "yes"}, "geometry": {"type": "Polygon", "coordinates": [[[-43.1858946, -22.971900599999998], [-43.186124, -22.9720927], [-43.1862319, -22.9719835], [-43.1860026, -22.971791299999992], [-43.1858946, -22.971900599999998]]]}}, {"type": "Feature", "properties": {"osm_id": "way/1048277512", "building": "yes"}, "geometry": {"type": "Polygon", "coordinates": [[[-43.186124, -22.9720927], [-43.1862165, -22.972182099999998], [-43.1863267, -22.972058900000004], [-43.1862319, -22.9719835], [-43.186124, -22.9720927]]]}}, {"type": "Feature", "properties": {"osm_id": "way/1048277513", "building": "yes"}, "geometry": {"type": "Polygon", "coordinates": [[[-43.1862165, -22.972182099999998], [-43.186364, -22.972293900000004], [-43.1864742, -22.972170600000002], [-43.1863267, -22.972058900000004], [-43.1862165, -22.972182099999998]]]}}, {"type": "Feature", "properties": {"osm_id": "way/1048277514", "building": "yes"}, "geometry": {"type": "Polygon", "coordinates": [[[-43.1862165, -22.972182099999998], [-43.186113, -22.972290199999996], [-43.186095, -22.972308200000004], [-43.186243, -22.972425500000003], [-43.186364, -22.972293900000004], [-43.1862165, -22.972182099999998]]]}}, {"type": "Feature", "properties": {"osm_id": "way/1048277515", "building": "yes"}, "geometry": {"type": "Polygon", "coordinates": [[[-43.1858894, -22.97258250000001], [-43.1860314, -22.9726862], [-43.18622510000001, -22.972461200000005], [-43.1860832, -22.97235759999999], [-43.1858894, -22.97258250000001]]]}}, {"type": "Feature", "properties": {"osm_id": "way/1048277516", "building": "yes"}, "geometry": {"type": "Polygon", "coordinates": [[[-43.186095, -22.972308200000004], [-43.186113, -22.972290199999996], [-43.1859822, -22.972179], [-43.1857776, -22.9723828], [-43.1859085, -22.972494099999995], [-43.186095, -22.972308200000004]]]}}, {"type": "Feature", "properties": {"osm_id": "way/1048277517", "building": "yes"}, "geometry": {"type": "Polygon", "coordinates": [[[-43.1859822, -22.972179], [-43.1859983, -22.972175399999994], [-43.1858189, -22.972022799999987], [-43.1857732, -22.9720711], [-43.185605, -22.972235799999996], [-43.1857776, -22.9723828], [-43.1859822, -22.972179]]]}}, {"type": "Feature", "properties": {"osm_id": "way/1048277518", "building": "yes"}, "geometry": {"type": "Polygon", "coordinates": [[[-43.1857732, -22.9720711], [-43.185648, -22.9719627], [-43.1854656, -22.972141199999996], [-43.1855966, -22.972254700000004], [-43.185605, -22.972235799999996], [-43.1857732, -22.9720711]]]}}, {"type": "Feature", "properties": {"osm_id": "way/1048277519", "building": "yes"}, "geometry": {"type": "Polygon", "coordinates": [[[-43.1856384, -22.97192619999999], [-43.1855563, -22.9718672], [-43.1853961, -22.9720559], [-43.1854347, -22.9720837], [-43.1854781, -22.9721149], [-43.1856384, -22.97192619999999]]]}}, {"type": "Feature", "properties": {"osm_id": "way/1048277520", "building": "yes"}, "geometry": {"type": "Polygon", "coordinates": [[[-43.1853734, -22.9719804], [-43.1855443, -22.971783399999996], [-43.1854449, -22.97171030000001], [-43.185274, -22.971907299999998], [-43.1853734, -22.9719804]]]}}, {"type": "Feature", "properties": {"osm_id": "way/1048277521", "building": "yes"}, "geometry": {"type": "Polygon", "coordinates": [[[-43.1854014, -22.971722000000003], [-43.1852465, -22.971608899999996], [-43.1851189, -22.9717529], [-43.185275, -22.9718687], [-43.1854014, -22.971722000000003]]]}}, {"type": "Feature", "properties": {"osm_id": "way/1048279132", "building": "roof", "layer": "1"}, "geometry": {"type": "Polygon", "coordinates": [[[-43.185958, -22.972762100000004], [-43.1858423, -22.972644600000002], [-43.1857854, -22.972692200000004], [-43.18590100000001, -22.9728097], [-43.185958, -22.972762100000004]]]}}, {"type": "Feature", "properties": {"osm_id": "way/1048279133", "building": "yes"}, "geometry": {"type": "Polygon", "coordinates": [[[-43.1863588, -22.972843], [-43.1863004, -22.972789399999996], [-43.18637600000001, -22.9727195], [-43.186293400000004, -22.972643699999992], [-43.186099, -22.97282330000001], [-43.1862401, -22.972952699999993], [-43.1863588, -22.972843]]]}}, {"type": "Feature", "properties": {"osm_id": "way/1048279134", "building": "yes"}, "geometry": {"type": "Polygon", "coordinates": [[[-43.18637600000001, -22.9727195], [-43.1864193, -22.9727592], [-43.1865428, -22.972645100000005], [-43.1864928, -22.972599199999998], [-43.1864169, -22.9725296], [-43.186293400000004, -22.972643699999992], [-43.18637600000001, -22.9727195]]]}}, {"type": "Feature", "properties": {"osm_id": "way/1048279135", "building": "apartments"}, "geometry": {"type": "Polygon", "coordinates": [[[-43.1864928, -22.972599199999998], [-43.1865258, -22.9725687], [-43.1865735, -22.972612400000006], [-43.1866932, -22.972501800000003], [-43.1865697, -22.972388499999997], [-43.1864169, -22.9725296], [-43.1864928, -22.972599199999998]]]}}, {"type": "Feature", "properties": {"osm_id": "way/1048279136", "building": "yes"}, "geometry": {"type": "Polygon", "coordinates": [[[-43.18674270000001, -22.972666799999995], [-43.1867685, -22.972642999999998], [-43.1866819, -22.972563499999993], [-43.186721, -22.972527399999993], [-43.1866932, -22.972501800000003], [-43.1865735, -22.972612400000006], [-43.1865543, -22.9726302], [-43.1866687, -22.972735199999995], [-43.18674270000001, -22.972666799999995]]]}}, {"type": "Feature", "properties": {"osm_id": "way/1048279137", "building": "yes"}, "geometry": {"type": "Polygon", "coordinates": [[[-43.1866687, -22.972735199999995], [-43.1865848, -22.9728126], [-43.1867068, -22.9729245], [-43.1868539, -22.9727886], [-43.1868646, -22.972778699999992], [-43.1867996, -22.972719], [-43.1867747, -22.9726962], [-43.18674270000001, -22.972666799999995], [-43.1866687, -22.972735199999995]]]}}, {"type": "Feature", "properties": {"osm_id": "way/1048279138", "building": "yes"}, "geometry": {"type": "Polygon", "coordinates": [[[-43.1866971, -22.973212400000005], [-43.1867271, -22.973185199999993], [-43.1866049, -22.973071299999997], [-43.1863974, -22.973260100000005], [-43.1865195, -22.973373999999996], [-43.1866971, -22.973212400000005]]]}}, {"type": "Feature", "properties": {"osm_id": "way/1048279139", "building": "yes"}, "geometry": {"type": "Polygon", "coordinates": [[[-43.1865796, -22.973430000000008], [-43.1867481, -22.973276800000008], [-43.1867572, -22.9732685], [-43.1866971, -22.973212400000005], [-43.1865195, -22.973373999999996], [-43.1865796, -22.973430000000008]]]}}, {"type": "Feature", "properties": {"osm_id": "way/1048279140", "building": "yes"}, "geometry": {"type": "Polygon", "coordinates": [[[-43.1866446, -22.973490500000004], [-43.1868033, -22.973346200000005], [-43.1868131, -22.973337299999997], [-43.1867481, -22.973276800000008], [-43.1865796, -22.973430000000008], [-43.1866446, -22.973490500000004]]]}}, {"type": "Feature", "properties": {"osm_id": "way/1048571099", "building": "yes"}, "geometry": {"type": "Polygon", "coordinates": [[[-43.1868055, -22.973670600000002], [-43.186971, -22.9735201], [-43.1869038, -22.9734575], [-43.1869134, -22.973448800000003], [-43.1868033, -22.973346200000005], [-43.1866446, -22.973490500000004], [-43.1868055, -22.973670600000002]]]}}, {"type": "Feature", "properties": {"osm_id": "way/1048571100", "building": "yes"}, "geometry": {"type": "Polygon", "coordinates": [[[-43.1869081, -22.973736000000002], [-43.1869901, -22.9736614], [-43.1870572, -22.973600399999995], [-43.186971, -22.9735201], [-43.1868219, -22.9736557], [-43.1869081, -22.973736000000002]]]}}, {"type": "Feature", "properties": {"osm_id": "way/1048571101", "building": "yes"}, "geometry": {"type": "Polygon", "coordinates": [[[-43.1870809, -22.9738974], [-43.1871344, -22.973862799999992], [-43.1871621, -22.97382169999999], [-43.1869901, -22.9736614], [-43.1869081, -22.973736000000002], [-43.1870809, -22.9738974]]]}}, {"type": "Feature", "properties": {"osm_id": "way/1048571102", "building": "yes"}, "geometry": {"type": "Polygon", "coordinates": [[[-43.1870076, -22.973944799999995], [-43.1870864, -22.974048099999997], [-43.1872133, -22.973966100000002], [-43.1871344, -22.973862799999992], [-43.1870809, -22.9738974], [-43.1870076, -22.973944799999995]]]}}, {"type": "Feature", "properties": {"osm_id": "way/1048571103", "building": "yes"}, "geometry": {"type": "Polygon", "coordinates": [[[-43.1871808, -22.9741718], [-43.18726, -22.974120499999998], [-43.1872304, -22.9740818], [-43.1873531, -22.974002400000003], [-43.1872883, -22.973917599999993], [-43.1872133, -22.973966100000002], [-43.1870864, -22.974048099999997], [-43.1871808, -22.9741718]]]}}, {"type": "Feature", "properties": {"osm_id": "way/1048571104", "building": "yes"}, "geometry": {"type": "Polygon", "coordinates": [[[-43.1877046, -22.974600300000002], [-43.1875658, -22.974418299999993], [-43.1874142, -22.974516399999995], [-43.187553, -22.974698299999996], [-43.1877046, -22.974600300000002]]]}}, {"type": "Feature", "properties": {"osm_id": "way/1048571105", "building": "yes"}, "geometry": {"type": "Polygon", "coordinates": [[[-43.1875658, -22.974418299999993], [-43.1875966, -22.974398399999995], [-43.1875154, -22.974292099999992], [-43.1873435, -22.97440269999999], [-43.187333, -22.974409999999992], [-43.1874142, -22.974516399999995], [-43.1875658, -22.974418299999993]]]}}, {"type": "Feature", "properties": {"osm_id": "way/1048571106", "building": "yes"}, "geometry": {"type": "Polygon", "coordinates": [[[-43.1875154, -22.974292099999992], [-43.1875547, -22.97426669999999], [-43.1873531, -22.974002400000003], [-43.1872304, -22.9740818], [-43.18726, -22.974120499999998], [-43.1871808, -22.9741718], [-43.1873435, -22.97440269999999], [-43.1875154, -22.974292099999992]]]}}, {"type": "Feature", "properties": {"osm_id": "way/1048571107", "building": "yes"}, "geometry": {"type": "Polygon", "coordinates": [[[-43.1879102, -22.974515399999998], [-43.1877671, -22.974291099999995], [-43.1876556, -22.9743514], [-43.18761150000001, -22.974375299999995], [-43.1877547, -22.974599599999998], [-43.1879102, -22.974515399999998]]]}}, {"type": "Feature", "properties": {"osm_id": "way/1048571108", "building": "yes"}, "geometry": {"type": "Polygon", "coordinates": [[[-43.1877034, -22.974191500000003], [-43.1876361, -22.9742279], [-43.187592, -22.9742518], [-43.1876556, -22.9743514], [-43.1877671, -22.974291099999995], [-43.1877034, -22.974191500000003]]]}}, {"type": "Feature", "properties": {"osm_id": "way/1048571109", "building": "yes"}, "geometry": {"type": "Polygon", "coordinates": [[[-43.1874275, -22.9737593], [-43.1873602, -22.973795700000004], [-43.1876361, -22.9742279], [-43.1877034, -22.974191500000003], [-43.1874275, -22.9737593]]]}}, {"type": "Feature", "properties": {"osm_id": "way/1048571110", "building": "yes"}, "geometry": {"type": "Polygon", "coordinates": [[[-43.1872328, -22.973440600000004], [-43.1871467, -22.973360300000003], [-43.186971, -22.9735201], [-43.1870572, -22.973600399999995], [-43.1872328, -22.973440600000004]]]}}, {"type": "Feature", "properties": {"osm_id": "way/1048571111", "building": "yes"}, "geometry": {"type": "Polygon", "coordinates": [[[-43.1880286, -22.975442900000004], [-43.188025200000006, -22.975457299999995], [-43.1880273, -22.975475600000006], [-43.1881793, -22.9757524], [-43.1883321, -22.975702599999998], [-43.1883462, -22.9756979], [-43.188306100000005, -22.9755937], [-43.18826030000001, -22.97560869999999], [-43.1882105, -22.975479299999996], [-43.1882575, -22.97546399999999], [-43.1882194, -22.975364900000002], [-43.188025200000006, -22.97541849999999], [-43.1880286, -22.975442900000004]]]}}, {"type": "Feature", "properties": {"osm_id": "way/1048571112", "building": "yes"}, "geometry": {"type": "Polygon", "coordinates": [[[-43.1882575, -22.97546399999999], [-43.1882648, -22.975483], [-43.1883081, -22.975468799999998], [-43.18849960000001, -22.9754057], [-43.1884233, -22.9752982], [-43.1882194, -22.975364900000002], [-43.1882575, -22.97546399999999]]]}}, {"type": "Feature", "properties": {"osm_id": "way/1048571113", "building": "yes"}, "geometry": {"type": "Polygon", "coordinates": [[[-43.18849960000001, -22.9754057], [-43.1883081, -22.975468799999998], [-43.1883498, -22.9755772], [-43.1884007, -22.975560599999998], [-43.1885715, -22.9755129], [-43.18849960000001, -22.9754057]]]}}, {"type": "Feature", "properties": {"osm_id": "way/1048571114", "building": "yes"}, "geometry": {"type": "Polygon", "coordinates": [[[-43.1884007, -22.975560599999998], [-43.1884413, -22.9756661], [-43.1886376, -22.975602300000002], [-43.1885715, -22.9755129], [-43.1884007, -22.975560599999998]]]}}, {"type": "Feature", "properties": {"osm_id": "way/1048571115", "building": "yes"}, "geometry": {"type": "Polygon", "coordinates": [[[-43.1882404, -22.975911200000002], [-43.1885138, -22.975822000000004], [-43.1884527, -22.975663199999996], [-43.1883321, -22.975702599999998], [-43.1881793, -22.9757524], [-43.1882404, -22.975911200000002]]]}}, {"type": "Feature", "properties": {"osm_id": "way/1048571116", "building": "yes"}, "geometry": {"type": "Polygon", "coordinates": [[[-43.18854460000001, -22.976167599999997], [-43.1885393, -22.976143499999996], [-43.1885342, -22.9760717], [-43.1884101, -22.9760815], [-43.1884383, -22.976187500000005], [-43.18854460000001, -22.976167599999997]]]}}, {"type": "Feature", "properties": {"osm_id": "way/1048571117", "building": "yes"}, "geometry": {"type": "Polygon", "coordinates": [[[-43.1884383, -22.976187500000005], [-43.1884615, -22.976292400000002], [-43.1885151, -22.9762824], [-43.1885678, -22.976272499999997], [-43.18854460000001, -22.976167599999997], [-43.1884383, -22.976187500000005]]]}}, {"type": "Feature", "properties": {"osm_id": "way/1048571118", "building": "yes"}, "geometry": {"type": "Polygon", "coordinates": [[[-43.1885351, -22.976372899999998], [-43.1887463, -22.9763334], [-43.1887263, -22.9762428], [-43.1885678, -22.976272499999997], [-43.1885151, -22.9762824], [-43.1885351, -22.976372899999998]]]}}, {"type": "Feature", "properties": {"osm_id": "way/1048571119", "building": "yes"}, "geometry": {"type": "Polygon", "coordinates": [[[-43.1885684, -22.9765238], [-43.1887796, -22.9764842], [-43.1887463, -22.9763334], [-43.1885351, -22.976372899999998], [-43.1885684, -22.9765238]]]}}, {"type": "Feature", "properties": {"osm_id": "way/1048571120", "building": "yes"}, "geometry": {"type": "Polygon", "coordinates": [[[-43.1886932, -22.976720099999998], [-43.1887317, -22.976711099999996], [-43.1889235, -22.9766661], [-43.1888744, -22.9764887], [-43.1886441, -22.976542699999996], [-43.1886932, -22.976720099999998]]]}}, {"type": "Feature", "properties": {"osm_id": "way/1048571121", "building": "yes"}, "geometry": {"type": "Polygon", "coordinates": [[[-43.1887727, -22.9768594], [-43.188922, -22.976824399999998], [-43.1889083, -22.976775000000004], [-43.1889509, -22.9767651], [-43.1889235, -22.9766661], [-43.1887317, -22.976711099999996], [-43.1887727, -22.9768594]]]}}, {"type": "Feature", "properties": {"osm_id": "way/1048571122", "building": "yes"}, "geometry": {"type": "Polygon", "coordinates": [[[-43.1887936, -22.9769349], [-43.1888078, -22.976931599999997], [-43.1890111, -22.976883899999997], [-43.1889902, -22.976808399999992], [-43.188922, -22.976824399999998], [-43.1887727, -22.9768594], [-43.1887936, -22.9769349]]]}}, {"type": "Feature", "properties": {"osm_id": "way/1048571123", "building": "yes"}, "geometry": {"type": "Polygon", "coordinates": [[[-43.1888324, -22.9770206], [-43.188865, -22.9770129], [-43.1889629, -22.976989999999997], [-43.1890357, -22.976972899999996], [-43.1890111, -22.976883899999997], [-43.1888078, -22.976931599999997], [-43.1888324, -22.9770206]]]}}, {"type": "Feature", "properties": {"osm_id": "way/1048571124", "building": "yes"}, "geometry": {"type": "Polygon", "coordinates": [[[-43.1888965, -22.977138000000004], [-43.1889682, -22.97717459999999], [-43.1891219, -22.977141599999996], [-43.1890796, -22.977031900000007], [-43.1890015, -22.977043699999992], [-43.1889629, -22.976989999999997], [-43.188865, -22.9770129], [-43.1888965, -22.977138000000004]]]}}, {"type": "Feature", "properties": {"osm_id": "way/1048571125", "building": "yes"}, "geometry": {"type": "Polygon", "coordinates": [[[-43.1891219, -22.977141599999996], [-43.1893421, -22.977101500000003], [-43.1893575, -22.9770649], [-43.1893269, -22.9769028], [-43.1892329, -22.9769297], [-43.1892409, -22.976987100000002], [-43.1890796, -22.977031900000007], [-43.1891219, -22.977141599999996]]]}}, {"type": "Feature", "properties": {"osm_id": "way/1048571126", "building": "yes"}, "geometry": {"type": "Polygon", "coordinates": [[[-43.1892968, -22.9768138], [-43.1890965, -22.97687109999999], [-43.1891266, -22.976960100000003], [-43.1892329, -22.9769297], [-43.1893269, -22.9769028], [-43.1892968, -22.9768138]]]}}, {"type": "Feature", "properties": {"osm_id": "way/1048571127", "building": "yes"}, "geometry": {"type": "Polygon", "coordinates": [[[-43.1892692, -22.97673189999999], [-43.1890688, -22.976789199999995], [-43.1890965, -22.97687109999999], [-43.1892968, -22.9768138], [-43.1892692, -22.97673189999999]]]}}, {"type": "Feature", "properties": {"osm_id": "way/1048571128", "building": "yes"}, "geometry": {"type": "Polygon", "coordinates": [[[-43.1889285, -22.9763446], [-43.188949, -22.976429499999995], [-43.1891872, -22.9763823], [-43.1891526, -22.976291499999995], [-43.1889285, -22.9763446]]]}}, {"type": "Feature", "properties": {"osm_id": "way/1048571129", "building": "yes"}, "geometry": {"type": "Polygon", "coordinates": [[[-43.1888936, -22.976198300000004], [-43.1888755, -22.976047200000004], [-43.188772, -22.9760577], [-43.18879, -22.976208699999997], [-43.1888936, -22.976198300000004]]]}}, {"type": "Feature", "properties": {"osm_id": "way/1048571130", "building": "yes"}, "geometry": {"type": "Polygon", "coordinates": [[[-43.1885393, -22.976143499999996], [-43.1886342, -22.976125799999995], [-43.1886414, -22.976158199999997], [-43.1887581, -22.976136400000005], [-43.1887438, -22.976074099999995], [-43.188723, -22.9760743], [-43.188721, -22.976052699999997], [-43.1885342, -22.9760717], [-43.1885393, -22.976143499999996]]]}}, {"type": "Feature", "properties": {"osm_id": "way/1048571131", "building": "yes"}, "geometry": {"type": "Polygon", "coordinates": [[[-43.1899405, -22.9796732], [-43.1900102, -22.9796594], [-43.1899842, -22.9795479], [-43.1898013, -22.979584099999997], [-43.1898273, -22.9796955], [-43.1899405, -22.9796732]]]}}, {"type": "Feature", "properties": {"osm_id": "way/1048571136", "building": "yes"}, "geometry": {"type": "Polygon", "coordinates": [[[-43.1907045, -22.980017800000002], [-43.19070605388175, -22.98005147637272], [-43.19074651298226, -22.980016182938492], [-43.1907045, -22.980017800000002]]]}}, {"type": "Feature", "properties": {"osm_id": "way/1048571137", "building": "yes"}, "geometry": {"type": "Polygon", "coordinates": [[[-43.1906002, -22.9800218], [-43.19060554311219, -22.98013915417373], [-43.190706048154496, -22.98005148136873], [-43.1907045, -22.980017800000002], [-43.1906002, -22.9800218]]]}}, {"type": "Feature", "properties": {"osm_id": "way/1048571138", "building": "yes"}, "geometry": {"type": "Polygon", "coordinates": [[[-43.1904189, -22.980028799999996], [-43.1904233, -22.9801263], [-43.1904244, -22.980149600000004], [-43.19060140272751, -22.980142765920277], [-43.19060554311219, -22.98013915417373], [-43.1906002, -22.9800218], [-43.1904189, -22.980028799999996]]]}}, {"type": "Feature", "properties": {"osm_id": "way/1048571139", "building": "yes"}, "geometry": {"type": "Polygon", "coordinates": [[[-43.1902195, -22.9800365], [-43.1902239, -22.980133999999996], [-43.1904233, -22.9801263], [-43.1904189, -22.980028799999996], [-43.1902195, -22.9800365]]]}}, {"type": "Feature", "properties": {"osm_id": "way/1048572104", "building": "yes"}, "geometry": {"type": "Polygon", "coordinates": [[[-43.1902239, -22.980133999999996], [-43.1902195, -22.9800365], [-43.19010264432005, -22.98004311538002], [-43.19019728626847, -22.980136127022462], [-43.1902239, -22.980133999999996]]]}}, {"type": "Feature", "properties": {"osm_id": "way/1048572682", "building": "yes"}, "geometry": {"type": "Polygon", "coordinates": [[[-43.1900572, -22.979092], [-43.19008350000001, -22.979186699999996], [-43.1901625, -22.97916819999999], [-43.1901362, -22.979073499999995], [-43.1900572, -22.979092]]]}}, {"type": "Feature", "properties": {"osm_id": "way/1048572683", "building": "yes"}, "geometry": {"type": "Polygon", "coordinates": [[[-43.1907303, -22.979291300000003], [-43.1907661, -22.9794461], [-43.1908673, -22.979426200000002], [-43.1908315, -22.979271399999995], [-43.1907303, -22.979291300000003]]]}}, {"type": "Feature", "properties": {"osm_id": "way/1048573456", "building": "yes"}, "geometry": {"type": "Polygon", "coordinates": [[[-43.1913221, -22.979347800000003], [-43.191261, -22.979368300000004], [-43.19131347092144, -22.979521608897183], [-43.19135741590493, -22.979483274152173], [-43.1913221, -22.979347800000003]]]}}, {"type": "Feature", "properties": {"osm_id": "way/1048594871", "building": "yes"}, "geometry": {"type": "Polygon", "coordinates": [[[-43.18889060000001, -22.974483599999992], [-43.1888009, -22.97453000000001], [-43.1889121, -22.9746972], [-43.189179, -22.974613599999994], [-43.1890288, -22.974412199999996], [-43.18889060000001, -22.974483599999992]]]}}, {"type": "Feature", "properties": {"osm_id": "way/1048594872", "building": "yes"}, "geometry": {"type": "Polygon", "coordinates": [[[-43.1889851, -22.9743129], [-43.1889841, -22.9743134], [-43.188885, -22.974362100000004], [-43.1888122, -22.974397799999995], [-43.18889060000001, -22.974483599999992], [-43.1890288, -22.974412199999996], [-43.1889851, -22.9743129]]]}}, {"type": "Feature", "properties": {"osm_id": "way/1048594873", "building": "yes"}, "geometry": {"type": "Polygon", "coordinates": [[[-43.1889851, -22.9743129], [-43.1888775, -22.974146699999995], [-43.188688, -22.9742646], [-43.1887329, -22.974340499999993], [-43.1887431, -22.9743577], [-43.1888417, -22.9742976], [-43.188885, -22.974362100000004], [-43.1889841, -22.9743134], [-43.1889851, -22.9743129]]]}}, {"type": "Feature", "properties": {"osm_id": "way/1048594874", "building": "yes"}, "geometry": {"type": "Polygon", "coordinates": [[[-43.1885843, -22.9743306], [-43.1886919, -22.9744756], [-43.1887444, -22.974442599999993], [-43.1886931, -22.974362399999997], [-43.1887329, -22.974340499999993], [-43.188688, -22.9742646], [-43.1885843, -22.9743306]]]}}, {"type": "Feature", "properties": {"osm_id": "way/1048594875", "building": "yes"}, "geometry": {"type": "Polygon", "coordinates": [[[-43.18851, -22.974362399999997], [-43.1885667, -22.974444899999998], [-43.1886138, -22.974513299999998], [-43.1886919, -22.9744756], [-43.1885843, -22.9743306], [-43.18851, -22.974362399999997]]]}}, {"type": "Feature", "properties": {"osm_id": "way/1048594876", "building": "yes"}, "geometry": {"type": "Polygon", "coordinates": [[[-43.1883884, -22.974433199999996], [-43.1884407, -22.974512999999988], [-43.1884665, -22.974552199999998], [-43.188551, -22.974505099999995], [-43.1885267, -22.9744721], [-43.1885667, -22.974444899999998], [-43.18851, -22.974362399999997], [-43.1883884, -22.974433199999996]]]}}, {"type": "Feature", "properties": {"osm_id": "way/1048594877", "building": "yes"}, "geometry": {"type": "Polygon", "coordinates": [[[-43.1882245, -22.97452869999999], [-43.1882735, -22.974596799999993], [-43.1882821, -22.974608799999995], [-43.1884407, -22.974512999999988], [-43.1883884, -22.974433199999996], [-43.1882245, -22.97452869999999]]]}}, {"type": "Feature", "properties": {"osm_id": "way/1048594878", "building": "yes"}, "geometry": {"type": "Polygon", "coordinates": [[[-43.1881195, -22.9745758], [-43.1881105, -22.974594699999994], [-43.1881617, -22.97466189999999], [-43.1882557, -22.9746072], [-43.1882735, -22.974596799999993], [-43.1882245, -22.97452869999999], [-43.1881195, -22.9745758]]]}}, {"type": "Feature", "properties": {"osm_id": "way/1048594879", "addr:city": "Rio de Janeiro", "addr:housenumber": "290", "addr:postcode": "22050-012", "addr:street": "R. Domingos Ferreira", "addr:suburb": "Copacabana", "amenity": "restaurant", "building": "yes", "name": "Rian Panificação"}, "geometry": {"type": "Polygon", "coordinates": [[[-43.188277, -22.97482460000001], [-43.18839090000001, -22.974768000000005], [-43.1882557, -22.9746072], [-43.1881617, -22.97466189999999], [-43.188277, -22.97482460000001]]]}}, {"type": "Feature", "properties": {"osm_id": "way/1048594880", "building": "yes"}, "geometry": {"type": "Polygon", "coordinates": [[[-43.1885536, -22.9751028], [-43.1886458, -22.975071000000003], [-43.1885843, -22.974884700000004], [-43.1885011, -22.9749236], [-43.1885536, -22.9751028]]]}}, {"type": "Feature", "properties": {"osm_id": "way/1048594881", "building": "yes"}, "geometry": {"type": "Polygon", "coordinates": [[[-43.1891772, -22.9746348], [-43.1888174, -22.974767999999997], [-43.1889057, -22.974905899999996], [-43.1892502, -22.974725600000006], [-43.1891772, -22.9746348]]]}}, {"type": "Feature", "properties": {"osm_id": "way/1048685256", "building": "yes"}, "geometry": {"type": "Polygon", "coordinates": [[[-43.188837, -22.975309399999993], [-43.1888079, -22.97524669999999], [-43.1888645, -22.975224400000002], [-43.1888363, -22.975163499999994], [-43.1888216, -22.975131799999993], [-43.1886706, -22.975191200000005], [-43.1887426, -22.9753465], [-43.188837, -22.975309399999993]]]}}, {"type": "Feature", "properties": {"osm_id": "way/1048685257", "building": "yes"}, "geometry": {"type": "Polygon", "coordinates": [[[-43.1888645, -22.975224400000002], [-43.1888852, -22.975269000000004], [-43.1889735, -22.9752342], [-43.1889246, -22.9751287], [-43.1888363, -22.975163499999994], [-43.1888645, -22.975224400000002]]]}}, {"type": "Feature", "properties": {"osm_id": "way/1048685258", "building": "yes"}, "geometry": {"type": "Polygon", "coordinates": [[[-43.1892721, -22.9752193], [-43.1893247, -22.975202800000005], [-43.1892688, -22.975052199999997], [-43.1891674, -22.975084099999997], [-43.1892233, -22.975234699999998], [-43.1892721, -22.9752193]]]}}, {"type": "Feature", "properties": {"osm_id": "way/1048685259", "building": "yes"}, "geometry": {"type": "Polygon", "coordinates": [[[-43.1893247, -22.975202800000005], [-43.1892721, -22.9752193], [-43.189304, -22.97530529999999], [-43.1894331, -22.975264600000006], [-43.1895038, -22.975242399999996], [-43.1894719, -22.9751565], [-43.1893247, -22.975202800000005]]]}}, {"type": "Feature", "properties": {"osm_id": "way/1048685260", "building": "yes"}, "geometry": {"type": "Polygon", "coordinates": [[[-43.1894985, -22.9753428], [-43.1895067, -22.975364799999998], [-43.1894004, -22.9753982], [-43.189423, -22.975458899999996], [-43.1896213, -22.975396499999995], [-43.1895906, -22.9753138], [-43.1894985, -22.9753428]]]}}, {"type": "Feature", "properties": {"osm_id": "way/1048685261", "building": "yes"}, "geometry": {"type": "Polygon", "coordinates": [[[-43.1895578, -22.975225399999992], [-43.1895038, -22.975242399999996], [-43.1894331, -22.975264600000006], [-43.1894659, -22.975352999999995], [-43.1894985, -22.9753428], [-43.1895906, -22.9753138], [-43.1895578, -22.975225399999992]]]}}, {"type": "Feature", "properties": {"osm_id": "way/1048685262", "building": "yes"}, "geometry": {"type": "Polygon", "coordinates": [[[-43.1896111, -22.975747199999997], [-43.189602, -22.975826999999995], [-43.1898722, -22.9758129], [-43.1897893, -22.9756941], [-43.1896111, -22.975747199999997]]]}}, {"type": "Feature", "properties": {"osm_id": "way/1048685263", "building": "yes"}, "geometry": {"type": "Polygon", "coordinates": [[[-43.189760400000004, -22.975611599999997], [-43.1895821, -22.975664600000005], [-43.1896111, -22.975747199999997], [-43.1897893, -22.9756941], [-43.189760400000004, -22.975611599999997]]]}}, {"type": "Feature", "properties": {"osm_id": "way/1048685264", "building": "yes"}, "geometry": {"type": "Polygon", "coordinates": [[[-43.189738500000004, -22.97554919999999], [-43.1895602, -22.9756022], [-43.1895821, -22.975664600000005], [-43.189760400000004, -22.975611599999997], [-43.189738500000004, -22.97554919999999]]]}}, {"type": "Feature", "properties": {"osm_id": "way/1048685265", "building": "yes"}, "geometry": {"type": "Polygon", "coordinates": [[[-43.1897105, -22.975469399999998], [-43.1896539, -22.975484199999993], [-43.1894977, -22.9755334], [-43.1895254, -22.975612500000004], [-43.1895602, -22.9756022], [-43.189738500000004, -22.97554919999999], [-43.1897105, -22.975469399999998]]]}}, {"type": "Feature", "properties": {"osm_id": "way/1048685266", "building": "yes"}, "geometry": {"type": "Polygon", "coordinates": [[[-43.189423, -22.975458899999996], [-43.1894555, -22.975546599999994], [-43.1894977, -22.9755334], [-43.1896539, -22.975484199999993], [-43.1896213, -22.975396499999995], [-43.189423, -22.975458899999996]]]}}, {"type": "Feature", "properties": {"osm_id": "way/1048685267", "building": "yes"}, "geometry": {"type": "Polygon", "coordinates": [[[-43.1892296, -22.975825899999997], [-43.1891438, -22.9756885], [-43.189086, -22.975605399999996], [-43.1890066, -22.975649], [-43.1891462, -22.975864800000007], [-43.1892296, -22.975825899999997]]]}}, {"type": "Feature", "properties": {"osm_id": "way/1048685268", "building": "yes"}, "geometry": {"type": "Polygon", "coordinates": [[[-43.1892559, -22.975868199999994], [-43.1893281, -22.975830000000006], [-43.1892313, -22.975675], [-43.18921590000001, -22.975650400000006], [-43.1891438, -22.9756885], [-43.1892296, -22.975825899999997], [-43.1892559, -22.975868199999994]]]}}, {"type": "Feature", "properties": {"osm_id": "way/1048685269", "building": "yes"}, "geometry": {"type": "Polygon", "coordinates": [[[-43.1893502, -22.97586550000001], [-43.1894176, -22.975829799999993], [-43.1892987, -22.975639299999994], [-43.1892313, -22.975675], [-43.1893281, -22.975830000000006], [-43.1893502, -22.97586550000001]]]}}, {"type": "Feature", "properties": {"osm_id": "way/1048711025", "building": "yes"}, "geometry": {"type": "Polygon", "coordinates": [[[-43.1893859, -22.976149900000003], [-43.1893559, -22.976011199999988], [-43.1892487, -22.976030899999998], [-43.1892787, -22.976169599999995], [-43.1893859, -22.976149900000003]]]}}, {"type": "Feature", "properties": {"osm_id": "way/1048711026", "building": "yes"}, "geometry": {"type": "Polygon", "coordinates": [[[-43.1893859, -22.976149900000003], [-43.1895407, -22.976121500000005], [-43.1895107, -22.975982800000004], [-43.1893559, -22.976011199999988], [-43.1893859, -22.976149900000003]]]}}, {"type": "Feature", "properties": {"osm_id": "way/1048711027", "building": "yes"}, "geometry": {"type": "Polygon", "coordinates": [[[-43.18999530000001, -22.976652599999994], [-43.1901518, -22.976618], [-43.19010080000001, -22.976422400000004], [-43.1897958, -22.9764898], [-43.1898469, -22.976685500000002], [-43.18999530000001, -22.976652599999994]]]}}, {"type": "Feature", "properties": {"osm_id": "way/1048711028", "building": "yes"}, "geometry": {"type": "Polygon", "coordinates": [[[-43.1898181, -22.976792700000008], [-43.1898586, -22.976947899999995], [-43.1899889, -22.976919100000007], [-43.1899484, -22.976763799999997], [-43.1898181, -22.976792700000008]]]}}, {"type": "Feature", "properties": {"osm_id": "way/1048711029", "building": "yes"}, "geometry": {"type": "Polygon", "coordinates": [[[-43.1894092, -22.976707199999993], [-43.1896476, -22.976644399999998], [-43.189662, -22.9766407], [-43.1896303, -22.976538699999995], [-43.1893775, -22.976605299999992], [-43.1894092, -22.976707199999993]]]}}, {"type": "Feature", "properties": {"osm_id": "way/1048711030", "building": "yes"}, "geometry": {"type": "Polygon", "coordinates": [[[-43.1894354, -22.976791499999997], [-43.1895966, -22.976749100000003], [-43.1896738, -22.9767288], [-43.1896476, -22.976644399999998], [-43.1894092, -22.976707199999993], [-43.1894354, -22.976791499999997]]]}}, {"type": "Feature", "properties": {"osm_id": "way/1048711031", "building": "yes"}, "geometry": {"type": "Polygon", "coordinates": [[[-43.1895591, -22.976428000000002], [-43.1894868, -22.97616869999999], [-43.189346, -22.976207900000002], [-43.189409, -22.97645869999999], [-43.1895591, -22.976428000000002]]]}}, {"type": "Feature", "properties": {"osm_id": "way/1048711032", "building": "yes"}, "geometry": {"type": "Polygon", "coordinates": [[[-43.1894726, -22.976911200000007], [-43.1895681, -22.976886], [-43.1896338, -22.976868700000004], [-43.1895966, -22.976749100000003], [-43.1894354, -22.976791499999997], [-43.1894726, -22.976911200000007]]]}}, {"type": "Feature", "properties": {"osm_id": "way/1048711033", "building": "yes"}, "geometry": {"type": "Polygon", "coordinates": [[[-43.1895064, -22.977041], [-43.189607900000006, -22.9770143], [-43.1895681, -22.976886], [-43.1894726, -22.976911200000007], [-43.1894666, -22.976912799999997], [-43.1895064, -22.977041]]]}}, {"type": "Feature", "properties": {"osm_id": "way/1048711034", "building": "yes"}, "geometry": {"type": "Polygon", "coordinates": [[[-43.189736100000005, -22.976980500000003], [-43.1896963, -22.976852300000008], [-43.1896338, -22.976868700000004], [-43.1895681, -22.976886], [-43.189607900000006, -22.9770143], [-43.189736100000005, -22.976980500000003]]]}}, {"type": "Feature", "properties": {"osm_id": "way/1048711035", "building": "yes"}, "geometry": {"type": "Polygon", "coordinates": [[[-43.1899889, -22.976919100000007], [-43.1902172, -22.9768686], [-43.1901767, -22.9767133], [-43.1900202, -22.976748], [-43.1899484, -22.976763799999997], [-43.1899889, -22.976919100000007]]]}}, {"type": "Feature", "properties": {"osm_id": "way/1048711036", "building": "yes"}, "geometry": {"type": "Polygon", "coordinates": [[[-43.1901518, -22.976618], [-43.18999530000001, -22.976652599999994], [-43.1900202, -22.976748], [-43.1901767, -22.9767133], [-43.1901518, -22.976618]]]}}, {"type": "Feature", "properties": {"osm_id": "way/1048799440", "building": "yes"}, "geometry": {"type": "Polygon", "coordinates": [[[-43.1849692, -22.969825300000007], [-43.1850934, -22.96989249999999], [-43.1852086, -22.969755699999997], [-43.1850831, -22.9696649], [-43.1849692, -22.969825300000007]]]}}, {"type": "Feature", "properties": {"osm_id": "way/1048799441", "building": "yes"}, "geometry": {"type": "Polygon", "coordinates": [[[-43.18520620000001, -22.9700787], [-43.1853086, -22.970155099999996], [-43.1854633, -22.969979399999993], [-43.1853608, -22.96990299999999], [-43.18520620000001, -22.9700787]]]}}, {"type": "Feature", "properties": {"osm_id": "way/1048799442", "building": "yes"}, "geometry": {"type": "Polygon", "coordinates": [[[-43.1853086, -22.970155099999996], [-43.1852937, -22.9701721], [-43.1854079, -22.9702573], [-43.1855775, -22.970064600000008], [-43.1854633, -22.969979399999993], [-43.1853086, -22.970155099999996]]]}}, {"type": "Feature", "properties": {"osm_id": "way/1048799443", "building": "yes"}, "geometry": {"type": "Polygon", "coordinates": [[[-43.1854079, -22.9702573], [-43.1855213, -22.970341899999998], [-43.1855423, -22.970318100000007], [-43.1856909, -22.970149199999998], [-43.1855775, -22.970064600000008], [-43.1854079, -22.9702573]]]}}, {"type": "Feature", "properties": {"osm_id": "way/1048799444", "building": "yes"}, "geometry": {"type": "Polygon", "coordinates": [[[-43.1856134, -22.9703712], [-43.1855423, -22.970318100000007], [-43.1855213, -22.970341899999998], [-43.1854066, -22.970472399999995], [-43.1855717, -22.9705955], [-43.1857074, -22.9704413], [-43.1856134, -22.9703712]]]}}, {"type": "Feature", "properties": {"osm_id": "way/1048799445", "building": "yes"}, "geometry": {"type": "Polygon", "coordinates": [[[-43.1855423, -22.970318100000007], [-43.1856134, -22.9703712], [-43.1857058, -22.970440100000005], [-43.1858108, -22.9703208], [-43.1857697, -22.970290100000003], [-43.18581340000001, -22.97024049999999], [-43.1857399, -22.970185700000002], [-43.1856909, -22.970149199999998], [-43.1855423, -22.970318100000007]]]}}, {"type": "Feature", "properties": {"osm_id": "way/1048799446", "building": "yes"}, "geometry": {"type": "Polygon", "coordinates": [[[-43.1854227, -22.970515100000004], [-43.1853484, -22.97058629999999], [-43.185470200000005, -22.9706941], [-43.1855445, -22.970622999999996], [-43.1854227, -22.970515100000004]]]}}, {"type": "Feature", "properties": {"osm_id": "way/1048799447", "building": "yes"}, "geometry": {"type": "Polygon", "coordinates": [[[-43.1852889, -22.970577799999997], [-43.1851962, -22.9706744], [-43.1853755, -22.9708201], [-43.1854682, -22.970723499999988], [-43.1852889, -22.970577799999997]]]}}, {"type": "Feature", "properties": {"osm_id": "way/1048799448", "building": "yes"}, "geometry": {"type": "Polygon", "coordinates": [[[-43.1852226, -22.9705586], [-43.1850868, -22.9704583], [-43.1849389, -22.9706279], [-43.1849229, -22.9706463], [-43.1850586, -22.970746699999992], [-43.1852226, -22.9705586]]]}}, {"type": "Feature", "properties": {"osm_id": "way/1048799449", "building": "yes"}, "geometry": {"type": "Polygon", "coordinates": [[[-43.1850868, -22.9704583], [-43.1849655, -22.970368599999997], [-43.1848318, -22.9705219], [-43.1848175, -22.970538299999994], [-43.1849389, -22.9706279], [-43.1850868, -22.9704583]]]}}, {"type": "Feature", "properties": {"osm_id": "way/1048799450", "building": "yes"}, "geometry": {"type": "Polygon", "coordinates": [[[-43.1849655, -22.970368599999997], [-43.1848079, -22.9702522], [-43.1846742, -22.970405500000002], [-43.1848318, -22.9705219], [-43.1849655, -22.970368599999997]]]}}, {"type": "Feature", "properties": {"osm_id": "way/1048799451", "building": "yes"}, "geometry": {"type": "Polygon", "coordinates": [[[-43.1848079, -22.9702522], [-43.1848252, -22.9702324], [-43.1847438, -22.970172199999993], [-43.184674, -22.970252199999997], [-43.1845928, -22.9703453], [-43.1846742, -22.970405500000002], [-43.1848079, -22.9702522]]]}}, {"type": "Feature", "properties": {"osm_id": "way/1048799452", "building": "yes"}, "geometry": {"type": "Polygon", "coordinates": [[[-43.184674, -22.970252199999997], [-43.1845948, -22.9701936], [-43.18451360000001, -22.970286700000006], [-43.1845928, -22.9703453], [-43.184674, -22.970252199999997]]]}}, {"type": "Feature", "properties": {"osm_id": "way/1048799453", "building": "yes"}, "geometry": {"type": "Polygon", "coordinates": [[[-43.1845948, -22.9701936], [-43.1844424, -22.970081000000004], [-43.1843612, -22.970174100000005], [-43.18451360000001, -22.970286700000006], [-43.1845948, -22.9701936]]]}}, {"type": "Feature", "properties": {"osm_id": "way/1048799454", "building": "yes"}, "geometry": {"type": "Polygon", "coordinates": [[[-43.1844301, -22.970035199999998], [-43.184334, -22.969934900000002], [-43.1842316, -22.970038699999993], [-43.184343000000005, -22.970134200000004], [-43.1844301, -22.970035199999998]]]}}, {"type": "Feature", "properties": {"osm_id": "way/1048799455", "building": "yes"}, "geometry": {"type": "Polygon", "coordinates": [[[-43.1843094, -22.969902099999988], [-43.1844072, -22.9698053], [-43.1843119, -22.9697237], [-43.1842141, -22.969820499999997], [-43.1843094, -22.969902099999988]]]}}, {"type": "Feature", "properties": {"osm_id": "way/1048799456", "building": "yes"}, "geometry": {"type": "Polygon", "coordinates": [[[-43.18434140000001, -22.969670200000003], [-43.1844313, -22.969745399999997], [-43.1845238, -22.969651400000004], [-43.1844339, -22.969576299999993], [-43.18434140000001, -22.969670200000003]]]}}, {"type": "Feature", "properties": {"osm_id": "way/1049095924", "building": "yes"}, "geometry": {"type": "Polygon", "coordinates": [[[-43.1863466, -22.971527500000004], [-43.1861767, -22.971716499999992], [-43.1863229, -22.971828], [-43.1864929, -22.971639099999997], [-43.1863466, -22.971527500000004]]]}}, {"type": "Feature", "properties": {"osm_id": "way/1049095925", "building": "yes"}, "geometry": {"type": "Polygon", "coordinates": [[[-43.1863466, -22.971527500000004], [-43.1862596, -22.97146129999999], [-43.1860897, -22.9716502], [-43.1861767, -22.971716499999992], [-43.1863466, -22.971527500000004]]]}}, {"type": "Feature", "properties": {"osm_id": "way/1049095926", "building": "yes"}, "geometry": {"type": "Polygon", "coordinates": [[[-43.1862596, -22.97146129999999], [-43.1862882, -22.971429499999992], [-43.1861262, -22.9713061], [-43.1861117, -22.971322299999997], [-43.1859278, -22.971526800000003], [-43.1860897, -22.9716502], [-43.1862596, -22.97146129999999]]]}}, {"type": "Feature", "properties": {"osm_id": "way/1049095927", "building": "yes"}, "geometry": {"type": "Polygon", "coordinates": [[[-43.1861117, -22.971322299999997], [-43.1860193, -22.9712518], [-43.1858545, -22.97143509999999], [-43.1858354, -22.971456300000003], [-43.1859278, -22.971526800000003], [-43.1861117, -22.971322299999997]]]}}, {"type": "Feature", "properties": {"osm_id": "way/1049095928", "building": "yes"}, "geometry": {"type": "Polygon", "coordinates": [[[-43.1859043, -22.971164100000003], [-43.1857469, -22.9713392], [-43.1857395, -22.971347399999996], [-43.1858545, -22.97143509999999], [-43.1860193, -22.9712518], [-43.1859043, -22.971164100000003]]]}}, {"type": "Feature", "properties": {"osm_id": "way/1049095929", "building": "yes"}, "geometry": {"type": "Polygon", "coordinates": [[[-43.1859043, -22.971164100000003], [-43.1858334, -22.97111009999999], [-43.1856924, -22.971267000000005], [-43.185676, -22.971285200000004], [-43.1857469, -22.9713392], [-43.1859043, -22.971164100000003]]]}}, {"type": "Feature", "properties": {"osm_id": "way/1049095930", "building": "yes"}, "geometry": {"type": "Polygon", "coordinates": [[[-43.1854554, -22.971086300000007], [-43.1856924, -22.971267000000005], [-43.1858334, -22.97111009999999], [-43.1859042, -22.971031500000002], [-43.185841, -22.970983899999993], [-43.1856673, -22.970850699999993], [-43.1854554, -22.971086300000007]]]}}, {"type": "Feature", "properties": {"osm_id": "way/1049095931", "building": "yes"}, "geometry": {"type": "Polygon", "coordinates": [[[-43.185841, -22.970983899999993], [-43.1858864, -22.9709336], [-43.1856917, -22.970784299999995], [-43.1856463, -22.970834500000002], [-43.1856673, -22.970850699999993], [-43.185841, -22.970983899999993]]]}}, {"type": "Feature", "properties": {"osm_id": "way/1049095932", "building": "yes"}, "geometry": {"type": "Polygon", "coordinates": [[[-43.1858864, -22.9709336], [-43.1859091, -22.970951], [-43.1860137, -22.970835500000003], [-43.1859183, -22.970762300000004], [-43.1857963, -22.9706687], [-43.1856917, -22.970784299999995], [-43.1858864, -22.9709336]]]}}, {"type": "Feature", "properties": {"osm_id": "way/1049095933", "building": "yes"}, "geometry": {"type": "Polygon", "coordinates": [[[-43.1858741, -22.970663799999997], [-43.1859528, -22.970724199999996], [-43.1861044, -22.970556699999996], [-43.1860257, -22.9704963], [-43.1858741, -22.970663799999997]]]}}, {"type": "Feature", "properties": {"osm_id": "way/1049095934", "building": "yes"}, "geometry": {"type": "Polygon", "coordinates": [[[-43.1859528, -22.970724199999996], [-43.1859183, -22.970762300000004], [-43.1860148, -22.970836299999995], [-43.18618150000001, -22.9706521], [-43.1862009, -22.970630700000008], [-43.1861044, -22.970556699999996], [-43.1859528, -22.970724199999996]]]}}, {"type": "Feature", "properties": {"osm_id": "way/1049095935", "building": "yes"}, "geometry": {"type": "Polygon", "coordinates": [[[-43.1860148, -22.970836299999995], [-43.1862491, -22.971016], [-43.1864158, -22.970831799999996], [-43.18618150000001, -22.9706521], [-43.1860148, -22.970836299999995]]]}}, {"type": "Feature", "properties": {"osm_id": "way/1049095936", "building": "yes"}, "geometry": {"type": "Polygon", "coordinates": [[[-43.1864251, -22.97093789999999], [-43.1862919, -22.971085199999997], [-43.186215, -22.971170099999995], [-43.1863638, -22.97128429999999], [-43.186574, -22.971052099999998], [-43.1864251, -22.97093789999999]]]}}, {"type": "Feature", "properties": {"osm_id": "way/1049095937", "building": "yes"}, "geometry": {"type": "Polygon", "coordinates": [[[-43.186478, -22.97087949999999], [-43.1864284, -22.970841499999995], [-43.1864158, -22.970831799999996], [-43.1862491, -22.971016], [-43.1862297, -22.971037500000005], [-43.1862919, -22.971085199999997], [-43.1864251, -22.97093789999999], [-43.186478, -22.97087949999999]]]}}, {"type": "Feature", "properties": {"osm_id": "way/1049095938", "building": "yes"}, "geometry": {"type": "Polygon", "coordinates": [[[-43.1863638, -22.97128429999999], [-43.1864365, -22.971340099999992], [-43.1864749, -22.971297599999996], [-43.186638, -22.971117299999992], [-43.1866466, -22.971107800000006], [-43.186574, -22.971052099999998], [-43.1863638, -22.97128429999999]]]}}, {"type": "Feature", "properties": {"osm_id": "way/1049095939", "building": "yes"}, "geometry": {"type": "Polygon", "coordinates": [[[-43.1864749, -22.971297599999996], [-43.1866337, -22.971419299999997], [-43.1867968, -22.9712391], [-43.186638, -22.971117299999992], [-43.1864749, -22.971297599999996]]]}}, {"type": "Feature", "properties": {"osm_id": "way/1049095940", "building": "yes"}, "geometry": {"type": "Polygon", "coordinates": [[[-43.1866337, -22.971419299999997], [-43.186595200000006, -22.9714619], [-43.1866746, -22.9715228], [-43.1867357, -22.971455299999995], [-43.1868613, -22.971316499999997], [-43.1867819, -22.9712556], [-43.1866337, -22.971419299999997]]]}}, {"type": "Feature", "properties": {"osm_id": "way/1049095941", "building": "yes"}, "geometry": {"type": "Polygon", "coordinates": [[[-43.1868613, -22.971316499999997], [-43.1867357, -22.971455299999995], [-43.1868216, -22.9715212], [-43.1868895, -22.971446199999995], [-43.1869472, -22.9713824], [-43.1868613, -22.971316499999997]]]}}, {"type": "Feature", "properties": {"osm_id": "way/1049095942", "building": "yes"}, "geometry": {"type": "Polygon", "coordinates": [[[-43.1870324, -22.971555800000004], [-43.1870554, -22.971573399999997], [-43.1871131, -22.971509599999997], [-43.1869472, -22.9713824], [-43.1868895, -22.971446199999995], [-43.1870324, -22.971555800000004]]]}}, {"type": "Feature", "properties": {"osm_id": "way/1049095944", "building": "yes"}, "geometry": {"type": "Polygon", "coordinates": [[[-43.1866719, -22.9716799], [-43.1865678, -22.9717956], [-43.1866206, -22.9718359], [-43.1867151, -22.9719078], [-43.1868184, -22.9717922], [-43.1866719, -22.9716799]]]}}, {"type": "Feature", "properties": {"osm_id": "way/1049095945", "building": "yes"}, "geometry": {"type": "Polygon", "coordinates": [[[-43.1866206, -22.9718359], [-43.1865771, -22.971884299999996], [-43.1865038, -22.971965800000003], [-43.1865982, -22.9720378], [-43.1867151, -22.9719078], [-43.1866206, -22.9718359]]]}}, {"type": "Feature", "properties": {"osm_id": "way/1049095946", "building": "yes"}, "geometry": {"type": "Polygon", "coordinates": [[[-43.1865771, -22.971884299999996], [-43.1864725, -22.97180459999999], [-43.18639910000001, -22.9718861], [-43.1865038, -22.971965800000003], [-43.1865771, -22.971884299999996]]]}}, {"type": "Feature", "properties": {"osm_id": "way/1049095947", "building": "yes"}, "geometry": {"type": "Polygon", "coordinates": [[[-43.1864725, -22.97180459999999], [-43.1865691, -22.9716971], [-43.1864929, -22.971639099999997], [-43.1863229, -22.971828], [-43.18639910000001, -22.9718861], [-43.1864725, -22.97180459999999]]]}}, {"type": "Feature", "properties": {"osm_id": "way/1049097022", "building": "yes"}, "geometry": {"type": "Polygon", "coordinates": [[[-43.18823840000001, -22.97364789999999], [-43.1883046, -22.973742899999998], [-43.188528, -22.973589799999996], [-43.1884618, -22.973498999999997], [-43.18823840000001, -22.97364789999999]]]}}, {"type": "Feature", "properties": {"osm_id": "way/1049097023", "building": "yes"}, "geometry": {"type": "Polygon", "coordinates": [[[-43.188379, -22.9738563], [-43.1884383, -22.9739366], [-43.1886558, -22.973800599999997], [-43.1885966, -22.9737202], [-43.188379, -22.9738563]]]}}, {"type": "Feature", "properties": {"osm_id": "way/1049097024", "building": "yes"}, "geometry": {"type": "Polygon", "coordinates": [[[-43.1884383, -22.9739366], [-43.1885066, -22.974029299999998], [-43.1887242, -22.973893300000007], [-43.1886558, -22.973800599999997], [-43.1884383, -22.9739366]]]}}, {"type": "Feature", "properties": {"osm_id": "way/1049097025", "building": "yes"}, "geometry": {"type": "Polygon", "coordinates": [[[-43.1880902, -22.974113400000004], [-43.1882018, -22.974298600000004], [-43.1884504, -22.974171699999996], [-43.1883388, -22.973986399999998], [-43.1880902, -22.974113400000004]]]}}, {"type": "Feature", "properties": {"osm_id": "way/1049097026", "building": "yes"}, "geometry": {"type": "Polygon", "coordinates": [[[-43.1881032, -22.974046399999995], [-43.1880162, -22.973938899999993], [-43.1878215, -22.974072600000007], [-43.1879086, -22.974180099999998], [-43.1881032, -22.974046399999995]]]}}, {"type": "Feature", "properties": {"osm_id": "way/1049097027", "building": "yes"}, "geometry": {"type": "Polygon", "coordinates": [[[-43.1880162, -22.973938899999993], [-43.1879463, -22.973852599999994], [-43.1877516, -22.973986300000004], [-43.1878215, -22.974072600000007], [-43.1880162, -22.973938899999993]]]}}, {"type": "Feature", "properties": {"osm_id": "way/1049097028", "building": "yes"}, "geometry": {"type": "Polygon", "coordinates": [[[-43.1879463, -22.973852599999994], [-43.187856, -22.9737413], [-43.1877174, -22.973836499999994], [-43.1876614, -22.973875000000003], [-43.1877516, -22.973986300000004], [-43.1879463, -22.973852599999994]]]}}, {"type": "Feature", "properties": {"osm_id": "way/1049097029", "building": "yes"}, "geometry": {"type": "Polygon", "coordinates": [[[-43.187856, -22.9737413], [-43.1879506, -22.9736763], [-43.1878437, -22.973544400000005], [-43.1876105, -22.97370459999999], [-43.1877174, -22.973836499999994], [-43.187856, -22.9737413]]]}}, {"type": "Feature", "properties": {"osm_id": "way/1049097030", "building": "yes"}, "geometry": {"type": "Polygon", "coordinates": [[[-43.1878437, -22.973544400000005], [-43.1879264, -22.973487699999993], [-43.1877688, -22.973293199999997], [-43.1876742, -22.973358199999996], [-43.187453, -22.97351009999999], [-43.1876105, -22.97370459999999], [-43.1878437, -22.973544400000005]]]}}, {"type": "Feature", "properties": {"osm_id": "way/1049097031", "building": "yes"}, "geometry": {"type": "Polygon", "coordinates": [[[-43.1876742, -22.973358199999996], [-43.1875871, -22.973250799999995], [-43.1874691, -22.9733318], [-43.1873659, -22.973402700000005], [-43.187453, -22.97351009999999], [-43.1876742, -22.973358199999996]]]}}, {"type": "Feature", "properties": {"osm_id": "way/1049097032", "building": "yes"}, "geometry": {"type": "Polygon", "coordinates": [[[-43.1875871, -22.973250799999995], [-43.1873728, -22.97301989999999], [-43.1872667, -22.9731267], [-43.1874691, -22.9733318], [-43.1875871, -22.973250799999995]]]}}, {"type": "Feature", "properties": {"osm_id": "way/1049097033", "building": "yes"}, "geometry": {"type": "Polygon", "coordinates": [[[-43.1873728, -22.97301989999999], [-43.1874603, -22.9729318], [-43.1873593, -22.972846699999998], [-43.1872246, -22.972982299999998], [-43.1871656, -22.973041600000002], [-43.1872667, -22.9731267], [-43.1873728, -22.97301989999999]]]}}, {"type": "Feature", "properties": {"osm_id": "way/1049097034", "building": "yes"}, "geometry": {"type": "Polygon", "coordinates": [[[-43.1873593, -22.972846699999998], [-43.1874031, -22.972802499999997], [-43.1873145, -22.9727279], [-43.18713590000001, -22.972907699999993], [-43.1872246, -22.972982299999998], [-43.1873593, -22.972846699999998]]]}}, {"type": "Feature", "properties": {"osm_id": "way/1049097035", "building": "yes"}, "geometry": {"type": "Polygon", "coordinates": [[[-43.1873145, -22.9727279], [-43.1872376, -22.972663100000005], [-43.187059, -22.972843], [-43.18713590000001, -22.972907699999993], [-43.1873145, -22.9727279]]]}}, {"type": "Feature", "properties": {"osm_id": "way/1049097036", "building": "yes"}, "geometry": {"type": "Polygon", "coordinates": [[[-43.1872376, -22.972663100000005], [-43.1872699, -22.972630499999994], [-43.1871905, -22.972563700000002], [-43.1870391, -22.972716099999992], [-43.1869803, -22.972775700000003], [-43.187059, -22.972843], [-43.1872376, -22.972663100000005]]]}}, {"type": "Feature", "properties": {"osm_id": "way/1049097037", "building": "yes"}, "geometry": {"type": "Polygon", "coordinates": [[[-43.1871905, -22.972563700000002], [-43.187207, -22.9725471], [-43.1871273, -22.972480000000004], [-43.1869779, -22.972630499999998], [-43.1869594, -22.972649], [-43.1870391, -22.972716099999992], [-43.1871905, -22.972563700000002]]]}}, {"type": "Feature", "properties": {"osm_id": "way/1049097038", "building": "yes"}, "geometry": {"type": "Polygon", "coordinates": [[[-43.1871273, -22.972480000000004], [-43.1871612, -22.972445799999996], [-43.187071200000005, -22.972369999999994], [-43.1869461, -22.972495999999996], [-43.1868878, -22.972554700000007], [-43.1869779, -22.972630499999998], [-43.1871273, -22.972480000000004]]]}}, {"type": "Feature", "properties": {"osm_id": "way/1049097039", "building": "yes"}, "geometry": {"type": "Polygon", "coordinates": [[[-43.187071200000005, -22.972369999999994], [-43.1871349, -22.972305899999995], [-43.1870658, -22.972247699999997], [-43.186877, -22.972437799999998], [-43.1869461, -22.972495999999996], [-43.187071200000005, -22.972369999999994]]]}}, {"type": "Feature", "properties": {"osm_id": "way/1049097040", "building": "yes"}, "geometry": {"type": "Polygon", "coordinates": [[[-43.186853, -22.972055200000003], [-43.1869338, -22.9721257], [-43.1870368, -22.9720255], [-43.1870218, -22.972012399999997], [-43.186956, -22.971955099999995], [-43.186853, -22.972055200000003]]]}}, {"type": "Feature", "properties": {"osm_id": "way/1049097041", "building": "yes"}, "geometry": {"type": "Polygon", "coordinates": [[[-43.1870218, -22.972012399999997], [-43.187126, -22.9719111], [-43.18704670000001, -22.971841999999995], [-43.1869425, -22.971943299999996], [-43.186956, -22.971955099999995], [-43.1870218, -22.972012399999997]]]}}, {"type": "Feature", "properties": {"osm_id": "way/1049097042", "building": "yes"}, "geometry": {"type": "Polygon", "coordinates": [[[-43.1875166, -22.972517500000002], [-43.1876695, -22.9726582], [-43.1878378, -22.9725033], [-43.1876849, -22.972362499999985], [-43.1875166, -22.972517500000002]]]}}, {"type": "Feature", "properties": {"osm_id": "way/1049097043", "building": "yes"}, "geometry": {"type": "Polygon", "coordinates": [[[-43.1878156, -22.972593799999995], [-43.1877142, -22.9726778], [-43.1878533, -22.972820199999997], [-43.1879122, -22.972771299999998], [-43.1879548, -22.972736099999995], [-43.1878156, -22.972593799999995]]]}}, {"type": "Feature", "properties": {"osm_id": "way/1049097044", "building": "yes"}, "geometry": {"type": "Polygon", "coordinates": [[[-43.1878533, -22.972820199999997], [-43.18785260000001, -22.972820700000003], [-43.1879817, -22.972952700000004], [-43.1880412, -22.9729033], [-43.1879122, -22.972771299999998], [-43.1878533, -22.972820199999997]]]}}, {"type": "Feature", "properties": {"osm_id": "way/1049097045", "building": "yes"}, "geometry": {"type": "Polygon", "coordinates": [[[-43.1879817, -22.972952700000004], [-43.1879552, -22.972974599999997], [-43.1880504, -22.973071599999994], [-43.1881342, -22.973014100000004], [-43.1880412, -22.9729033], [-43.1879817, -22.972952700000004]]]}}, {"type": "Feature", "properties": {"osm_id": "way/1049097046", "building": "yes"}, "geometry": {"type": "Polygon", "coordinates": [[[-43.1880504, -22.973071599999994], [-43.1880393, -22.973079200000004], [-43.1881634, -22.973232599999992], [-43.1882583, -22.973167499999995], [-43.1881342, -22.973014100000004], [-43.1880504, -22.973071599999994]]]}}, {"type": "Feature", "properties": {"osm_id": "way/1049097047", "building": "yes"}, "geometry": {"type": "Polygon", "coordinates": [[[-43.1881634, -22.973232599999992], [-43.1881166, -22.973264699999998], [-43.1882485, -22.973427799999993], [-43.1883695, -22.9733448], [-43.1883902, -22.973330599999997], [-43.1882583, -22.973167499999995], [-43.1881634, -22.973232599999992]]]}}, {"type": "Feature", "properties": {"osm_id": "way/1049097048", "building": "yes"}, "geometry": {"type": "Polygon", "coordinates": [[[-43.1882485, -22.973427799999993], [-43.1880828, -22.9735414], [-43.1881875, -22.973670799999997], [-43.1884742, -22.9734742], [-43.1883695, -22.9733448], [-43.1882485, -22.973427799999993]]]}}, {"type": "Feature", "properties": {"osm_id": "way/1049097049", "building": "yes"}, "geometry": {"type": "Polygon", "coordinates": [[[-43.1873242, -22.972527599999996], [-43.18730810000001, -22.972544600000003], [-43.1873761, -22.972599299999995], [-43.1876784, -22.9722803], [-43.18761030000001, -22.9722256], [-43.1873242, -22.972527599999996]]]}}, {"type": "Feature", "properties": {"osm_id": "way/1049097050", "building": "yes"}, "geometry": {"type": "Polygon", "coordinates": [[[-43.1875265, -22.9721583], [-43.1872404, -22.972460300000005], [-43.1873242, -22.972527599999996], [-43.18761030000001, -22.9722256], [-43.1875265, -22.9721583]]]}}, {"type": "Feature", "properties": {"osm_id": "way/1049097051", "building": "yes"}, "geometry": {"type": "Polygon", "coordinates": [[[-43.1871523, -22.971989099999995], [-43.1872159, -22.97204139999999], [-43.1873885, -22.971863000000006], [-43.1873249, -22.9718107], [-43.1871523, -22.971989099999995]]]}}, {"type": "Feature", "properties": {"osm_id": "way/1049098218", "building": "apartments", "building:levels": "16", "roof:levels": "0", "roof:shape": "flat"}, "geometry": {"type": "Polygon", "coordinates": [[[-43.190845, -22.974379999999996], [-43.1909986, -22.97431509999999], [-43.1909195, -22.9741565], [-43.1907797, -22.9742155], [-43.1906797, -22.9742578], [-43.1907587, -22.974416399999992], [-43.190845, -22.974379999999996]]]}}, {"type": "Feature", "properties": {"osm_id": "way/1049098219", "building": "apartments", "building:levels": "11", "roof:levels": "0", "roof:shape": "flat"}, "geometry": {"type": "Polygon", "coordinates": [[[-43.1906797, -22.9742578], [-43.1906556, -22.974209500000004], [-43.1904925, -22.9742784], [-43.1905986, -22.974491300000004], [-43.1907617, -22.974422400000005], [-43.1907587, -22.974416399999992], [-43.1906797, -22.9742578]]]}}, {"type": "Feature", "properties": {"osm_id": "way/1049098220", "building": "apartments"}, "geometry": {"type": "Polygon", "coordinates": [[[-43.1910292, -22.974376499999998], [-43.1911975, -22.974305500000003], [-43.1910878, -22.9740854], [-43.19105, -22.974101299999994], [-43.1909195, -22.9741565], [-43.1909986, -22.97431509999999], [-43.1910292, -22.974376499999998]]]}}, {"type": "Feature", "properties": {"osm_id": "way/1049098221", "building": "apartments"}, "geometry": {"type": "Polygon", "coordinates": [[[-43.1913415, -22.974244599999995], [-43.191231800000004, -22.974024599999996], [-43.1910878, -22.9740854], [-43.1911975, -22.974305500000003], [-43.1913415, -22.974244599999995]]]}}, {"type": "Feature", "properties": {"osm_id": "way/1049098222", "building": "yes"}, "geometry": {"type": "Polygon", "coordinates": [[[-43.1911998, -22.973825999999992], [-43.1911858, -22.973831899999993], [-43.1910496, -22.973889400000004], [-43.1909627, -22.9739261], [-43.1910152, -22.97403149999999], [-43.1912523, -22.973931400000005], [-43.1911998, -22.973825999999992]]]}}, {"type": "Feature", "properties": {"osm_id": "way/1049098223", "building": "yes"}, "geometry": {"type": "Polygon", "coordinates": [[[-43.1910152, -22.97403149999999], [-43.19105, -22.974101299999994], [-43.1910878, -22.9740854], [-43.191231800000004, -22.974024599999996], [-43.1912871, -22.974001200000007], [-43.1912523, -22.973931400000005], [-43.1910152, -22.97403149999999]]]}}, {"type": "Feature", "properties": {"osm_id": "way/1049098224", "building": "yes"}, "geometry": {"type": "Polygon", "coordinates": [[[-43.1908101, -22.9736397], [-43.1908652, -22.973750099999993], [-43.1909602, -22.973710000000004], [-43.1910963, -22.973652500000007], [-43.1910413, -22.973542000000002], [-43.1908101, -22.9736397]]]}}, {"type": "Feature", "properties": {"osm_id": "way/1049098225", "building": "yes"}, "geometry": {"type": "Polygon", "coordinates": [[[-43.1909979, -22.973454800000003], [-43.1907667, -22.973552500000004], [-43.1908101, -22.9736397], [-43.1910413, -22.973542000000002], [-43.1909979, -22.973454800000003]]]}}, {"type": "Feature", "properties": {"osm_id": "way/1049098226", "building": "yes"}, "geometry": {"type": "Polygon", "coordinates": [[[-43.1909683, -22.973370600000003], [-43.1908609, -22.973197900000002], [-43.1906703, -22.973298299999996], [-43.1907062, -22.97335620000001], [-43.190777700000005, -22.9734711], [-43.1909683, -22.973370600000003]]]}}, {"type": "Feature", "properties": {"osm_id": "way/1049098227", "building": "yes"}, "geometry": {"type": "Polygon", "coordinates": [[[-43.1901665, -22.973398199999995], [-43.1902637, -22.97355459999999], [-43.1903481, -22.9735101], [-43.19038390000001, -22.973567799999998], [-43.1904355, -22.973540599999996], [-43.1904159, -22.97350919999999], [-43.1903147, -22.9733463], [-43.1903024, -22.9733266], [-43.1901665, -22.973398199999995]]]}}, {"type": "Feature", "properties": {"osm_id": "way/1049098228", "building": "yes"}, "geometry": {"type": "Polygon", "coordinates": [[[-43.1906703, -22.973298299999996], [-43.190589, -22.973167699999994], [-43.1905005, -22.9732143], [-43.1905164, -22.973239999999997], [-43.1906177, -22.973402800000002], [-43.1907062, -22.97335620000001], [-43.1906703, -22.973298299999996]]]}}, {"type": "Feature", "properties": {"osm_id": "way/1049098229", "building": "yes"}, "geometry": {"type": "Polygon", "coordinates": [[[-43.1904188, -22.973291500000002], [-43.19052, -22.9734543], [-43.1906177, -22.973402800000002], [-43.1905164, -22.973239999999997], [-43.1904188, -22.973291500000002]]]}}, {"type": "Feature", "properties": {"osm_id": "way/1049098230", "building": "yes"}, "geometry": {"type": "Polygon", "coordinates": [[[-43.1903147, -22.9733463], [-43.1904159, -22.97350919999999], [-43.19052, -22.9734543], [-43.1904188, -22.973291500000002], [-43.1903147, -22.9733463]]]}}, {"type": "Feature", "properties": {"osm_id": "way/1049098231", "building": "yes"}, "geometry": {"type": "Polygon", "coordinates": [[[-43.1900212, -22.9734917], [-43.190084, -22.973619499999995], [-43.1902297, -22.973558700000005], [-43.1901668, -22.973431], [-43.1900212, -22.9734917]]]}}, {"type": "Feature", "properties": {"osm_id": "way/1049098232", "building": "yes"}, "geometry": {"type": "Polygon", "coordinates": [[[-43.19014680000001, -22.973687700000003], [-43.1901867, -22.973767699999996], [-43.1904159, -22.97367089999999], [-43.190376, -22.9735908], [-43.19014680000001, -22.973687700000003]]]}}, {"type": "Feature", "properties": {"osm_id": "way/1049098233", "building": "yes"}, "geometry": {"type": "Polygon", "coordinates": [[[-43.190222, -22.97383859999999], [-43.1902644, -22.973820599999993], [-43.1903671, -22.973777299999995], [-43.190451200000005, -22.973741699999998], [-43.1904159, -22.97367089999999], [-43.1901867, -22.973767699999996], [-43.190222, -22.97383859999999]]]}}, {"type": "Feature", "properties": {"osm_id": "way/1049098234", "building": "yes"}, "geometry": {"type": "Polygon", "coordinates": [[[-43.1903345, -22.9739613], [-43.1904372, -22.9739179], [-43.1903671, -22.973777299999995], [-43.1902644, -22.973820599999993], [-43.1903345, -22.9739613]]]}}, {"type": "Feature", "properties": {"osm_id": "way/1049098235", "building": "yes"}, "geometry": {"type": "Polygon", "coordinates": [[[-43.1905886, -22.974074999999992], [-43.19042550000001, -22.9741439], [-43.1904925, -22.9742784], [-43.1906556, -22.974209500000004], [-43.1905886, -22.974074999999992]]]}}, {"type": "Feature", "properties": {"osm_id": "way/1049098236", "building": "yes"}, "geometry": {"type": "Polygon", "coordinates": [[[-43.1905886, -22.974074999999992], [-43.1905387, -22.973974700000003], [-43.1903756, -22.9740436], [-43.19042550000001, -22.9741439], [-43.1905886, -22.974074999999992]]]}}, {"type": "Feature", "properties": {"osm_id": "way/1049098237", "building": "yes"}, "geometry": {"type": "Polygon", "coordinates": [[[-43.1905387, -22.973974700000003], [-43.1905952, -22.973950899999995], [-43.1905541, -22.973868500000002], [-43.1904372, -22.9739179], [-43.1903345, -22.9739613], [-43.1903756, -22.9740436], [-43.1905387, -22.973974700000003]]]}}, {"type": "Feature", "properties": {"osm_id": "way/1049098238", "building": "yes"}, "geometry": {"type": "Polygon", "coordinates": [[[-43.1909602, -22.973710000000004], [-43.1910496, -22.973889400000004], [-43.1911858, -22.973831899999993], [-43.1910963, -22.973652500000007], [-43.1909602, -22.973710000000004]]]}}, {"type": "Feature", "properties": {"osm_id": "way/1049098837", "amenity": "place_of_worship", "building": "church", "building:architecture": "art_nouveau;neo-byzantine", "building:start_date": "1933", "denomination": "catholic", "religion": "christian", "source": "survey"}, "geometry": {"type": "Polygon", "coordinates": [[[-43.1907448, -22.9746484], [-43.1908526, -22.974965100000006], [-43.1908959, -22.974952599999998], [-43.1910497, -22.9749082], [-43.1909419, -22.974591500000002], [-43.1907448, -22.9746484]]]}}, {"type": "Feature", "properties": {"osm_id": "way/1049098838", "building": "yes"}, "geometry": {"type": "Polygon", "coordinates": [[[-43.1910497, -22.9749082], [-43.1912209, -22.9748588], [-43.1911887, -22.9747642], [-43.1911131, -22.974542099999997], [-43.1909419, -22.974591500000002], [-43.1910497, -22.9749082]]]}}, {"type": "Feature", "properties": {"osm_id": "way/1049098839", "building": "yes"}, "geometry": {"type": "Polygon", "coordinates": [[[-43.1920374, -22.9761929], [-43.1920424, -22.976213599999998], [-43.1920954, -22.976431100000006], [-43.1922202, -22.9764044], [-43.1921588, -22.9761873], [-43.1921511, -22.9761601], [-43.1920374, -22.9761929]]]}}, {"type": "Feature", "properties": {"osm_id": "way/1049098840", "building": "yes"}, "geometry": {"type": "Polygon", "coordinates": [[[-43.1920424, -22.976213599999998], [-43.1919215, -22.9762278], [-43.191928, -22.9762547], [-43.1919772, -22.976455699999992], [-43.1920954, -22.976431100000006], [-43.1920424, -22.976213599999998]]]}}, {"type": "Feature", "properties": {"osm_id": "way/1049098841", "building": "yes"}, "geometry": {"type": "Polygon", "coordinates": [[[-43.191928, -22.9762547], [-43.1917248, -22.976304199999994], [-43.191742, -22.976380899999995], [-43.191781, -22.976492800000006], [-43.1919772, -22.976455699999992], [-43.191928, -22.9762547]]]}}, {"type": "Feature", "properties": {"osm_id": "way/1049098842", "building": "yes"}, "geometry": {"type": "Polygon", "coordinates": [[[-43.1922245, -22.976391400000004], [-43.1922882, -22.9763742], [-43.1922382, -22.976169399999996], [-43.1921588, -22.9761873], [-43.1922245, -22.976391400000004]]]}}, {"type": "Feature", "properties": {"osm_id": "way/1049098843", "building": "yes"}, "geometry": {"type": "Polygon", "coordinates": [[[-43.1915303, -22.9765636], [-43.191781, -22.976492800000006], [-43.191742, -22.976380899999995], [-43.1914765, -22.9764066], [-43.1915303, -22.9765636]]]}}, {"type": "Feature", "properties": {"osm_id": "way/1049098844", "building": "yes"}, "geometry": {"type": "Polygon", "coordinates": [[[-43.1917026, -22.976335], [-43.1916989, -22.976249599999996], [-43.1916093, -22.976270899999992], [-43.1914543, -22.976307700000003], [-43.1914765, -22.9764066], [-43.1917026, -22.976335]]]}}, {"type": "Feature", "properties": {"osm_id": "way/1049098845", "building": "apartments"}, "geometry": {"type": "Polygon", "coordinates": [[[-43.1916093, -22.976270899999992], [-43.1915803, -22.976191599999996], [-43.1914339, -22.9762138], [-43.1914543, -22.976307700000003], [-43.1916093, -22.976270899999992]]]}}, {"type": "Feature", "properties": {"osm_id": "way/1049098846", "building": "apartments"}, "geometry": {"type": "Polygon", "coordinates": [[[-43.1915803, -22.976191599999996], [-43.1915525, -22.976096100000003], [-43.1914167, -22.9761211], [-43.19140420000001, -22.9761234], [-43.1914339, -22.9762138], [-43.1915803, -22.976191599999996]]]}}, {"type": "Feature", "properties": {"osm_id": "way/1049098847", "building": "apartments"}, "geometry": {"type": "Polygon", "coordinates": [[[-43.1915525, -22.976096100000003], [-43.1915228, -22.97602439999999], [-43.19138010000001, -22.976041500000004], [-43.1914167, -22.9761211], [-43.1915525, -22.976096100000003]]]}}, {"type": "Feature", "properties": {"osm_id": "way/1049098848", "building": "yes"}, "geometry": {"type": "Polygon", "coordinates": [[[-43.1916285, -22.9758828], [-43.1916534, -22.9760203], [-43.1916674, -22.976097800000005], [-43.19179340000001, -22.976080699999994], [-43.1917862, -22.976051200000004], [-43.1917415, -22.9758691], [-43.1916285, -22.9758828]]]}}, {"type": "Feature", "properties": {"osm_id": "way/1049098849", "building": "yes"}, "geometry": {"type": "Polygon", "coordinates": [[[-43.1915136, -22.97590329999999], [-43.1915525, -22.9760466], [-43.1916534, -22.9760203], [-43.1916285, -22.9758828], [-43.1915136, -22.97590329999999]]]}}, {"type": "Feature", "properties": {"osm_id": "way/1049098850", "building": "yes"}, "geometry": {"type": "Polygon", "coordinates": [[[-43.191490400000006, -22.97586999999999], [-43.1913505, -22.975874299999997], [-43.191356, -22.97596469999999], [-43.1914969, -22.975937399999996], [-43.191490400000006, -22.97586999999999]]]}}, {"type": "Feature", "properties": {"osm_id": "way/1049098851", "building": "yes"}, "geometry": {"type": "Polygon", "coordinates": [[[-43.191356, -22.97596469999999], [-43.19138010000001, -22.976041500000004], [-43.1915228, -22.97602439999999], [-43.1914969, -22.975937399999996], [-43.191356, -22.97596469999999]]]}}, {"type": "Feature", "properties": {"osm_id": "way/1049098852", "building": "yes"}, "geometry": {"type": "Polygon", "coordinates": [[[-43.1917862, -22.976051200000004], [-43.1918659, -22.976049899999996], [-43.1918369, -22.975868699999996], [-43.1917415, -22.9758691], [-43.1917862, -22.976051200000004]]]}}, {"type": "Feature", "properties": {"osm_id": "way/1049098853", "building": "yes"}, "geometry": {"type": "Polygon", "coordinates": [[[-43.1918659, -22.976049899999996], [-43.1918804, -22.976086999999993], [-43.1920095, -22.976082600000005], [-43.191953, -22.975849399999998], [-43.1918353, -22.9758494], [-43.1918659, -22.976049899999996]]]}}, {"type": "Feature", "properties": {"osm_id": "way/1049098854", "building": "yes"}, "geometry": {"type": "Polygon", "coordinates": [[[-43.1920095, -22.976082600000005], [-43.1921192, -22.976061799999997], [-43.1920937, -22.97593579999999], [-43.192074, -22.975839], [-43.191953, -22.975849399999998], [-43.1920095, -22.976082600000005]]]}}, {"type": "Feature", "properties": {"osm_id": "way/1049098855", "building": "yes"}, "geometry": {"type": "Polygon", "coordinates": [[[-43.1920937, -22.97593579999999], [-43.1921499, -22.975929600000008], [-43.1922192, -22.976106299999998], [-43.1923193, -22.976091499999995], [-43.1922757, -22.975828600000007], [-43.192074, -22.975839], [-43.1920937, -22.97593579999999]]]}}, {"type": "Feature", "properties": {"osm_id": "way/1049099596", "building": "yes"}, "geometry": {"type": "Polygon", "coordinates": [[[-43.1911887, -22.9747642], [-43.1913069, -22.974730100000002], [-43.1912313, -22.974508], [-43.1911131, -22.974542099999997], [-43.1911887, -22.9747642]]]}}, {"type": "Feature", "properties": {"osm_id": "way/1049099597", "building": "yes"}, "geometry": {"type": "Polygon", "coordinates": [[[-43.19144620000001, -22.974648299999995], [-43.1914849, -22.974782], [-43.1916608, -22.974728500000005], [-43.1916043, -22.974591800000006], [-43.19144620000001, -22.974648299999995]]]}}, {"type": "Feature", "properties": {"osm_id": "way/1049099598", "building": "yes"}, "geometry": {"type": "Polygon", "coordinates": [[[-43.1916043, -22.974591800000006], [-43.1915204, -22.974418], [-43.191372, -22.974455199999994], [-43.19144620000001, -22.974648299999995], [-43.1916043, -22.974591800000006]]]}}, {"type": "Feature", "properties": {"osm_id": "way/1049099599", "building": "yes"}, "geometry": {"type": "Polygon", "coordinates": [[[-43.1913856, -22.9747073], [-43.19131, -22.97448529999999], [-43.1912313, -22.974508], [-43.1913069, -22.974730100000002], [-43.1913856, -22.9747073]]]}}, {"type": "Feature", "properties": {"osm_id": "way/1049099600", "building": "yes"}, "geometry": {"type": "Polygon", "coordinates": [[[-43.1915268, -22.974957200000002], [-43.19155430000001, -22.9750226], [-43.191773700000006, -22.974952799999997], [-43.1917511, -22.974891899999992], [-43.1915268, -22.974957200000002]]]}}, {"type": "Feature", "properties": {"osm_id": "way/1049099601", "building": "yes"}, "geometry": {"type": "Polygon", "coordinates": [[[-43.19155430000001, -22.9750226], [-43.1914817, -22.975046400000004], [-43.1915591, -22.975266199999993], [-43.1917437, -22.975214299999998], [-43.1918866, -22.975174099999997], [-43.1918011, -22.974940899999996], [-43.191773700000006, -22.974952799999997], [-43.19155430000001, -22.9750226]]]}}, {"type": "Feature", "properties": {"osm_id": "way/1049099602", "building": "yes"}, "geometry": {"type": "Polygon", "coordinates": [[[-43.1918043, -22.9753375], [-43.1919738, -22.975260299999995], [-43.1919253, -22.975156299999995], [-43.1918866, -22.975174099999997], [-43.1917437, -22.975214299999998], [-43.1918043, -22.9753375]]]}}, {"type": "Feature", "properties": {"osm_id": "way/1049099603", "building": "apartments"}, "geometry": {"type": "Polygon", "coordinates": [[[-43.1915704, -22.975438200000003], [-43.1916568, -22.975623], [-43.1916858, -22.975684999999995], [-43.1917418, -22.9756628], [-43.191902, -22.9755993], [-43.1917865, -22.975352499999996], [-43.1915704, -22.975438200000003]]]}}, {"type": "Feature", "properties": {"osm_id": "way/1049099604", "building": "apartments"}, "geometry": {"type": "Polygon", "coordinates": [[[-43.1915704, -22.975438200000003], [-43.1915541, -22.975403399999998], [-43.191383, -22.9754713], [-43.1914857, -22.975690899999996], [-43.1916568, -22.975623], [-43.1915704, -22.975438200000003]]]}}, {"type": "Feature", "properties": {"osm_id": "way/1049099605", "building": "yes"}, "geometry": {"type": "Polygon", "coordinates": [[[-43.1913045, -22.975220399999998], [-43.1912717, -22.9751242], [-43.1912086, -22.975142399999992], [-43.1910381, -22.975191599999995], [-43.1910246, -22.975195499999998], [-43.1910573, -22.975291699999996], [-43.1913045, -22.975220399999998]]]}}, {"type": "Feature", "properties": {"osm_id": "way/1049099606", "building": "yes"}, "geometry": {"type": "Polygon", "coordinates": [[[-43.191095, -22.975041299999997], [-43.1910497, -22.9749082], [-43.1908959, -22.974952599999998], [-43.190927, -22.975043999999993], [-43.1909824, -22.975027999999995], [-43.1909966, -22.9750697], [-43.191095, -22.975041299999997]]]}}, {"type": "Feature", "properties": {"osm_id": "way/1049099607", "building": "yes"}, "geometry": {"type": "Polygon", "coordinates": [[[-43.1912086, -22.975142399999992], [-43.1911671, -22.975020499999996], [-43.191095, -22.975041299999997], [-43.1909966, -22.9750697], [-43.1910381, -22.975191599999995], [-43.1912086, -22.975142399999992]]]}}, {"type": "Feature", "properties": {"osm_id": "way/1049101012", "building": "yes"}, "geometry": {"type": "Polygon", "coordinates": [[[-43.1918102, -22.973989999999993], [-43.1916897, -22.974023399999997], [-43.19172890000001, -22.974143399999992], [-43.1918494, -22.974109999999996], [-43.1918102, -22.973989999999993]]]}}, {"type": "Feature", "properties": {"osm_id": "way/1049101013", "building": "yes"}, "geometry": {"type": "Polygon", "coordinates": [[[-43.1920017, -22.974067799999997], [-43.1919417, -22.973884399999996], [-43.1917895, -22.9739265], [-43.1918102, -22.973989999999993], [-43.1918494, -22.974109999999996], [-43.1920017, -22.974067799999997]]]}}, {"type": "Feature", "properties": {"osm_id": "way/1049101014", "building": "yes"}, "geometry": {"type": "Polygon", "coordinates": [[[-43.1913214, -22.973098299999993], [-43.1913558, -22.973077000000004], [-43.1912834, -22.972965200000004], [-43.1910779, -22.973077000000004], [-43.191148, -22.973206], [-43.1913214, -22.973098299999993]]]}}, {"type": "Feature", "properties": {"osm_id": "way/1049101015", "building": "yes"}, "geometry": {"type": "Polygon", "coordinates": [[[-43.191148, -22.973206], [-43.1911154, -22.973224299999995], [-43.1911526, -22.9732748], [-43.1913675, -22.9731566], [-43.1913214, -22.973098299999993], [-43.191148, -22.973206]]]}}, {"type": "Feature", "properties": {"osm_id": "way/1049101016", "building": "yes"}, "geometry": {"type": "Polygon", "coordinates": [[[-43.1912758, -22.973561199999992], [-43.1913006, -22.973553199999998], [-43.1915166, -22.973483400000003], [-43.1915295, -22.9734793], [-43.1914965, -22.973392699999998], [-43.1912743, -22.973464500000002], [-43.1912429, -22.973474599999996], [-43.1912758, -22.973561199999992]]]}}, {"type": "Feature", "properties": {"osm_id": "way/1049101017", "building": "yes"}, "geometry": {"type": "Polygon", "coordinates": [[[-43.1913248, -22.973616599999996], [-43.1913424, -22.973610899999997], [-43.1915407, -22.973546800000005], [-43.1915166, -22.973483400000003], [-43.1913006, -22.973553199999998], [-43.1913248, -22.973616599999996]]]}}, {"type": "Feature", "properties": {"osm_id": "way/1049101018", "building": "yes"}, "geometry": {"type": "Polygon", "coordinates": [[[-43.1913694, -22.973681699999993], [-43.1915677, -22.973617699999988], [-43.1915407, -22.973546800000005], [-43.1913424, -22.973610899999997], [-43.1913694, -22.973681699999993]]]}}, {"type": "Feature", "properties": {"osm_id": "way/1049101019", "building": "yes"}, "geometry": {"type": "Polygon", "coordinates": [[[-43.1913945, -22.973747699999997], [-43.1915928, -22.973683599999998], [-43.1915677, -22.973617699999988], [-43.1913694, -22.973681699999993], [-43.1913945, -22.973747699999997]]]}}, {"type": "Feature", "properties": {"osm_id": "way/1049101020", "building": "yes"}, "geometry": {"type": "Polygon", "coordinates": [[[-43.1915717, -22.972594699999995], [-43.1914436, -22.972655500000002], [-43.1915173, -22.97280199999999], [-43.191643500000005, -22.972734099999997], [-43.1915717, -22.972594699999995]]]}}, {"type": "Feature", "properties": {"osm_id": "way/1049101021", "building": "yes"}, "geometry": {"type": "Polygon", "coordinates": [[[-43.1916649, -22.9727287], [-43.1917501, -22.9728543], [-43.1919765, -22.9727185], [-43.1918919, -22.972608999999995], [-43.1916649, -22.9727287]]]}}, {"type": "Feature", "properties": {"osm_id": "way/1049101022", "building": "yes"}, "geometry": {"type": "Polygon", "coordinates": [[[-43.191826, -22.97244999999999], [-43.1915717, -22.972594699999995], [-43.191643500000005, -22.972734099999997], [-43.1918919, -22.972608999999995], [-43.191826, -22.97244999999999]]]}}, {"type": "Feature", "properties": {"osm_id": "way/1049101023", "building": "yes"}, "geometry": {"type": "Polygon", "coordinates": [[[-43.1914965, -22.973392699999998], [-43.1915522, -22.973374699999994], [-43.191511, -22.9732665], [-43.1914939, -22.973271999999994], [-43.1912331, -22.973356199999998], [-43.1912743, -22.973464500000002], [-43.1914965, -22.973392699999998]]]}}, {"type": "Feature", "properties": {"osm_id": "way/1049101024", "building": "yes"}, "geometry": {"type": "Polygon", "coordinates": [[[-43.1914939, -22.973271999999994], [-43.1914673, -22.973202299999997], [-43.1912065, -22.973286500000007], [-43.1912331, -22.973356199999998], [-43.1914939, -22.973271999999994]]]}}, {"type": "Feature", "properties": {"osm_id": "way/1049101025", "building": "yes"}, "geometry": {"type": "Polygon", "coordinates": [[[-43.1921867, -22.975189399999998], [-43.1924649, -22.975168299999996], [-43.1925104, -22.9751648], [-43.192503, -22.9750815], [-43.1921522, -22.9751081], [-43.1921596, -22.975191400000007], [-43.1921867, -22.975189399999998]]]}}, {"type": "Feature", "properties": {"osm_id": "way/1049101026", "building": "yes"}, "geometry": {"type": "Polygon", "coordinates": [[[-43.1921943, -22.975274200000005], [-43.1924725, -22.9752531], [-43.1924649, -22.975168299999996], [-43.1921867, -22.975189399999998], [-43.1921943, -22.975274200000005]]]}}, {"type": "Feature", "properties": {"osm_id": "way/1049101027", "building": "yes"}, "geometry": {"type": "Polygon", "coordinates": [[[-43.1926576, -22.975506199999995], [-43.1926436, -22.975605099999996], [-43.1928257, -22.975592199999998], [-43.1928187, -22.975495499999997], [-43.1926576, -22.975506199999995]]]}}, {"type": "Feature", "properties": {"osm_id": "way/1049101028", "building": "yes"}, "geometry": {"type": "Polygon", "coordinates": [[[-43.1932087, -22.975175199999992], [-43.1929635, -22.9751945], [-43.1929542, -22.975274000000002], [-43.1930334, -22.9752714], [-43.1932741, -22.975263300000005], [-43.1932087, -22.975175199999992]]]}}, {"type": "Feature", "properties": {"osm_id": "way/1049101029", "building": "yes"}, "geometry": {"type": "Polygon", "coordinates": [[[-43.1930334, -22.9752714], [-43.19302650000001, -22.975355700000005], [-43.1932951, -22.9753536], [-43.1932741, -22.975263300000005], [-43.1930334, -22.9752714]]]}}, {"type": "Feature", "properties": {"osm_id": "way/1049101030", "building": "yes"}, "geometry": {"type": "Polygon", "coordinates": [[[-43.1931899, -22.9750994], [-43.1929259, -22.975115499999998], [-43.1929259, -22.9751923], [-43.1929635, -22.9751945], [-43.1932087, -22.975175199999992], [-43.1931899, -22.9750994]]]}}, {"type": "Feature", "properties": {"osm_id": "way/1049101031", "building": "yes"}, "geometry": {"type": "Polygon", "coordinates": [[[-43.19313420000001, -22.974998499999998], [-43.1930732, -22.975003999999995], [-43.1928696, -22.975022299999992], [-43.1929259, -22.975115499999998], [-43.1931899, -22.9750994], [-43.19313420000001, -22.974998499999998]]]}}, {"type": "Feature", "properties": {"osm_id": "way/1049101032", "building": "yes"}, "geometry": {"type": "Polygon", "coordinates": [[[-43.1930732, -22.975003999999995], [-43.1930648, -22.9749659], [-43.19307130000001, -22.974876700000003], [-43.1930197, -22.974805399999994], [-43.1928152, -22.974816600000004], [-43.1928018, -22.9748173], [-43.1928696, -22.975022299999992], [-43.1930732, -22.975003999999995]]]}}, {"type": "Feature", "properties": {"osm_id": "way/1049101033", "building": "yes"}, "geometry": {"type": "Polygon", "coordinates": [[[-43.1929729, -22.974696999999995], [-43.192747, -22.97470589999999], [-43.1927583, -22.974817299999994], [-43.1928152, -22.974816600000004], [-43.1930197, -22.974805399999994], [-43.1929729, -22.974696999999995]]]}}, {"type": "Feature", "properties": {"osm_id": "way/1049101034", "building": "yes"}, "geometry": {"type": "Polygon", "coordinates": [[[-43.1929019, -22.974572199999994], [-43.1926841, -22.97459900000001], [-43.1926825, -22.9747089], [-43.192747, -22.97470589999999], [-43.1929729, -22.974696999999995], [-43.1929019, -22.974572199999994]]]}}, {"type": "Feature", "properties": {"osm_id": "way/1049101035", "building": "yes"}, "geometry": {"type": "Polygon", "coordinates": [[[-43.1929309, -22.9745752], [-43.1928777, -22.9744675], [-43.1928658, -22.97447109999999], [-43.1926276, -22.974544000000005], [-43.1926841, -22.97459900000001], [-43.1929019, -22.974572199999994], [-43.1929309, -22.9745752]]]}}, {"type": "Feature", "properties": {"osm_id": "way/1049101036", "building": "yes"}, "geometry": {"type": "Polygon", "coordinates": [[[-43.1928309, -22.974385099999992], [-43.1925921, -22.974454899999998], [-43.1926276, -22.974544000000005], [-43.1928658, -22.97447109999999], [-43.1928309, -22.974385099999992]]]}}, {"type": "Feature", "properties": {"osm_id": "way/1049101037", "building": "yes"}, "geometry": {"type": "Polygon", "coordinates": [[[-43.192413, -22.9741444], [-43.1924425, -22.9742258], [-43.1925319, -22.974362399999997], [-43.1925518, -22.9743895], [-43.1926292, -22.974350899999997], [-43.1925131, -22.9741266], [-43.192413, -22.9741444]]]}}, {"type": "Feature", "properties": {"osm_id": "way/1049101038", "building": "yes"}, "geometry": {"type": "Polygon", "coordinates": [[[-43.1926292, -22.974350899999997], [-43.192655, -22.97437319999999], [-43.1927196, -22.974347899999998], [-43.1926082, -22.974093899999996], [-43.1925131, -22.9741266], [-43.1926292, -22.974350899999997]]]}}, {"type": "Feature", "properties": {"osm_id": "way/1049101039", "building": "yes"}, "geometry": {"type": "Polygon", "coordinates": [[[-43.1918935, -22.974649499999998], [-43.1921419, -22.974582499999997], [-43.1922517, -22.974552899999996], [-43.1922259, -22.974450400000002], [-43.1918564, -22.9745485], [-43.1918935, -22.974649499999998]]]}}, {"type": "Feature", "properties": {"osm_id": "way/1049101040", "building": "yes"}, "geometry": {"type": "Polygon", "coordinates": [[[-43.1919209, -22.974737100000006], [-43.191967000000005, -22.97472409999999], [-43.1921775, -22.974664299999993], [-43.1921419, -22.974582499999997], [-43.1918935, -22.974649499999998], [-43.1919209, -22.974737100000006]]]}}, {"type": "Feature", "properties": {"osm_id": "way/1049101041", "building": "yes"}, "geometry": {"type": "Polygon", "coordinates": [[[-43.1920081, -22.974850000000004], [-43.1922468, -22.974788199999992], [-43.1923291, -22.9747668], [-43.1922856, -22.974636099999998], [-43.1921775, -22.974664299999993], [-43.191967000000005, -22.97472409999999], [-43.1920081, -22.974850000000004]]]}}, {"type": "Feature", "properties": {"osm_id": "way/1049101042", "building": "yes"}, "geometry": {"type": "Polygon", "coordinates": [[[-43.1920532, -22.974970299999995], [-43.1923162, -22.974903499999996], [-43.1922468, -22.974788199999992], [-43.1920081, -22.974850000000004], [-43.1920532, -22.974970299999995]]]}}, {"type": "Feature", "properties": {"osm_id": "way/1049101043", "building": "yes"}, "geometry": {"type": "Polygon", "coordinates": [[[-43.1934069, -22.975554099999997], [-43.1933197, -22.9753625], [-43.1932391, -22.975375800000005], [-43.1932697, -22.975567399999996], [-43.1934069, -22.975554099999997]]]}}, {"type": "Feature", "properties": {"osm_id": "way/1049103516", "addr:city": "Rio de Janeiro", "addr:housenumber": "502", "addr:postcode": "22040-002", "addr:street": "R. Barata Ribeiro", "addr:suburb": "Copacabana", "amenity": "restaurant", "building": "yes", "name": "Supermarket Copacabana"}, "geometry": {"type": "Polygon", "coordinates": [[[-43.1879449, -22.969909299999994], [-43.1880922, -22.970009600000004], [-43.1883545, -22.96968309999999], [-43.1882071, -22.969582800000005], [-43.1879449, -22.969909299999994]]]}}, {"type": "Feature", "properties": {"osm_id": "way/1049103517", "building": "yes"}, "geometry": {"type": "Polygon", "coordinates": [[[-43.1881507, -22.969561599999995], [-43.1881337, -22.9695498], [-43.1879817, -22.969444899999996], [-43.1879259, -22.9695134], [-43.1880949, -22.969630100000007], [-43.1881507, -22.969561599999995]]]}}, {"type": "Feature", "properties": {"osm_id": "way/1049103518", "building": "yes"}, "geometry": {"type": "Polygon", "coordinates": [[[-43.1882156, -22.9694493], [-43.1880636, -22.969344300000003], [-43.1879817, -22.969444899999996], [-43.1881337, -22.9695498], [-43.1882156, -22.9694493]]]}}, {"type": "Feature", "properties": {"osm_id": "way/1049103519", "building": "yes"}, "geometry": {"type": "Polygon", "coordinates": [[[-43.1882437, -22.969468700000004], [-43.1883288, -22.96936429999999], [-43.1881487, -22.969239899999994], [-43.1880636, -22.969344300000003], [-43.1882156, -22.9694493], [-43.1882437, -22.969468700000004]]]}}, {"type": "Feature", "properties": {"osm_id": "way/1049103520", "building": "yes"}, "geometry": {"type": "Polygon", "coordinates": [[[-43.1883795, -22.969302100000004], [-43.1883653, -22.969292399999997], [-43.1881993, -22.969177700000007], [-43.1881487, -22.969239899999994], [-43.1883288, -22.96936429999999], [-43.1883795, -22.969302100000004]]]}}, {"type": "Feature", "properties": {"osm_id": "way/1049103521", "building": "yes"}, "geometry": {"type": "Polygon", "coordinates": [[[-43.18850080000001, -22.969126100000004], [-43.1883348, -22.969011500000004], [-43.1881993, -22.969177700000007], [-43.1883653, -22.969292399999997], [-43.18850080000001, -22.969126100000004]]]}}, {"type": "Feature", "properties": {"osm_id": "way/1049103522", "building": "yes"}, "geometry": {"type": "Polygon", "coordinates": [[[-43.188632600000005, -22.968964300000007], [-43.1884666, -22.968849699999996], [-43.1883348, -22.969011500000004], [-43.18850080000001, -22.969126100000004], [-43.188632600000005, -22.968964300000007]]]}}, {"type": "Feature", "properties": {"osm_id": "way/1049103523", "building": "yes"}, "geometry": {"type": "Polygon", "coordinates": [[[-43.1887016, -22.968941000000004], [-43.1887881, -22.96900359999999], [-43.1889363, -22.9688301], [-43.1888498, -22.9687675], [-43.1887016, -22.968941000000004]]]}}, {"type": "Feature", "properties": {"osm_id": "way/1049103524", "building": "yes"}, "geometry": {"type": "Polygon", "coordinates": [[[-43.1887881, -22.96900359999999], [-43.1889091, -22.9690913], [-43.188945, -22.96904929999999], [-43.1890574, -22.96891769999999], [-43.1889363, -22.9688301], [-43.1887881, -22.96900359999999]]]}}, {"type": "Feature", "properties": {"osm_id": "way/1049103525", "building": "yes"}, "geometry": {"type": "Polygon", "coordinates": [[[-43.188945, -22.96904929999999], [-43.1890276, -22.96910919999999], [-43.18914, -22.9689776], [-43.1890574, -22.96891769999999], [-43.188945, -22.96904929999999]]]}}, {"type": "Feature", "properties": {"osm_id": "way/1049103526", "building": "yes"}, "geometry": {"type": "Polygon", "coordinates": [[[-43.1890276, -22.96910919999999], [-43.1889384, -22.9692136], [-43.1890684, -22.969307700000005], [-43.18927, -22.969071600000003], [-43.18914, -22.9689776], [-43.1890276, -22.96910919999999]]]}}, {"type": "Feature", "properties": {"osm_id": "way/1049103527", "building": "yes"}, "geometry": {"type": "Polygon", "coordinates": [[[-43.1888689, -22.969294999999995], [-43.1889988, -22.9693891], [-43.1890684, -22.969307700000005], [-43.1889384, -22.9692136], [-43.1888689, -22.969294999999995]]]}}, {"type": "Feature", "properties": {"osm_id": "way/1049103528", "building": "yes"}, "geometry": {"type": "Polygon", "coordinates": [[[-43.1888109, -22.969361400000004], [-43.1889418, -22.9694473], [-43.1889988, -22.9693891], [-43.1888689, -22.969294999999995], [-43.1888109, -22.969361400000004]]]}}, {"type": "Feature", "properties": {"osm_id": "way/1049103529", "building": "yes"}, "geometry": {"type": "Polygon", "coordinates": [[[-43.1886877, -22.969502499999994], [-43.1888125, -22.969591199999996], [-43.1888901, -22.969498600000005], [-43.1887653, -22.969409900000002], [-43.1886877, -22.969502499999994]]]}}, {"type": "Feature", "properties": {"osm_id": "way/1049103530", "building": "yes"}, "geometry": {"type": "Polygon", "coordinates": [[[-43.1887424, -22.969221100000002], [-43.188626, -22.969355099999998], [-43.1887023, -22.9694113], [-43.1888187, -22.969277299999995], [-43.1887424, -22.969221100000002]]]}}, {"type": "Feature", "properties": {"osm_id": "way/1049103531", "building": "yes"}, "geometry": {"type": "Polygon", "coordinates": [[[-43.1886154, -22.969373300000008], [-43.1885634, -22.969432799999996], [-43.1886552, -22.969501], [-43.1887073, -22.969441499999988], [-43.1886154, -22.969373300000008]]]}}, {"type": "Feature", "properties": {"osm_id": "way/1049103532", "building": "yes"}, "geometry": {"type": "Polygon", "coordinates": [[[-43.1884382, -22.9697602], [-43.188542, -22.969841999999996], [-43.1886621, -22.969712900000008], [-43.1885583, -22.969631099999997], [-43.1884382, -22.9697602]]]}}, {"type": "Feature", "properties": {"osm_id": "way/1049103533", "building": "yes"}, "geometry": {"type": "Polygon", "coordinates": [[[-43.1877915, -22.969659599999993], [-43.1877213, -22.969756599999993], [-43.187798, -22.9698038], [-43.1878682, -22.9697068], [-43.1877915, -22.969659599999993]]]}}, {"type": "Feature", "properties": {"osm_id": "way/1049103534", "building": "yes"}, "geometry": {"type": "Polygon", "coordinates": [[[-43.1885579, -22.970440699999997], [-43.1886462, -22.9705169], [-43.1888147, -22.97035129999999], [-43.1887263, -22.970275099999995], [-43.1885579, -22.970440699999997]]]}}, {"type": "Feature", "properties": {"osm_id": "way/1049103535", "building": "yes"}, "geometry": {"type": "Polygon", "coordinates": [[[-43.1886462, -22.9705169], [-43.1887245, -22.970584399999996], [-43.188893, -22.9704189], [-43.1888147, -22.97035129999999], [-43.1886462, -22.9705169]]]}}, {"type": "Feature", "properties": {"osm_id": "way/1049103536", "building": "yes"}, "geometry": {"type": "Polygon", "coordinates": [[[-43.1887245, -22.970584399999996], [-43.188805, -22.970653899999988], [-43.1889964, -22.970465699999995], [-43.1889159, -22.9703963], [-43.188893, -22.9704189], [-43.1887245, -22.970584399999996]]]}}, {"type": "Feature", "properties": {"osm_id": "way/1049103537", "building": "yes"}, "geometry": {"type": "Polygon", "coordinates": [[[-43.1893986, -22.970676899999994], [-43.1894814, -22.970754999999997], [-43.189649, -22.9706044], [-43.189676, -22.970580099999996], [-43.1895933, -22.970501999999996], [-43.1893986, -22.970676899999994]]]}}, {"type": "Feature", "properties": {"osm_id": "way/1049103538", "building": "yes"}, "geometry": {"type": "Polygon", "coordinates": [[[-43.1894814, -22.970754999999997], [-43.189611, -22.970877200000007], [-43.1897786, -22.9707266], [-43.189649, -22.9706044], [-43.1894814, -22.970754999999997]]]}}, {"type": "Feature", "properties": {"osm_id": "way/1049103539", "building": "yes"}, "geometry": {"type": "Polygon", "coordinates": [[[-43.1892172, -22.9702293], [-43.1890637, -22.970390900000005], [-43.18919340000001, -22.970495299999993], [-43.189346900000004, -22.9703338], [-43.1892172, -22.9702293]]]}}, {"type": "Feature", "properties": {"osm_id": "way/1049103540", "building": "yes"}, "geometry": {"type": "Polygon", "coordinates": [[[-43.189346900000004, -22.9703338], [-43.18919340000001, -22.970495299999993], [-43.1892729, -22.970559499999993], [-43.1894265, -22.9703979], [-43.189346900000004, -22.9703338]]]}}, {"type": "Feature", "properties": {"osm_id": "way/1049103541", "building": "yes"}, "geometry": {"type": "Polygon", "coordinates": [[[-43.1892172, -22.9702293], [-43.1892399, -22.970205499999995], [-43.1891378, -22.970123300000004], [-43.1889713, -22.9702986], [-43.1889617, -22.970308699999997], [-43.1890637, -22.970390900000005], [-43.1892172, -22.9702293]]]}}, {"type": "Feature", "properties": {"osm_id": "way/1049103542", "building": "yes"}, "geometry": {"type": "Polygon", "coordinates": [[[-43.1891378, -22.970123300000004], [-43.1890639, -22.970063800000002], [-43.1888974, -22.970238999999996], [-43.1889713, -22.9702986], [-43.1891378, -22.970123300000004]]]}}, {"type": "Feature", "properties": {"osm_id": "way/1049103902", "building": "yes"}, "geometry": {"type": "Polygon", "coordinates": [[[-43.1901623, -22.970488299999996], [-43.1900956, -22.970417500000003], [-43.189926, -22.970559100000003], [-43.1899983, -22.970642799999997], [-43.1901623, -22.970488299999996]]]}}, {"type": "Feature", "properties": {"osm_id": "way/1049103903", "building": "yes"}, "geometry": {"type": "Polygon", "coordinates": [[[-43.1897965, -22.9703743], [-43.1899779, -22.9701928], [-43.1898935, -22.9701213], [-43.1898799, -22.9701351], [-43.1897121, -22.970302699999994], [-43.1897965, -22.9703743]]]}}, {"type": "Feature", "properties": {"osm_id": "way/1049103904", "building": "yes"}, "geometry": {"type": "Polygon", "coordinates": [[[-43.1898799, -22.9701351], [-43.189846200000005, -22.9701065], [-43.189817, -22.970135699999993], [-43.1897666, -22.970092999999995], [-43.1896281, -22.970231499999997], [-43.1897121, -22.970302699999994], [-43.1898799, -22.9701351]]]}}, {"type": "Feature", "properties": {"osm_id": "way/1049103905", "building": "yes"}, "geometry": {"type": "Polygon", "coordinates": [[[-43.1897063, -22.9699534], [-43.18956190000001, -22.969840999999995], [-43.1893605, -22.970060299999997], [-43.1895048, -22.970172700000003], [-43.1897063, -22.9699534]]]}}, {"type": "Feature", "properties": {"osm_id": "way/1049103906", "building": "yes"}, "geometry": {"type": "Polygon", "coordinates": [[[-43.18956190000001, -22.969840999999995], [-43.189477700000005, -22.9697754], [-43.1894487, -22.969806999999996], [-43.1892835, -22.969986800000004], [-43.1892762, -22.9699947], [-43.1893605, -22.970060299999997], [-43.18956190000001, -22.969840999999995]]]}}, {"type": "Feature", "properties": {"osm_id": "way/1049103907", "building": "yes"}, "geometry": {"type": "Polygon", "coordinates": [[[-43.1894487, -22.969806999999996], [-43.1893556, -22.969734599999995], [-43.189201, -22.9699029], [-43.1891905, -22.9699143], [-43.1892835, -22.969986800000004], [-43.1894487, -22.969806999999996]]]}}, {"type": "Feature", "properties": {"osm_id": "way/1049103908", "building": "yes"}, "geometry": {"type": "Polygon", "coordinates": [[[-43.1893556, -22.969734599999995], [-43.1893753, -22.9697131], [-43.1892871, -22.9696445], [-43.1892567, -22.9696776], [-43.1891128, -22.969834199999994], [-43.189201, -22.9699029], [-43.1893556, -22.969734599999995]]]}}, {"type": "Feature", "properties": {"osm_id": "way/1049103909", "building": "yes"}, "geometry": {"type": "Polygon", "coordinates": [[[-43.18912770000001, -22.969577200000003], [-43.1892567, -22.9696776], [-43.1892871, -22.9696445], [-43.1893464, -22.969579900000003], [-43.189217500000005, -22.969479499999995], [-43.18912770000001, -22.969577200000003]]]}}, {"type": "Feature", "properties": {"osm_id": "way/1049103910", "building": "yes"}, "geometry": {"type": "Polygon", "coordinates": [[[-43.1893464, -22.969579900000003], [-43.1894269, -22.969492300000002], [-43.189298, -22.969391900000005], [-43.189217500000005, -22.969479499999995], [-43.1893464, -22.969579900000003]]]}}, {"type": "Feature", "properties": {"osm_id": "way/1049103911", "building": "yes"}, "geometry": {"type": "Polygon", "coordinates": [[[-43.1898798, -22.969757299999998], [-43.1898496, -22.9697891], [-43.1899556, -22.969874700000002], [-43.19014680000001, -22.969674000000005], [-43.190040700000004, -22.96958839999999], [-43.1898798, -22.969757299999998]]]}}, {"type": "Feature", "properties": {"osm_id": "way/1049103912", "building": "yes"}, "geometry": {"type": "Polygon", "coordinates": [[[-43.1899556, -22.969874700000002], [-43.1900439, -22.969946000000004], [-43.19025570000001, -22.96972359999999], [-43.1901674, -22.969652400000005], [-43.19014680000001, -22.969674000000005], [-43.1899556, -22.969874700000002]]]}}, {"type": "Feature", "properties": {"osm_id": "way/1049103913", "building": "yes"}, "geometry": {"type": "Polygon", "coordinates": [[[-43.1900628, -22.969565199999995], [-43.1899167, -22.96944729999999], [-43.189827, -22.9695415], [-43.1897338, -22.9696394], [-43.1898798, -22.969757299999998], [-43.190040700000004, -22.96958839999999], [-43.1900628, -22.969565199999995]]]}}, {"type": "Feature", "properties": {"osm_id": "way/1049103914", "building": "yes"}, "geometry": {"type": "Polygon", "coordinates": [[[-43.1898085, -22.969359899999997], [-43.1896835, -22.9694911], [-43.1897625, -22.96955489999999], [-43.1897977, -22.969517900000003], [-43.189827, -22.9695415], [-43.1899167, -22.96944729999999], [-43.1898085, -22.969359899999997]]]}}, {"type": "Feature", "properties": {"osm_id": "way/1049103915", "building": "yes"}, "geometry": {"type": "Polygon", "coordinates": [[[-43.1895777, -22.969331000000004], [-43.189602, -22.969349099999995], [-43.18956070000001, -22.969396300000007], [-43.189637, -22.9694529], [-43.18973630000001, -22.969339400000003], [-43.1896356, -22.969264699999997], [-43.1895777, -22.969331000000004]]]}}, {"type": "Feature", "properties": {"osm_id": "way/1049103916", "building": "yes"}, "geometry": {"type": "Polygon", "coordinates": [[[-43.189331, -22.969353], [-43.1894171, -22.969416899999995], [-43.1894592, -22.969368799999994], [-43.1895057, -22.969403299999996], [-43.1895479, -22.9693551], [-43.1894153, -22.969256699999995], [-43.189331, -22.969353]]]}}, {"type": "Feature", "properties": {"osm_id": "way/1049104670", "building": "yes"}, "geometry": {"type": "Polygon", "coordinates": [[[-43.1870227, -22.9692298], [-43.1871924, -22.969353], [-43.1872664, -22.9692666], [-43.1871838, -22.969206699999997], [-43.1870967, -22.9691434], [-43.1870227, -22.9692298]]]}}, {"type": "Feature", "properties": {"osm_id": "way/1049104671", "building": "yes"}, "geometry": {"type": "Polygon", "coordinates": [[[-43.1871838, -22.969206699999997], [-43.1872328, -22.969149500000004], [-43.1872959, -22.969195299999992], [-43.1873386, -22.9691455], [-43.1871884, -22.9690364], [-43.1870967, -22.9691434], [-43.1871838, -22.969206699999997]]]}}, {"type": "Feature", "properties": {"osm_id": "way/1049104672", "building": "yes"}, "geometry": {"type": "Polygon", "coordinates": [[[-43.1873386, -22.9691455], [-43.1873995, -22.969189700000005], [-43.1875443, -22.969020799999996], [-43.1875075, -22.9689941], [-43.1873331, -22.968867399999997], [-43.1871884, -22.9690364], [-43.1873386, -22.9691455]]]}}, {"type": "Feature", "properties": {"osm_id": "way/1049104673", "building": "yes"}, "geometry": {"type": "Polygon", "coordinates": [[[-43.1876787, -22.9694171], [-43.187491, -22.969287400000002], [-43.1874338, -22.9693574], [-43.1876216, -22.969487199999996], [-43.1876787, -22.9694171]]]}}, {"type": "Feature", "properties": {"osm_id": "way/1049104674", "building": "yes"}, "geometry": {"type": "Polygon", "coordinates": [[[-43.1873606, -22.969447200000005], [-43.1875483, -22.969577000000005], [-43.1876216, -22.969487199999996], [-43.1874338, -22.9693574], [-43.1873606, -22.969447200000005]]]}}, {"type": "Feature", "properties": {"osm_id": "way/1049104675", "building": "yes"}, "geometry": {"type": "Polygon", "coordinates": [[[-43.1876146, -22.969121099999995], [-43.1878035, -22.969260399999996], [-43.1878706, -22.969183199999993], [-43.1876818, -22.969043900000003], [-43.1876146, -22.969121099999995]]]}}, {"type": "Feature", "properties": {"osm_id": "way/1049104676", "building": "yes"}, "geometry": {"type": "Polygon", "coordinates": [[[-43.1875587, -22.9691854], [-43.1877475, -22.9693247], [-43.1878035, -22.969260399999996], [-43.1876146, -22.969121099999995], [-43.1875587, -22.9691854]]]}}, {"type": "Feature", "properties": {"osm_id": "way/1049104677", "building": "yes"}, "geometry": {"type": "Polygon", "coordinates": [[[-43.1878706, -22.969183199999993], [-43.1879481, -22.969094199999994], [-43.1877592, -22.968954899999993], [-43.1876818, -22.969043900000003], [-43.1878706, -22.969183199999993]]]}}, {"type": "Feature", "properties": {"osm_id": "way/1049104678", "building": "yes"}, "geometry": {"type": "Polygon", "coordinates": [[[-43.1880387, -22.96899], [-43.18786990000001, -22.968865599999997], [-43.18784980000001, -22.9688507], [-43.1877592, -22.968954899999993], [-43.1879481, -22.969094199999994], [-43.1880387, -22.96899]]]}}, {"type": "Feature", "properties": {"osm_id": "way/1049104679", "building": "yes"}, "geometry": {"type": "Polygon", "coordinates": [[[-43.1879246, -22.968802699999998], [-43.18786990000001, -22.968865599999997], [-43.1880387, -22.96899], [-43.1880934, -22.968927199999996], [-43.1879246, -22.968802699999998]]]}}, {"type": "Feature", "properties": {"osm_id": "way/1049104680", "building": "yes"}, "geometry": {"type": "Polygon", "coordinates": [[[-43.1882479, -22.9687496], [-43.1880508, -22.968604299999996], [-43.1878963, -22.968781799999995], [-43.1879246, -22.968802699999998], [-43.1880934, -22.968927199999996], [-43.1882479, -22.9687496]]]}}, {"type": "Feature", "properties": {"osm_id": "way/1049104681", "building": "yes"}, "geometry": {"type": "Polygon", "coordinates": [[[-43.1881972, -22.968428499999998], [-43.1883933, -22.968563], [-43.1884462, -22.968497699999997], [-43.1882501, -22.9683631], [-43.1881972, -22.968428499999998]]]}}, {"type": "Feature", "properties": {"osm_id": "way/1049104682", "building": "yes"}, "geometry": {"type": "Polygon", "coordinates": [[[-43.1881623, -22.968302899999998], [-43.1879791, -22.968529299999997], [-43.1880669, -22.968589499999997], [-43.1881972, -22.968428499999998], [-43.1882501, -22.9683631], [-43.1881623, -22.968302899999998]]]}}, {"type": "Feature", "properties": {"osm_id": "way/1049104683", "building": "yes"}, "geometry": {"type": "Polygon", "coordinates": [[[-43.187696, -22.968426600000004], [-43.1878309, -22.968520400000003], [-43.1879019, -22.968433799999996], [-43.187767, -22.968339999999998], [-43.187696, -22.968426600000004]]]}}, {"type": "Feature", "properties": {"osm_id": "way/1049104684", "building": "yes"}, "geometry": {"type": "Polygon", "coordinates": [[[-43.1876022, -22.9685411], [-43.1877755, -22.968661499999993], [-43.1878693, -22.968547100000002], [-43.1878309, -22.968520400000003], [-43.187696, -22.968426600000004], [-43.1876022, -22.9685411]]]}}, {"type": "Feature", "properties": {"osm_id": "way/1049104685", "building": "yes"}, "geometry": {"type": "Polygon", "coordinates": [[[-43.1873852, -22.96877109999999], [-43.187404, -22.96878479999999], [-43.1875783, -22.968911399999996], [-43.1876974, -22.968772399999995], [-43.1875043, -22.968632100000004], [-43.1873852, -22.96877109999999]]]}}, {"type": "Feature", "properties": {"osm_id": "way/1049104686", "building": "yes"}, "geometry": {"type": "Polygon", "coordinates": [[[-43.1873331, -22.968867399999997], [-43.1875075, -22.9689941], [-43.1875783, -22.968911399999996], [-43.187404, -22.96878479999999], [-43.1873331, -22.968867399999997]]]}}, {"type": "Feature", "properties": {"osm_id": "way/1049582422", "building": "yes"}, "geometry": {"type": "Polygon", "coordinates": [[[-43.1872438, -22.967964800000008], [-43.1873209, -22.968004200000003], [-43.1873609, -22.9679381], [-43.1874015, -22.9678707], [-43.1873244, -22.967831299999997], [-43.1872438, -22.967964800000008]]]}}, {"type": "Feature", "properties": {"osm_id": "way/1049582423", "building": "yes"}, "geometry": {"type": "Polygon", "coordinates": [[[-43.1873609, -22.9679381], [-43.1873963, -22.9679562], [-43.1873592, -22.968017600000003], [-43.1874127, -22.968045], [-43.1874905, -22.967916299999995], [-43.1874015, -22.9678707], [-43.1873609, -22.9679381]]]}}, {"type": "Feature", "properties": {"osm_id": "way/1049582424", "building": "yes"}, "geometry": {"type": "Polygon", "coordinates": [[[-43.18741800000001, -22.96805429999999], [-43.1873278, -22.968169699999997], [-43.1873982, -22.968216400000003], [-43.1875163, -22.968294699999998], [-43.1876065, -22.968179299999992], [-43.18741800000001, -22.96805429999999]]]}}, {"type": "Feature", "properties": {"osm_id": "way/1049582425", "building": "yes"}, "geometry": {"type": "Polygon", "coordinates": [[[-43.1873982, -22.968216400000003], [-43.1872982, -22.968344199999994], [-43.1874163, -22.968422500000003], [-43.1875163, -22.968294699999998], [-43.1873982, -22.968216400000003]]]}}, {"type": "Feature", "properties": {"osm_id": "way/1049582426", "building": "yes"}, "geometry": {"type": "Polygon", "coordinates": [[[-43.1872982, -22.968344199999994], [-43.18717730000001, -22.9682641], [-43.1870859, -22.968381], [-43.1873249, -22.968539399999997], [-43.1874163, -22.968422500000003], [-43.1872982, -22.968344199999994]]]}}, {"type": "Feature", "properties": {"osm_id": "way/1049582427", "building": "yes"}, "geometry": {"type": "Polygon", "coordinates": [[[-43.18717730000001, -22.9682641], [-43.1870202, -22.968159899999996], [-43.1869285, -22.968277000000004], [-43.1870859, -22.968381], [-43.18717730000001, -22.9682641]]]}}, {"type": "Feature", "properties": {"osm_id": "way/1049582428", "building": "yes"}, "geometry": {"type": "Polygon", "coordinates": [[[-43.1870202, -22.968159899999996], [-43.1869324, -22.9681017], [-43.1868408, -22.9682189], [-43.1869285, -22.968277000000004], [-43.1870202, -22.968159899999996]]]}}, {"type": "Feature", "properties": {"osm_id": "way/1049582429", "building": "yes"}, "geometry": {"type": "Polygon", "coordinates": [[[-43.1869324, -22.9681017], [-43.1868533, -22.968049299999997], [-43.1867617, -22.968166500000002], [-43.1868408, -22.9682189], [-43.1869324, -22.9681017]]]}}, {"type": "Feature", "properties": {"osm_id": "way/1049582430", "building": "yes"}, "geometry": {"type": "Polygon", "coordinates": [[[-43.1868533, -22.968049299999997], [-43.1867771, -22.967998700000003], [-43.1866854, -22.968115899999997], [-43.1867617, -22.968166500000002], [-43.1868533, -22.968049299999997]]]}}, {"type": "Feature", "properties": {"osm_id": "way/1049582431", "building": "yes"}, "geometry": {"type": "Polygon", "coordinates": [[[-43.1867771, -22.967998700000003], [-43.1867315, -22.967968499999994], [-43.1867286, -22.9679722], [-43.1866956, -22.967950299999995], [-43.1866068, -22.9680638], [-43.1866854, -22.968115899999997], [-43.1867771, -22.967998700000003]]]}}, {"type": "Feature", "properties": {"osm_id": "way/1049582432", "building": "yes"}, "geometry": {"type": "Polygon", "coordinates": [[[-43.1866956, -22.967950299999995], [-43.186618, -22.967898899999998], [-43.1865293, -22.968012399999996], [-43.1866068, -22.9680638], [-43.1866956, -22.967950299999995]]]}}, {"type": "Feature", "properties": {"osm_id": "way/1049582433", "building": "yes"}, "geometry": {"type": "Polygon", "coordinates": [[[-43.186618, -22.967898899999998], [-43.1865339, -22.967843099999993], [-43.1864451, -22.967956599999997], [-43.1865293, -22.968012399999996], [-43.186618, -22.967898899999998]]]}}, {"type": "Feature", "properties": {"osm_id": "way/1049582434", "building": "yes"}, "geometry": {"type": "Polygon", "coordinates": [[[-43.1865339, -22.967843099999993], [-43.18646, -22.967794100000006], [-43.1863712, -22.9679076], [-43.1864451, -22.967956599999997], [-43.1865339, -22.967843099999993]]]}}, {"type": "Feature", "properties": {"osm_id": "way/1049582435", "building": "yes"}, "geometry": {"type": "Polygon", "coordinates": [[[-43.18646, -22.967794100000006], [-43.1863969, -22.967752299999997], [-43.1863082, -22.967865800000002], [-43.1863712, -22.9679076], [-43.18646, -22.967794100000006]]]}}, {"type": "Feature", "properties": {"osm_id": "way/1049582436", "building": "yes"}, "geometry": {"type": "Polygon", "coordinates": [[[-43.1863969, -22.967752299999997], [-43.1863099, -22.967694600000005], [-43.1862212, -22.967808100000003], [-43.1863082, -22.967865800000002], [-43.1863969, -22.967752299999997]]]}}, {"type": "Feature", "properties": {"osm_id": "way/1049582437", "building": "yes"}, "geometry": {"type": "Polygon", "coordinates": [[[-43.1863099, -22.967694600000005], [-43.1860228, -22.967504300000005], [-43.1859341, -22.967617799999996], [-43.1862212, -22.967808100000003], [-43.1863099, -22.967694600000005]]]}}, {"type": "Feature", "properties": {"osm_id": "way/1049582438", "building": "yes"}, "geometry": {"type": "Polygon", "coordinates": [[[-43.1869491, -22.967640200000005], [-43.1867422, -22.9675357], [-43.1866265, -22.9677302], [-43.1868333, -22.9678346], [-43.1869491, -22.967640200000005]]]}}, {"type": "Feature", "properties": {"osm_id": "way/1049582439", "building": "yes"}, "geometry": {"type": "Polygon", "coordinates": [[[-43.1866568, -22.9674926], [-43.186614, -22.96756449999999], [-43.186541, -22.967686999999998], [-43.1866265, -22.9677302], [-43.1867422, -22.9675357], [-43.1866568, -22.9674926]]]}}, {"type": "Feature", "properties": {"osm_id": "way/1049582440", "building": "yes"}, "geometry": {"type": "Polygon", "coordinates": [[[-43.1865183, -22.967422699999993], [-43.1864755, -22.967494599999995], [-43.186614, -22.96756449999999], [-43.1866568, -22.9674926], [-43.1865183, -22.967422699999993]]]}}, {"type": "Feature", "properties": {"osm_id": "way/1049582441", "building": "yes"}, "geometry": {"type": "Polygon", "coordinates": [[[-43.1871235, -22.967728399999995], [-43.1870606, -22.967696200000002], [-43.1869924, -22.96780919999999], [-43.1870566, -22.967841699999994], [-43.1871235, -22.967728399999995]]]}}, {"type": "Feature", "properties": {"osm_id": "way/1049583604", "building": "yes"}, "geometry": {"type": "Polygon", "coordinates": [[[-43.1861232, -22.968353299999997], [-43.1862111, -22.968242099999994], [-43.1861178, -22.968179700000007], [-43.18603060000001, -22.968290100000004], [-43.18603000000001, -22.968290899999992], [-43.1861232, -22.968353299999997]]]}}, {"type": "Feature", "properties": {"osm_id": "way/1049583605", "building": "yes"}, "geometry": {"type": "Polygon", "coordinates": [[[-43.1862041, -22.968407499999998], [-43.186292, -22.968296200000005], [-43.1862111, -22.968242099999994], [-43.1861232, -22.968353299999997], [-43.1862041, -22.968407499999998]]]}}, {"type": "Feature", "properties": {"osm_id": "way/1049583606", "building": "yes"}, "geometry": {"type": "Polygon", "coordinates": [[[-43.1861178, -22.968179700000007], [-43.1859971, -22.96809889999999], [-43.1859099, -22.9682093], [-43.18603060000001, -22.968290100000004], [-43.1861178, -22.968179700000007]]]}}, {"type": "Feature", "properties": {"osm_id": "way/1049583607", "building": "yes"}, "geometry": {"type": "Polygon", "coordinates": [[[-43.1862681, -22.968450300000004], [-43.1863355, -22.968364799999993], [-43.18635590000001, -22.968338999999997], [-43.186292, -22.968296200000005], [-43.1862041, -22.968407499999998], [-43.1862681, -22.968450300000004]]]}}, {"type": "Feature", "properties": {"osm_id": "way/1049583608", "building": "yes"}, "geometry": {"type": "Polygon", "coordinates": [[[-43.1863734, -22.968520799999997], [-43.1863757, -22.9685178], [-43.1864408, -22.968435300000003], [-43.1863355, -22.968364799999993], [-43.1862681, -22.968450300000004], [-43.1863734, -22.968520799999997]]]}}, {"type": "Feature", "properties": {"osm_id": "way/1049583609", "building": "yes"}, "geometry": {"type": "Polygon", "coordinates": [[[-43.1864767, -22.9685855], [-43.1865419, -22.968503000000002], [-43.1864408, -22.968435300000003], [-43.1863757, -22.9685178], [-43.1864767, -22.9685855]]]}}, {"type": "Feature", "properties": {"osm_id": "way/1049583610", "building": "yes"}, "geometry": {"type": "Polygon", "coordinates": [[[-43.1865971, -22.968666000000002], [-43.1866622, -22.9685835], [-43.1865419, -22.968503000000002], [-43.1864767, -22.9685855], [-43.1865971, -22.968666000000002]]]}}, {"type": "Feature", "properties": {"osm_id": "way/1049583611", "building": "yes"}, "geometry": {"type": "Polygon", "coordinates": [[[-43.186705700000005, -22.968738699999996], [-43.186795, -22.968625700000008], [-43.1868433, -22.968564499999996], [-43.1867347, -22.9684918], [-43.1866622, -22.9685835], [-43.1865971, -22.968666000000002], [-43.186705700000005, -22.968738699999996]]]}}, {"type": "Feature", "properties": {"osm_id": "way/1049583612", "building": "yes"}, "geometry": {"type": "Polygon", "coordinates": [[[-43.1868371, -22.9688267], [-43.1869264, -22.968713599999997], [-43.186795, -22.968625700000008], [-43.186705700000005, -22.968738699999996], [-43.1868371, -22.9688267]]]}}, {"type": "Feature", "properties": {"osm_id": "way/1049583613", "building": "yes"}, "geometry": {"type": "Polygon", "coordinates": [[[-43.1871489, -22.9687303], [-43.1869947, -22.9686271], [-43.1869264, -22.968713599999997], [-43.1868371, -22.9688267], [-43.1869913, -22.968929899999996], [-43.1871489, -22.9687303]]]}}, {"type": "Feature", "properties": {"osm_id": "way/1049583614", "building": "yes"}, "geometry": {"type": "Polygon", "coordinates": [[[-43.186544, -22.9681597], [-43.1864508, -22.968095200000004], [-43.1863509, -22.968217699999997], [-43.1864441, -22.968282099999996], [-43.186544, -22.9681597]]]}}, {"type": "Feature", "properties": {"osm_id": "way/1049583615", "building": "yes"}, "geometry": {"type": "Polygon", "coordinates": [[[-43.1868832, -22.968552499999994], [-43.1869321, -22.968585100000002], [-43.1870204, -22.968473300000003], [-43.1869716, -22.9684406], [-43.1868832, -22.968552499999994]]]}}, {"type": "Feature", "properties": {"osm_id": "way/1049583616", "building": "yes"}, "geometry": {"type": "Polygon", "coordinates": [[[-43.1869176, -22.96840439999999], [-43.1868292, -22.9685163], [-43.1868832, -22.968552499999994], [-43.1869716, -22.9684406], [-43.1869176, -22.96840439999999]]]}}, {"type": "Feature", "properties": {"osm_id": "way/1049583617", "building": "yes"}, "geometry": {"type": "Polygon", "coordinates": [[[-43.186863, -22.968367899999997], [-43.1867747, -22.968479799999994], [-43.1868292, -22.9685163], [-43.1869176, -22.96840439999999], [-43.186863, -22.968367899999997]]]}}, {"type": "Feature", "properties": {"osm_id": "way/1049583618", "building": "yes"}, "geometry": {"type": "Polygon", "coordinates": [[[-43.1869321, -22.968585100000002], [-43.1869947, -22.9686271], [-43.187083, -22.968515200000002], [-43.1870204, -22.968473300000003], [-43.1869321, -22.968585100000002]]]}}, {"type": "Feature", "properties": {"osm_id": "way/1049583619", "building": "yes"}, "geometry": {"type": "Polygon", "coordinates": [[[-43.1868348, -22.969103599999997], [-43.1865883, -22.968944600000007], [-43.18652970000001, -22.96900760000001], [-43.1865185, -22.969019599999996], [-43.186763, -22.969192999999994], [-43.1868348, -22.969103599999997]]]}}, {"type": "Feature", "properties": {"osm_id": "way/1049583620", "building": "yes"}, "geometry": {"type": "Polygon", "coordinates": [[[-43.1865883, -22.968944600000007], [-43.1866505, -22.968855200000004], [-43.1865903, -22.968798000000003], [-43.1864661, -22.968966], [-43.18652970000001, -22.96900760000001], [-43.1865883, -22.968944600000007]]]}}, {"type": "Feature", "properties": {"osm_id": "way/1049583621", "building": "yes"}, "geometry": {"type": "Polygon", "coordinates": [[[-43.1865903, -22.968798000000003], [-43.186508800000006, -22.968746200000002], [-43.1863671, -22.968915999999993], [-43.1864661, -22.968966], [-43.1865903, -22.968798000000003]]]}}, {"type": "Feature", "properties": {"osm_id": "way/1049583622", "building": "yes"}, "geometry": {"type": "Polygon", "coordinates": [[[-43.186508800000006, -22.968746200000002], [-43.1864098, -22.9686926], [-43.1863843, -22.9687233], [-43.186272, -22.968858800000003], [-43.1863671, -22.968915999999993], [-43.186508800000006, -22.968746200000002]]]}}, {"type": "Feature", "properties": {"osm_id": "way/1049583623", "building": "yes"}, "geometry": {"type": "Polygon", "coordinates": [[[-43.1863843, -22.9687233], [-43.1863088, -22.9686712], [-43.1861982, -22.968789100000002], [-43.186272, -22.968858800000003], [-43.1863843, -22.9687233]]]}}, {"type": "Feature", "properties": {"osm_id": "way/1049583624", "building": "yes"}, "geometry": {"type": "Polygon", "coordinates": [[[-43.1863088, -22.9686712], [-43.1863244, -22.968633599999993], [-43.186237, -22.9685836], [-43.1861148, -22.968742599999995], [-43.1861982, -22.968789100000002], [-43.1863088, -22.9686712]]]}}, {"type": "Feature", "properties": {"osm_id": "way/1049583625", "building": "yes"}, "geometry": {"type": "Polygon", "coordinates": [[[-43.186237, -22.9685836], [-43.1860546, -22.968467399999998], [-43.1859381, -22.968639], [-43.1861148, -22.968742599999995], [-43.186237, -22.9685836]]]}}, {"type": "Feature", "properties": {"osm_id": "way/1049583626", "building": "yes"}, "geometry": {"type": "Polygon", "coordinates": [[[-43.1857926, -22.9683745], [-43.1857149, -22.96848709999999], [-43.1858081, -22.968549600000003], [-43.1858915, -22.968438800000005], [-43.1857926, -22.9683745]]]}}, {"type": "Feature", "properties": {"osm_id": "way/1049583627", "building": "yes"}, "geometry": {"type": "Polygon", "coordinates": [[[-43.1855461, -22.968154699999992], [-43.1854335, -22.9683245], [-43.1855926, -22.96842629999999], [-43.185711, -22.968281599999994], [-43.1855461, -22.968154699999992]]]}}, {"type": "Feature", "properties": {"osm_id": "way/1049583628", "building": "yes"}, "geometry": {"type": "Polygon", "coordinates": [[[-43.1855707, -22.96769769999999], [-43.185405700000004, -22.967589399999998], [-43.1853254, -22.9676931], [-43.1854904, -22.967801399999995], [-43.1855707, -22.96769769999999]]]}}, {"type": "Feature", "properties": {"osm_id": "way/1049583629", "building": "yes"}, "geometry": {"type": "Polygon", "coordinates": [[[-43.1857576, -22.967422000000006], [-43.1855926, -22.9673416], [-43.1854995, -22.96747199999999], [-43.1856586, -22.96757029999999], [-43.1857576, -22.967422000000006]]]}}, {"type": "Feature", "properties": {"osm_id": "way/1049583630", "building": "yes"}, "geometry": {"type": "Polygon", "coordinates": [[[-43.1858924, -22.967154600000004], [-43.1857715, -22.967088399999994], [-43.1857747, -22.9670834], [-43.1856333, -22.967006], [-43.1855174, -22.967185600000004], [-43.1857798, -22.967329099999997], [-43.1858924, -22.967154600000004]]]}}, {"type": "Feature", "properties": {"osm_id": "way/1049583631", "building": "yes"}, "geometry": {"type": "Polygon", "coordinates": [[[-43.1856333, -22.967006], [-43.1855562, -22.966963800000002], [-43.1854403, -22.9671434], [-43.1855174, -22.967185600000004], [-43.1856333, -22.967006]]]}}, {"type": "Feature", "properties": {"osm_id": "way/1049583632", "building": "yes"}, "geometry": {"type": "Polygon", "coordinates": [[[-43.1855562, -22.966963800000002], [-43.1854712, -22.9669173], [-43.185387, -22.967047799999996], [-43.1853553, -22.967096899999994], [-43.1854403, -22.9671434], [-43.1855562, -22.966963800000002]]]}}, {"type": "Feature", "properties": {"osm_id": "way/1049583633", "building": "yes"}, "geometry": {"type": "Polygon", "coordinates": [[[-43.1854712, -22.9669173], [-43.1853914, -22.966873600000003], [-43.1853072, -22.9670041], [-43.185387, -22.967047799999996], [-43.1854712, -22.9669173]]]}}, {"type": "Feature", "properties": {"osm_id": "way/1049583634", "building": "yes"}, "geometry": {"type": "Polygon", "coordinates": [[[-43.1852397, -22.9670599], [-43.1852913, -22.9669881], [-43.1851503, -22.9669023], [-43.1850987, -22.966974099999995], [-43.1852397, -22.9670599]]]}}, {"type": "Feature", "properties": {"osm_id": "way/1049583635", "building": "yes"}, "geometry": {"type": "Polygon", "coordinates": [[[-43.1844455, -22.966483800000002], [-43.18436210000001, -22.966621399999998], [-43.1845542, -22.9667], [-43.1846261, -22.966558799999998], [-43.1844455, -22.966483800000002]]]}}, {"type": "Feature", "properties": {"osm_id": "way/1049583636", "building": "yes"}, "geometry": {"type": "Polygon", "coordinates": [[[-43.1847733, -22.966551899999995], [-43.1846388, -22.966739500000003], [-43.1847613, -22.966814], [-43.1848273, -22.966721899999996], [-43.1848958, -22.966626400000003], [-43.1847733, -22.966551899999995]]]}}, {"type": "Feature", "properties": {"osm_id": "way/1049584043", "building": "yes"}, "geometry": {"type": "Polygon", "coordinates": [[[-43.1848273, -22.966721899999996], [-43.1848509, -22.966736199999993], [-43.1847585, -22.966865000000002], [-43.1848786, -22.966938], [-43.1850394, -22.966713600000002], [-43.1848958, -22.966626400000003], [-43.1848273, -22.966721899999996]]]}}, {"type": "Feature", "properties": {"osm_id": "way/1049584044", "building": "yes"}, "geometry": {"type": "Polygon", "coordinates": [[[-43.1847585, -22.966865000000002], [-43.1847295, -22.9669055], [-43.1846305, -22.966845299999992], [-43.1845705, -22.966928999999997], [-43.1847896, -22.9670622], [-43.1848786, -22.966938], [-43.1847585, -22.966865000000002]]]}}, {"type": "Feature", "properties": {"osm_id": "way/1049584045", "building": "yes"}, "geometry": {"type": "Polygon", "coordinates": [[[-43.184496, -22.9671557], [-43.1844436, -22.967223599999997], [-43.1845108, -22.967262599999998], [-43.1846008, -22.967314799999997], [-43.1846435, -22.967255799999993], [-43.184496, -22.9671557]]]}}, {"type": "Feature", "properties": {"osm_id": "way/1049584046", "building": "yes"}, "geometry": {"type": "Polygon", "coordinates": [[[-43.1845108, -22.967262599999998], [-43.1844611, -22.9673469], [-43.1845329, -22.9674023], [-43.1846008, -22.967314799999997], [-43.1845108, -22.967262599999998]]]}}, {"type": "Feature", "properties": {"osm_id": "way/1049584047", "building": "yes"}, "geometry": {"type": "Polygon", "coordinates": [[[-43.1842631, -22.967243299999996], [-43.1841874, -22.967186099999996], [-43.1840418, -22.967387999999996], [-43.1841175, -22.967445199999997], [-43.1842631, -22.967243299999996]]]}}, {"type": "Feature", "properties": {"osm_id": "way/1049584048", "building": "yes"}, "geometry": {"type": "Polygon", "coordinates": [[[-43.1841874, -22.967186099999996], [-43.1840923, -22.96712889999999], [-43.1839409, -22.9673255], [-43.1840418, -22.967387999999996], [-43.1841874, -22.967186099999996]]]}}, {"type": "Feature", "properties": {"osm_id": "way/1049584049", "building": "yes"}, "geometry": {"type": "Polygon", "coordinates": [[[-43.1840923, -22.96712889999999], [-43.1840011, -22.967071699999998], [-43.1838477, -22.967241499999997], [-43.1839409, -22.9673255], [-43.1840923, -22.96712889999999]]]}}, {"type": "Feature", "properties": {"osm_id": "way/1049584050", "building": "yes"}, "geometry": {"type": "Polygon", "coordinates": [[[-43.1840011, -22.967071699999998], [-43.1839176, -22.967003799999993], [-43.1837682, -22.967173600000002], [-43.1838477, -22.967241499999997], [-43.1840011, -22.967071699999998]]]}}, {"type": "Feature", "properties": {"osm_id": "way/1049586230", "building": "yes"}, "geometry": {"type": "Polygon", "coordinates": [[[-43.1838364, -22.966086299999994], [-43.1836962, -22.96627489999999], [-43.1838527, -22.966373500000007], [-43.1839928, -22.96618489999999], [-43.1838364, -22.966086299999994]]]}}, {"type": "Feature", "properties": {"osm_id": "way/1049586231", "building": "yes"}, "geometry": {"type": "Polygon", "coordinates": [[[-43.1838746, -22.966459900000004], [-43.1839518, -22.966511599999993], [-43.1841548, -22.9662548], [-43.1840776, -22.966203099999998], [-43.1838746, -22.966459900000004]]]}}, {"type": "Feature", "properties": {"osm_id": "way/1049586232", "building": "yes"}, "geometry": {"type": "Polygon", "coordinates": [[[-43.1837092, -22.966465000000003], [-43.1836293, -22.966589499999994], [-43.1838588, -22.966714399999994], [-43.1839387, -22.9665898], [-43.1837092, -22.966465000000003]]]}}, {"type": "Feature", "properties": {"osm_id": "way/1049586233", "building": "yes"}, "geometry": {"type": "Polygon", "coordinates": [[[-43.1835759, -22.966672699999993], [-43.1835201, -22.9667597], [-43.1837496, -22.966884499999995], [-43.1838055, -22.9667975], [-43.1835759, -22.966672699999993]]]}}, {"type": "Feature", "properties": {"osm_id": "way/1049586234", "building": "yes"}, "geometry": {"type": "Polygon", "coordinates": [[[-43.1836293, -22.966589499999994], [-43.1835759, -22.966672699999993], [-43.1838055, -22.9667975], [-43.1838588, -22.966714399999994], [-43.1836293, -22.966589499999994]]]}}, {"type": "Feature", "properties": {"osm_id": "way/1049586235", "building": "yes"}, "geometry": {"type": "Polygon", "coordinates": [[[-43.1835514, -22.966835500000006], [-43.183545, -22.9668426], [-43.1834255, -22.9669782], [-43.183498, -22.967032499999995], [-43.1836239, -22.96688969999999], [-43.1835514, -22.966835500000006]]]}}, {"type": "Feature", "properties": {"osm_id": "way/1049586236", "building": "yes"}, "geometry": {"type": "Polygon", "coordinates": [[[-43.183545, -22.9668426], [-43.1834655, -22.9667832], [-43.1833459, -22.9669188], [-43.1834255, -22.9669782], [-43.183545, -22.9668426]]]}}, {"type": "Feature", "properties": {"osm_id": "way/1049586237", "building": "yes"}, "geometry": {"type": "Polygon", "coordinates": [[[-43.1834655, -22.9667832], [-43.1834874, -22.9667583], [-43.1833505, -22.966656], [-43.1832091, -22.966816399999995], [-43.1833459, -22.9669188], [-43.1834655, -22.9667832]]]}}, {"type": "Feature", "properties": {"osm_id": "way/1049586238", "building": "yes"}, "geometry": {"type": "Polygon", "coordinates": [[[-43.1833505, -22.966656], [-43.18327, -22.966595799999997], [-43.1831285, -22.966756199999992], [-43.1832091, -22.966816399999995], [-43.1833505, -22.966656]]]}}, {"type": "Feature", "properties": {"osm_id": "way/1049586239", "building": "yes"}, "geometry": {"type": "Polygon", "coordinates": [[[-43.1831863, -22.966193399999998], [-43.1833592, -22.9663024], [-43.1834574, -22.966170200000004], [-43.1833906, -22.966128100000006], [-43.1832845, -22.966061199999995], [-43.1831863, -22.966193399999998]]]}}, {"type": "Feature", "properties": {"osm_id": "way/1049586240", "building": "yes"}, "geometry": {"type": "Polygon", "coordinates": [[[-43.1836581, -22.965973999999996], [-43.183578, -22.966081799999994], [-43.18351800000001, -22.966162600000004], [-43.1836962, -22.96627489999999], [-43.1838364, -22.966086299999994], [-43.1836581, -22.965973999999996]]]}}, {"type": "Feature", "properties": {"osm_id": "way/1049586241", "building": "yes"}, "geometry": {"type": "Polygon", "coordinates": [[[-43.1835539, -22.965908300000002], [-43.1834202, -22.9660883], [-43.1834584, -22.966112399999997], [-43.183512, -22.966040199999995], [-43.183578, -22.966081799999994], [-43.1836581, -22.965973999999996], [-43.1835539, -22.965908300000002]]]}}, {"type": "Feature", "properties": {"osm_id": "way/1049586242", "building": "yes"}, "geometry": {"type": "Polygon", "coordinates": [[[-43.1834478, -22.9658415], [-43.1832845, -22.966061199999995], [-43.1833906, -22.966128100000006], [-43.1834202, -22.9660883], [-43.1835539, -22.965908300000002], [-43.1834478, -22.9658415]]]}}, {"type": "Feature", "properties": {"osm_id": "way/1049586243", "building": "yes"}, "geometry": {"type": "Polygon", "coordinates": [[[-43.1831534, -22.9661727], [-43.1830905, -22.9662573], [-43.1832963, -22.966387], [-43.1833592, -22.9663024], [-43.1831863, -22.966193399999998], [-43.1831534, -22.9661727]]]}}, {"type": "Feature", "properties": {"osm_id": "way/1049586244", "building": "yes"}, "geometry": {"type": "Polygon", "coordinates": [[[-43.1828744, -22.966623799999994], [-43.1829472, -22.966678200000004], [-43.1830721, -22.966536499999993], [-43.1829993, -22.9664821], [-43.1828744, -22.966623799999994]]]}}, {"type": "Feature", "properties": {"osm_id": "way/1049586245", "building": "yes"}, "geometry": {"type": "Polygon", "coordinates": [[[-43.1830275, -22.9667383], [-43.1831996, -22.9665431], [-43.1831192, -22.9664831], [-43.1830721, -22.966536499999993], [-43.1829472, -22.966678200000004], [-43.1830275, -22.9667383]]]}}, {"type": "Feature", "properties": {"osm_id": "way/1049586246", "building": "yes"}, "geometry": {"type": "Polygon", "coordinates": [[[-43.1830979, -22.966790900000003], [-43.1831285, -22.966756199999992], [-43.18327, -22.966595799999997], [-43.1831996, -22.9665431], [-43.1830275, -22.9667383], [-43.1830979, -22.966790900000003]]]}}, {"type": "Feature", "properties": {"osm_id": "way/1049586247", "building": "yes"}, "geometry": {"type": "Polygon", "coordinates": [[[-43.1829993, -22.9664821], [-43.1829439, -22.966440700000003], [-43.182819, -22.966582400000007], [-43.1828744, -22.966623799999994], [-43.1829993, -22.9664821]]]}}, {"type": "Feature", "properties": {"osm_id": "way/1049586248", "building": "yes"}, "geometry": {"type": "Polygon", "coordinates": [[[-43.1827128, -22.965999800000002], [-43.1826588, -22.966086399999995], [-43.1828587, -22.966191899999995], [-43.1828827, -22.966204699999995], [-43.1829367, -22.966118100000003], [-43.1827128, -22.965999800000002]]]}}, {"type": "Feature", "properties": {"osm_id": "way/1049586249", "building": "yes"}, "geometry": {"type": "Polygon", "coordinates": [[[-43.1826588, -22.966086399999995], [-43.1825998, -22.9661811], [-43.182611, -22.966187], [-43.1827788, -22.966275699999994], [-43.1827996, -22.9662867], [-43.1828587, -22.966191899999995], [-43.1826588, -22.966086399999995]]]}}, {"type": "Feature", "properties": {"osm_id": "way/1049586250", "building": "yes"}, "geometry": {"type": "Polygon", "coordinates": [[[-43.182611, -22.966187], [-43.182545100000006, -22.966292699999997], [-43.1827129, -22.96638139999999], [-43.1827788, -22.966275699999994], [-43.182611, -22.966187]]]}}, {"type": "Feature", "properties": {"osm_id": "way/1049586251", "building": "yes"}, "geometry": {"type": "Polygon", "coordinates": [[[-43.1829714, -22.9660197], [-43.1827519, -22.9659135], [-43.18271, -22.965987000000002], [-43.1829294, -22.966093299999994], [-43.1829714, -22.9660197]]]}}, {"type": "Feature", "properties": {"osm_id": "way/1049586252", "building": "yes"}, "geometry": {"type": "Polygon", "coordinates": [[[-43.183116, -22.9659133], [-43.1829384, -22.965808300000003], [-43.182849100000006, -22.965936500000005], [-43.1830266, -22.966041400000005], [-43.183116, -22.9659133]]]}}, {"type": "Feature", "properties": {"osm_id": "way/1049586253", "building": "yes"}, "geometry": {"type": "Polygon", "coordinates": [[[-43.1831772, -22.9658256], [-43.1829996, -22.9657206], [-43.1829384, -22.965808300000003], [-43.183116, -22.9659133], [-43.1831772, -22.9658256]]]}}, {"type": "Feature", "properties": {"osm_id": "way/1049586254", "building": "yes"}, "geometry": {"type": "Polygon", "coordinates": [[[-43.1828662, -22.9655677], [-43.1827608, -22.96569969999999], [-43.1828369, -22.9657512], [-43.1829423, -22.965619300000004], [-43.1828662, -22.9655677]]]}}, {"type": "Feature", "properties": {"osm_id": "way/1049586255", "building": "yes"}, "geometry": {"type": "Polygon", "coordinates": [[[-43.1832015, -22.965839999999996], [-43.1832454, -22.9657769], [-43.183043600000005, -22.965657600000007], [-43.1829996, -22.9657206], [-43.1831772, -22.9658256], [-43.1832015, -22.965839999999996]]]}}, {"type": "Feature", "properties": {"osm_id": "way/1049586256", "building": "yes"}, "geometry": {"type": "Polygon", "coordinates": [[[-43.1826392, -22.96546019999999], [-43.1824896, -22.965649600000006], [-43.1825678, -22.965702], [-43.1827174, -22.9655126], [-43.1826392, -22.96546019999999]]]}}, {"type": "Feature", "properties": {"osm_id": "way/1049586257", "building": "yes"}, "geometry": {"type": "Polygon", "coordinates": [[[-43.1821868, -22.965570600000003], [-43.1824092, -22.9657169], [-43.1824664, -22.965643100000005], [-43.182244, -22.965496800000004], [-43.1821868, -22.965570600000003]]]}}, {"type": "Feature", "properties": {"osm_id": "way/1049586258", "building": "yes"}, "geometry": {"type": "Polygon", "coordinates": [[[-43.1821035, -22.9656779], [-43.1823144, -22.9658166], [-43.18232590000001, -22.965824199999997], [-43.1824092, -22.9657169], [-43.1821868, -22.965570600000003], [-43.1821035, -22.9656779]]]}}, {"type": "Feature", "properties": {"osm_id": "way/1049586259", "building": "yes"}, "geometry": {"type": "Polygon", "coordinates": [[[-43.1820226, -22.965782200000003], [-43.18211110000001, -22.965840399999994], [-43.1822334, -22.965920900000008], [-43.1823144, -22.9658166], [-43.1821035, -22.9656779], [-43.1820226, -22.965782200000003]]]}}, {"type": "Feature", "properties": {"osm_id": "way/1049586260", "building": "yes"}, "geometry": {"type": "Polygon", "coordinates": [[[-43.1818628, -22.965987999999996], [-43.18197870000001, -22.966064199999998], [-43.1820569, -22.965963400000003], [-43.1820296, -22.9659454], [-43.1819411, -22.965887199999997], [-43.1818628, -22.965987999999996]]]}}, {"type": "Feature", "properties": {"osm_id": "way/1049586261", "building": "yes"}, "geometry": {"type": "Polygon", "coordinates": [[[-43.1824977, -22.9661335], [-43.1824692, -22.966164299999996], [-43.1824212, -22.966126599999996], [-43.1822982, -22.966259299999997], [-43.1823736, -22.9663185], [-43.182525, -22.966155000000008], [-43.1824977, -22.9661335]]]}}, {"type": "Feature", "properties": {"osm_id": "way/1049586262", "building": "yes"}, "geometry": {"type": "Polygon", "coordinates": [[[-43.1824212, -22.966126599999996], [-43.18245430000001, -22.9660908], [-43.1824067, -22.966053399999996], [-43.1822506, -22.966221999999995], [-43.1822982, -22.966259299999997], [-43.1824212, -22.966126599999996]]]}}, {"type": "Feature", "properties": {"osm_id": "way/1049586263", "building": "yes"}, "geometry": {"type": "Polygon", "coordinates": [[[-43.182148, -22.9660233], [-43.1820698, -22.966124099999995], [-43.1821456, -22.966173999999988], [-43.1822239, -22.9660732], [-43.182148, -22.9660233]]]}}, {"type": "Feature", "properties": {"osm_id": "way/1049586264", "building": "yes"}, "geometry": {"type": "Polygon", "coordinates": [[[-43.182148, -22.9660233], [-43.1820569, -22.965963400000003], [-43.18197870000001, -22.966064199999998], [-43.1820698, -22.966124099999995], [-43.182148, -22.9660233]]]}}, {"type": "Feature", "properties": {"osm_id": "way/1049586265", "building": "yes"}, "geometry": {"type": "Polygon", "coordinates": [[[-43.1819411, -22.965887199999997], [-43.1820296, -22.9659454], [-43.18211110000001, -22.965840399999994], [-43.1820226, -22.965782200000003], [-43.1819411, -22.965887199999997]]]}}, {"type": "Feature", "properties": {"osm_id": "way/1049586266", "building": "yes"}, "geometry": {"type": "Polygon", "coordinates": [[[-43.1817109, -22.9656264], [-43.181664, -22.965684299999992], [-43.1816023, -22.9656419], [-43.1815203, -22.965743200000002], [-43.1816658, -22.965843199999988], [-43.1817947, -22.965683999999996], [-43.1817109, -22.9656264]]]}}, {"type": "Feature", "properties": {"osm_id": "way/1049586267", "building": "yes"}, "geometry": {"type": "Polygon", "coordinates": [[[-43.1818149, -22.9656978], [-43.1818692, -22.965630800000007], [-43.1817098, -22.9655214], [-43.1816555, -22.965588399999994], [-43.1817109, -22.9656264], [-43.1817947, -22.965683999999996], [-43.1818149, -22.9656978]]]}}, {"type": "Feature", "properties": {"osm_id": "way/1049586268", "building": "yes"}, "geometry": {"type": "Polygon", "coordinates": [[[-43.1819229, -22.96556440000001], [-43.1817636, -22.96545499999999], [-43.1817098, -22.9655214], [-43.1818692, -22.965630800000007], [-43.1819229, -22.96556440000001]]]}}, {"type": "Feature", "properties": {"osm_id": "way/1049586269", "building": "yes"}, "geometry": {"type": "Polygon", "coordinates": [[[-43.1819788, -22.9652758], [-43.1819387, -22.965338299999992], [-43.18187280000001, -22.965302500000004], [-43.1818193, -22.96538599999999], [-43.1820268, -22.965498700000005], [-43.1821204, -22.965352699999997], [-43.1819788, -22.9652758]]]}}, {"type": "Feature", "properties": {"osm_id": "way/1049586270", "building": "yes"}, "geometry": {"type": "Polygon", "coordinates": [[[-43.1817485, -22.965023], [-43.181618, -22.9652235], [-43.1816923, -22.965264499999993], [-43.1818228, -22.965064000000005], [-43.1817485, -22.965023]]]}}, {"type": "Feature", "properties": {"osm_id": "way/1049586271", "building": "yes"}, "geometry": {"type": "Polygon", "coordinates": [[[-43.1816458, -22.9649664], [-43.1815153, -22.9651668], [-43.181618, -22.9652235], [-43.1817485, -22.965023], [-43.1816458, -22.9649664]]]}}, {"type": "Feature", "properties": {"osm_id": "way/1049586272", "building": "yes"}, "geometry": {"type": "Polygon", "coordinates": [[[-43.1815338, -22.9649045], [-43.1814659, -22.965008899999997], [-43.1814033, -22.96510500000001], [-43.1815153, -22.9651668], [-43.1816458, -22.9649664], [-43.1815338, -22.9649045]]]}}, {"type": "Feature", "properties": {"osm_id": "way/1049586273", "building": "yes"}, "geometry": {"type": "Polygon", "coordinates": [[[-43.1813803, -22.964819799999994], [-43.1812498, -22.965020299999996], [-43.1813515, -22.9650764], [-43.1814141, -22.964980300000004], [-43.1814659, -22.965008899999997], [-43.1815338, -22.9649045], [-43.1813803, -22.964819799999994]]]}}, {"type": "Feature", "properties": {"osm_id": "way/1049586274", "building": "yes"}, "geometry": {"type": "Polygon", "coordinates": [[[-43.1811856, -22.965119000000005], [-43.1813391, -22.965203700000004], [-43.1814033, -22.96510500000001], [-43.1813515, -22.9650764], [-43.1812498, -22.965020299999996], [-43.1811856, -22.965119000000005]]]}}, {"type": "Feature", "properties": {"osm_id": "way/1049586275", "building": "yes"}, "geometry": {"type": "Polygon", "coordinates": [[[-43.1810023, -22.96541579999999], [-43.1810502, -22.9654401], [-43.1811884, -22.965209400000003], [-43.1811405, -22.965185099999996], [-43.1810023, -22.96541579999999]]]}}, {"type": "Feature", "properties": {"osm_id": "way/1049586276", "building": "yes"}, "geometry": {"type": "Polygon", "coordinates": [[[-43.1814418, -22.965689400000002], [-43.1815203, -22.965743200000002], [-43.1816023, -22.9656419], [-43.1816702, -22.965558099999996], [-43.181591700000006, -22.9655042], [-43.1814418, -22.965689400000002]]]}}, {"type": "Feature", "properties": {"osm_id": "way/1049586277", "building": "yes"}, "geometry": {"type": "Polygon", "coordinates": [[[-43.181591700000006, -22.9655042], [-43.1815133, -22.9654503], [-43.1813633, -22.965635500000005], [-43.1814418, -22.965689400000002], [-43.181591700000006, -22.9655042]]]}}, {"type": "Feature", "properties": {"osm_id": "way/1049587531", "building": "yes"}, "geometry": {"type": "Polygon", "coordinates": [[[-43.1898749, -22.969005199999994], [-43.1897559, -22.9691381], [-43.1898339, -22.9691974], [-43.1899834, -22.969030399999998], [-43.1899054, -22.9689712], [-43.1898749, -22.969005199999994]]]}}, {"type": "Feature", "properties": {"osm_id": "way/1049587532", "building": "yes"}, "geometry": {"type": "Polygon", "coordinates": [[[-43.1899529, -22.968896], [-43.1898925, -22.968850099999997], [-43.1899164, -22.968823499999996], [-43.1898787, -22.968794899999992], [-43.1898302, -22.9687581], [-43.1897658, -22.9688299], [-43.1898341, -22.9688818], [-43.1899124, -22.96894129999999], [-43.1899529, -22.968896]]]}}, {"type": "Feature", "properties": {"osm_id": "way/1049587533", "building": "yes"}, "geometry": {"type": "Polygon", "coordinates": [[[-43.1896956, -22.9689083], [-43.1895975, -22.969017799999996], [-43.1896657, -22.969069699999988], [-43.1897639, -22.968960100000004], [-43.1896956, -22.9689083]]]}}, {"type": "Feature", "properties": {"osm_id": "way/1049587534", "building": "yes"}, "geometry": {"type": "Polygon", "coordinates": [[[-43.1897848, -22.968936800000005], [-43.1898341, -22.9688818], [-43.1897658, -22.9688299], [-43.1896956, -22.9689083], [-43.1897639, -22.968960100000004], [-43.1897848, -22.968936800000005]]]}}, {"type": "Feature", "properties": {"osm_id": "way/1049587535", "building": "yes"}, "geometry": {"type": "Polygon", "coordinates": [[[-43.1898787, -22.968794899999992], [-43.1898948, -22.968777], [-43.1899312, -22.968804599999995], [-43.1899849, -22.9687447], [-43.1899804, -22.968741300000005], [-43.1898999, -22.968680199999994], [-43.1898302, -22.9687581], [-43.1898787, -22.968794899999992]]]}}, {"type": "Feature", "properties": {"osm_id": "way/1049587536", "building": "yes"}, "geometry": {"type": "Polygon", "coordinates": [[[-43.1899804, -22.968741300000005], [-43.1900757, -22.968634799999993], [-43.1900492, -22.9686147], [-43.18999530000001, -22.9685737], [-43.1898999, -22.968680199999994], [-43.1899804, -22.968741300000005]]]}}, {"type": "Feature", "properties": {"osm_id": "way/1049587537", "building": "yes"}, "geometry": {"type": "Polygon", "coordinates": [[[-43.1905397, -22.968256900000004], [-43.1905325, -22.9682502], [-43.1903891, -22.968137799999997], [-43.1902621, -22.968275199999994], [-43.1903462, -22.96834099999999], [-43.1904134, -22.96839359999999], [-43.1905397, -22.968256900000004]]]}}, {"type": "Feature", "properties": {"osm_id": "way/1049587538", "building": "yes"}, "geometry": {"type": "Polygon", "coordinates": [[[-43.1905325, -22.9682502], [-43.1905848, -22.9681936], [-43.1904414, -22.968081199999993], [-43.1903891, -22.968137799999997], [-43.1905325, -22.9682502]]]}}, {"type": "Feature", "properties": {"osm_id": "way/1049587539", "building": "yes"}, "geometry": {"type": "Polygon", "coordinates": [[[-43.1905325, -22.9682502], [-43.1905397, -22.968256900000004], [-43.1906154, -22.968327099999996], [-43.1906422, -22.9682615], [-43.1905848, -22.9681936], [-43.1905325, -22.9682502]]]}}, {"type": "Feature", "properties": {"osm_id": "way/1049587540", "building": "yes"}, "geometry": {"type": "Polygon", "coordinates": [[[-43.1903363, -22.968478199999993], [-43.190430500000005, -22.9685482], [-43.1904889, -22.9684815], [-43.1903947, -22.9684115], [-43.1903363, -22.968478199999993]]]}}, {"type": "Feature", "properties": {"osm_id": "way/1049587541", "building": "yes"}, "geometry": {"type": "Polygon", "coordinates": [[[-43.1902804, -22.968412199999996], [-43.1901964, -22.9683463], [-43.1901362, -22.968411400000004], [-43.1901957, -22.968457999999995], [-43.1902203, -22.968477299999993], [-43.1902804, -22.968412199999996]]]}}, {"type": "Feature", "properties": {"osm_id": "way/1049587542", "building": "yes"}, "geometry": {"type": "Polygon", "coordinates": [[[-43.1902804, -22.968412199999996], [-43.1903462, -22.96834099999999], [-43.1902621, -22.968275199999994], [-43.1901964, -22.9683463], [-43.1902804, -22.968412199999996]]]}}, {"type": "Feature", "properties": {"osm_id": "way/1049587543", "building": "yes"}, "geometry": {"type": "Polygon", "coordinates": [[[-43.1897559, -22.9691381], [-43.1898749, -22.969005199999994], [-43.1897848, -22.968936800000005], [-43.1897639, -22.968960100000004], [-43.1896657, -22.969069699999988], [-43.1897559, -22.9691381]]]}}, {"type": "Feature", "properties": {"osm_id": "way/1049587544", "building": "yes"}, "geometry": {"type": "Polygon", "coordinates": [[[-43.1901866, -22.969137399999997], [-43.1901564, -22.969172799999992], [-43.1901007, -22.969237999999997], [-43.1900873, -22.969253600000002], [-43.1900402, -22.9693088], [-43.1901903, -22.969417499999995], [-43.1902891, -22.969301899999994], [-43.1903367, -22.9692462], [-43.1901866, -22.969137399999997]]]}}, {"type": "Feature", "properties": {"osm_id": "way/1049587545", "building": "yes"}, "geometry": {"type": "Polygon", "coordinates": [[[-43.1902865, -22.969487300000004], [-43.1903478, -22.9694156], [-43.1903177, -22.9693938], [-43.1903553, -22.969349799999996], [-43.1902891, -22.969301899999994], [-43.1901903, -22.969417499999995], [-43.1902865, -22.969487300000004]]]}}, {"type": "Feature", "properties": {"osm_id": "way/1049587546", "building": "yes"}, "geometry": {"type": "Polygon", "coordinates": [[[-43.1900873, -22.969253600000002], [-43.1900087, -22.969196600000004], [-43.1899616, -22.96925179999999], [-43.1900402, -22.9693088], [-43.1900873, -22.969253600000002]]]}}, {"type": "Feature", "properties": {"osm_id": "way/1049587547", "building": "yes"}, "geometry": {"type": "Polygon", "coordinates": [[[-43.1901564, -22.969172799999992], [-43.1900625, -22.969104799999997], [-43.1900067, -22.9691699], [-43.1901007, -22.969237999999997], [-43.1901564, -22.969172799999992]]]}}, {"type": "Feature", "properties": {"osm_id": "way/1049587548", "building": "yes"}, "geometry": {"type": "Polygon", "coordinates": [[[-43.1903621, -22.968949500000004], [-43.1902868, -22.9688851], [-43.1902216, -22.968949799999997], [-43.1902969, -22.969014200000004], [-43.1903621, -22.968949500000004]]]}}, {"type": "Feature", "properties": {"osm_id": "way/1049587549", "building": "yes"}, "geometry": {"type": "Polygon", "coordinates": [[[-43.1903621, -22.968949500000004], [-43.1904248, -22.96888729999999], [-43.1904159, -22.968879699999995], [-43.1903343, -22.968809900000004], [-43.1902716, -22.9688722], [-43.1902868, -22.9688851], [-43.1903621, -22.968949500000004]]]}}, {"type": "Feature", "properties": {"osm_id": "way/1049587550", "building": "yes"}, "geometry": {"type": "Polygon", "coordinates": [[[-43.1904159, -22.968879699999995], [-43.1904798, -22.968816300000004], [-43.1903982, -22.968746599999996], [-43.1903343, -22.968809900000004], [-43.1904159, -22.968879699999995]]]}}, {"type": "Feature", "properties": {"osm_id": "way/1049587551", "building": "yes"}, "geometry": {"type": "Polygon", "coordinates": [[[-43.190845, -22.9682604], [-43.1907992, -22.968316399999996], [-43.1908949, -22.968382600000005], [-43.1909407, -22.9683266], [-43.190845, -22.9682604]]]}}, {"type": "Feature", "properties": {"osm_id": "way/1049587552", "building": "yes"}, "geometry": {"type": "Polygon", "coordinates": [[[-43.1907281, -22.968408399999994], [-43.1908267, -22.968479699999993], [-43.1908886, -22.968407100000004], [-43.1908476, -22.968377399999994], [-43.1908342, -22.9683931], [-43.1907767, -22.9683515], [-43.1907281, -22.968408399999994]]]}}, {"type": "Feature", "properties": {"osm_id": "way/1049587553", "building": "yes"}, "geometry": {"type": "Polygon", "coordinates": [[[-43.1907031, -22.968415699999998], [-43.1906514, -22.9684735], [-43.1907347, -22.968536699999998], [-43.1907864, -22.968478999999995], [-43.1907031, -22.968415699999998]]]}}, {"type": "Feature", "properties": {"osm_id": "way/1049587554", "building": "yes"}, "geometry": {"type": "Polygon", "coordinates": [[[-43.190603900000006, -22.968554300000005], [-43.19068790000001, -22.968617899999998], [-43.1907375, -22.9685624], [-43.1906534, -22.9684988], [-43.190603900000006, -22.968554300000005]]]}}, {"type": "Feature", "properties": {"osm_id": "way/1049587555", "building": "yes"}, "geometry": {"type": "Polygon", "coordinates": [[[-43.1905686, -22.968565100000006], [-43.190526, -22.968610900000005], [-43.19059990000001, -22.968669200000004], [-43.19064250000001, -22.9686233], [-43.1905686, -22.968565100000006]]]}}, {"type": "Feature", "properties": {"osm_id": "way/1049587556", "building": "yes"}, "geometry": {"type": "Polygon", "coordinates": [[[-43.1908626, -22.968202900000005], [-43.1910358, -22.9683411], [-43.1911108, -22.968261499999997], [-43.1909376, -22.9681233], [-43.1908626, -22.968202900000005]]]}}, {"type": "Feature", "properties": {"osm_id": "way/1049587557", "building": "yes"}, "geometry": {"type": "Polygon", "coordinates": [[[-43.1905231, -22.967986499999988], [-43.1906721, -22.968099600000002], [-43.1907693, -22.967990899999997], [-43.1906203, -22.967877899999998], [-43.1905231, -22.967986499999988]]]}}, {"type": "Feature", "properties": {"osm_id": "way/1049587558", "building": "yes"}, "geometry": {"type": "Polygon", "coordinates": [[[-43.1907693, -22.967990899999997], [-43.1908605, -22.96806009999999], [-43.190994700000005, -22.967910099999997], [-43.1907545, -22.96772789999999], [-43.1906203, -22.967877899999998], [-43.1907693, -22.967990899999997]]]}}, {"type": "Feature", "properties": {"osm_id": "way/1049587559", "building": "yes"}, "geometry": {"type": "Polygon", "coordinates": [[[-43.190994700000005, -22.967910099999997], [-43.1910649, -22.9678317], [-43.1908247, -22.967649499999997], [-43.1907545, -22.96772789999999], [-43.190994700000005, -22.967910099999997]]]}}, {"type": "Feature", "properties": {"osm_id": "way/1049588048", "building": "yes"}, "geometry": {"type": "Polygon", "coordinates": [[[-43.1883342, -22.9679416], [-43.1882936, -22.967991799999997], [-43.1882026, -22.968104300000004], [-43.1883692, -22.968218600000004], [-43.18850080000001, -22.968055799999995], [-43.1883342, -22.9679416]]]}}, {"type": "Feature", "properties": {"osm_id": "way/1049588049", "building": "yes"}, "geometry": {"type": "Polygon", "coordinates": [[[-43.188441, -22.9682032], [-43.1885922, -22.968313399999992], [-43.1887067, -22.9681803], [-43.1885555, -22.9680701], [-43.188441, -22.9682032]]]}}, {"type": "Feature", "properties": {"osm_id": "way/1049588050", "building": "yes"}, "geometry": {"type": "Polygon", "coordinates": [[[-43.1887067, -22.9681803], [-43.1888143, -22.9680553], [-43.1886631, -22.967944999999997], [-43.1885555, -22.9680701], [-43.1887067, -22.9681803]]]}}, {"type": "Feature", "properties": {"osm_id": "way/1049588051", "building": "yes"}, "geometry": {"type": "Polygon", "coordinates": [[[-43.1888143, -22.9680553], [-43.1889254, -22.967926], [-43.1887742, -22.967815799999997], [-43.1886631, -22.967944999999997], [-43.1888143, -22.9680553]]]}}, {"type": "Feature", "properties": {"osm_id": "way/1049588052", "building": "yes"}, "geometry": {"type": "Polygon", "coordinates": [[[-43.188276, -22.967764499999998], [-43.1883588, -22.96782339999999], [-43.1884608, -22.967896000000003], [-43.1886135, -22.967714099999995], [-43.1884288, -22.967582599999997], [-43.188276, -22.967764499999998]]]}}, {"type": "Feature", "properties": {"osm_id": "way/1049588053", "building": "yes"}, "geometry": {"type": "Polygon", "coordinates": [[[-43.1880706, -22.96800899999999], [-43.1881769, -22.968084700000002], [-43.1882693, -22.9679746], [-43.1882936, -22.967991799999997], [-43.1883342, -22.9679416], [-43.1882913, -22.967903799999995], [-43.1883588, -22.96782339999999], [-43.188276, -22.967764499999998], [-43.1880706, -22.96800899999999]]]}}, {"type": "Feature", "properties": {"osm_id": "way/1049589503", "building": "yes"}, "geometry": {"type": "Polygon", "coordinates": [[[-43.1833462, -22.965449300000007], [-43.1834776, -22.965511099999997], [-43.183543300000004, -22.965424599999995], [-43.1834146, -22.9653604], [-43.1833462, -22.965449300000007]]]}}, {"type": "Feature", "properties": {"osm_id": "way/1049589504", "building": "yes"}, "geometry": {"type": "Polygon", "coordinates": [[[-43.1828516, -22.9652251], [-43.1828364, -22.9652432], [-43.1827718, -22.965320500000004], [-43.1829043, -22.965414600000006], [-43.1829842, -22.965319199999996], [-43.1828516, -22.9652251]]]}}, {"type": "Feature", "properties": {"osm_id": "way/1049589505", "building": "yes"}, "geometry": {"type": "Polygon", "coordinates": [[[-43.1828364, -22.9652432], [-43.182864, -22.965210299999995], [-43.1827773, -22.965148799999998], [-43.1826851, -22.965258999999993], [-43.1827718, -22.965320500000004], [-43.1828364, -22.9652432]]]}}, {"type": "Feature", "properties": {"osm_id": "way/1049589506", "building": "yes"}, "geometry": {"type": "Polygon", "coordinates": [[[-43.1828488, -22.9650434], [-43.1828084, -22.9650949], [-43.182913000000006, -22.965151700000003], [-43.1829868, -22.965070200000003], [-43.1828848, -22.9649974], [-43.1828488, -22.9650434]]]}}, {"type": "Feature", "properties": {"osm_id": "way/1049589507", "building": "yes"}, "geometry": {"type": "Polygon", "coordinates": [[[-43.1827789, -22.9649146], [-43.1826958, -22.9650134], [-43.1827856, -22.9650678], [-43.1828258, -22.965025800000003], [-43.1828488, -22.9650434], [-43.1828848, -22.9649974], [-43.1827789, -22.9649146]]]}}, {"type": "Feature", "properties": {"osm_id": "way/1049589508", "building": "yes"}, "geometry": {"type": "Polygon", "coordinates": [[[-43.1833752, -22.9648986], [-43.1834664, -22.964801000000005], [-43.1833913, -22.96472570000001], [-43.1831338, -22.9649702], [-43.1832465, -22.965052900000003], [-43.1833752, -22.9648986]]]}}, {"type": "Feature", "properties": {"osm_id": "way/1049589509", "building": "yes"}, "geometry": {"type": "Polygon", "coordinates": [[[-43.1831808, -22.964494799999997], [-43.183056, -22.964598499999997], [-43.1832532, -22.964764000000006], [-43.1833766, -22.964651599999993], [-43.1831808, -22.964494799999997]]]}}, {"type": "Feature", "properties": {"osm_id": "way/1049589510", "building": "yes"}, "geometry": {"type": "Polygon", "coordinates": [[[-43.1834384, -22.964909700000003], [-43.1836114, -22.9649949], [-43.183661, -22.964875100000004], [-43.1835658, -22.964794899999998], [-43.1834384, -22.964909700000003]]]}}, {"type": "Feature", "properties": {"osm_id": "way/1049589511", "building": "yes"}, "geometry": {"type": "Polygon", "coordinates": [[[-43.1836252, -22.9642419], [-43.1833704, -22.964484], [-43.1834482, -22.964535799999997], [-43.1836869, -22.964294999999996], [-43.1836252, -22.9642419]]]}}, {"type": "Feature", "properties": {"osm_id": "way/1049589512", "building": "yes"}, "geometry": {"type": "Polygon", "coordinates": [[[-43.183261800000004, -22.964338299999998], [-43.1833409, -22.9644099], [-43.1835461, -22.964190099999993], [-43.1835179, -22.9641518], [-43.1835139, -22.96413329999999], [-43.1834737, -22.964109800000006], [-43.183261800000004, -22.964338299999998]]]}}, {"type": "Feature", "properties": {"osm_id": "way/1049589513", "building": "yes"}, "geometry": {"type": "Polygon", "coordinates": [[[-43.1831277, -22.964246900000003], [-43.1832055, -22.964302399999998], [-43.1833811, -22.9641308], [-43.183298, -22.964062900000005], [-43.1831277, -22.964246900000003]]]}}, {"type": "Feature", "properties": {"osm_id": "way/1049589514", "building": "yes"}, "geometry": {"type": "Polygon", "coordinates": [[[-43.182901, -22.964255499999993], [-43.1828246, -22.96432340000001], [-43.1830472, -22.9645296], [-43.1831304, -22.964459300000005], [-43.182901, -22.964255499999993]]]}}, {"type": "Feature", "properties": {"osm_id": "way/1049589515", "building": "yes"}, "geometry": {"type": "Polygon", "coordinates": [[[-43.1830848, -22.963772700000003], [-43.1828434, -22.964048100000003], [-43.1828313, -22.9640654], [-43.1828447, -22.9640728], [-43.1828997, -22.964073999999997], [-43.182952, -22.964090100000004], [-43.1831746, -22.9638381], [-43.1830848, -22.963772700000003]]]}}, {"type": "Feature", "properties": {"osm_id": "way/1049589516", "building": "yes"}, "geometry": {"type": "Polygon", "coordinates": [[[-43.1819875, -22.964948899999996], [-43.1821243, -22.965019300000005], [-43.1822879, -22.964829099999992], [-43.1821699, -22.9647501], [-43.1819875, -22.964948899999996]]]}}, {"type": "Feature", "properties": {"osm_id": "way/1049589517", "building": "yes"}, "geometry": {"type": "Polygon", "coordinates": [[[-43.1824444, -22.964803299999996], [-43.1824355, -22.9647958], [-43.182351000000004, -22.9648785], [-43.182469, -22.96497609999999], [-43.1825427, -22.964885899999995], [-43.1824444, -22.964803299999996]]]}}, {"type": "Feature", "properties": {"osm_id": "way/1049589518", "building": "yes"}, "geometry": {"type": "Polygon", "coordinates": [[[-43.1826044, -22.9648081], [-43.1825132, -22.964727900000003], [-43.1824444, -22.964803299999996], [-43.1825427, -22.964885899999995], [-43.1826044, -22.9648081]]]}}, {"type": "Feature", "properties": {"osm_id": "way/1049589519", "building": "yes"}, "geometry": {"type": "Polygon", "coordinates": [[[-43.181359, -22.9643673], [-43.1814877, -22.964453799999998], [-43.1815333, -22.964377199999998], [-43.181426, -22.964298200000005], [-43.181359, -22.9643673]]]}}, {"type": "Feature", "properties": {"osm_id": "way/1049590131", "building": "yes"}, "geometry": {"type": "Polygon", "coordinates": [[[-43.188736, -22.966208599999998], [-43.188624, -22.966320199999995], [-43.1886994, -22.9663844], [-43.1887921, -22.9662921], [-43.1888114, -22.966272799999995], [-43.188736, -22.966208599999998]]]}}, {"type": "Feature", "properties": {"osm_id": "way/1049590132", "building": "yes"}, "geometry": {"type": "Polygon", "coordinates": [[[-43.1885655, -22.9660635], [-43.1885044, -22.9661244], [-43.1884535, -22.9661752], [-43.188624, -22.966320199999995], [-43.188736, -22.966208599999998], [-43.1885655, -22.9660635]]]}}, {"type": "Feature", "properties": {"osm_id": "way/1049590133", "building": "yes"}, "geometry": {"type": "Polygon", "coordinates": [[[-43.1890774, -22.966392399999993], [-43.1889407, -22.966276099999998], [-43.1888636, -22.9663529], [-43.1890002, -22.966469200000002], [-43.1890774, -22.966392399999993]]]}}, {"type": "Feature", "properties": {"osm_id": "way/1049590134", "building": "yes"}, "geometry": {"type": "Polygon", "coordinates": [[[-43.1888601, -22.9659222], [-43.1887166, -22.9660652], [-43.1888563, -22.9661841], [-43.1889998, -22.9660411], [-43.1888601, -22.9659222]]]}}, {"type": "Feature", "properties": {"osm_id": "way/1049590135", "building": "yes"}, "geometry": {"type": "Polygon", "coordinates": [[[-43.1885819, -22.9659839], [-43.1887434, -22.965823], [-43.1886406, -22.965735400000003], [-43.1884655, -22.965909899999996], [-43.1884456, -22.965929599999996], [-43.1885485, -22.966017099999995], [-43.1885819, -22.9659839]]]}}, {"type": "Feature", "properties": {"osm_id": "way/1049590136", "building": "yes"}, "geometry": {"type": "Polygon", "coordinates": [[[-43.1887434, -22.965823], [-43.1885819, -22.9659839], [-43.1886985, -22.966083199999996], [-43.1887166, -22.9660652], [-43.1888601, -22.9659222], [-43.1887434, -22.965823]]]}}, {"type": "Feature", "properties": {"osm_id": "way/1049590137", "building": "yes"}, "geometry": {"type": "Polygon", "coordinates": [[[-43.1885523, -22.965660400000004], [-43.1883773, -22.965834799999996], [-43.1884655, -22.965909899999996], [-43.1886406, -22.965735400000003], [-43.1885523, -22.965660400000004]]]}}, {"type": "Feature", "properties": {"osm_id": "way/1049590138", "building": "yes"}, "geometry": {"type": "Polygon", "coordinates": [[[-43.1883619, -22.966013099999998], [-43.1883163, -22.966058399999998], [-43.1884535, -22.9661752], [-43.1885044, -22.9661244], [-43.1884446, -22.966073499999997], [-43.1884824, -22.966035899999998], [-43.1884051, -22.9659701], [-43.1883619, -22.966013099999998]]]}}, {"type": "Feature", "properties": {"osm_id": "way/1049590139", "building": "yes"}, "geometry": {"type": "Polygon", "coordinates": [[[-43.1882737, -22.965938000000005], [-43.1882281, -22.9659834], [-43.1883163, -22.966058399999998], [-43.1883619, -22.966013099999998], [-43.1882737, -22.965938000000005]]]}}, {"type": "Feature", "properties": {"osm_id": "way/1049590140", "building": "yes"}, "geometry": {"type": "Polygon", "coordinates": [[[-43.1882737, -22.965938000000005], [-43.1883619, -22.966013099999998], [-43.1884456, -22.965929599999996], [-43.1884655, -22.965909899999996], [-43.1883773, -22.965834799999996], [-43.1882737, -22.965938000000005]]]}}, {"type": "Feature", "properties": {"osm_id": "way/1049590141", "building": "yes"}, "geometry": {"type": "Polygon", "coordinates": [[[-43.1887921, -22.9662921], [-43.1886994, -22.9663844], [-43.1887709, -22.966445299999993], [-43.1888636, -22.9663529], [-43.1887921, -22.9662921]]]}}, {"type": "Feature", "properties": {"osm_id": "way/1049590142", "building": "yes"}, "geometry": {"type": "Polygon", "coordinates": [[[-43.1888636, -22.9663529], [-43.1887709, -22.966445299999993], [-43.1889075, -22.966561499999994], [-43.1890002, -22.966469200000002], [-43.1888636, -22.9663529]]]}}, {"type": "Feature", "properties": {"osm_id": "way/1059980145", "building": "yes"}, "geometry": {"type": "Polygon", "coordinates": [[[-43.1934387, -22.9758873], [-43.1933793, -22.975721299999993], [-43.1932532, -22.975742000000004], [-43.1932769, -22.9758222], [-43.1933713, -22.9761418], [-43.1934958, -22.97611489999999], [-43.1934387, -22.9758873]]]}}, {"type": "Feature", "properties": {"osm_id": "way/1084927532", "building": "yes"}, "geometry": {"type": "Polygon", "coordinates": [[[-43.1905368, -22.967436199999998], [-43.1904764, -22.967503099999995], [-43.1906198, -22.967612899999995], [-43.1906801, -22.967545999999995], [-43.1905368, -22.967436199999998]]]}}, {"type": "Feature", "properties": {"osm_id": "way/1084927533", "building": "yes"}, "geometry": {"type": "Polygon", "coordinates": [[[-43.190413, -22.967573299999994], [-43.1905563, -22.967683099999995], [-43.1906198, -22.967612899999995], [-43.1904764, -22.967503099999995], [-43.190413, -22.967573299999994]]]}}, {"type": "Feature", "properties": {"osm_id": "way/1084927534", "building": "yes"}, "geometry": {"type": "Polygon", "coordinates": [[[-43.1899798, -22.967760099999996], [-43.18988660000001, -22.9678599], [-43.189933, -22.967896599999992], [-43.1899742, -22.967929199999993], [-43.190009, -22.96795670000001], [-43.1900164, -22.967962599999993], [-43.1901096, -22.967862799999992], [-43.1899798, -22.967760099999996]]]}}, {"type": "Feature", "properties": {"osm_id": "way/1084927535", "building": "yes"}, "geometry": {"type": "Polygon", "coordinates": [[[-43.190413, -22.967573299999994], [-43.1903535, -22.967639199999997], [-43.1904968, -22.967748999999998], [-43.1905563, -22.967683099999995], [-43.190413, -22.967573299999994]]]}}, {"type": "Feature", "properties": {"osm_id": "way/1084927536", "building": "yes"}, "geometry": {"type": "Polygon", "coordinates": [[[-43.1901613, -22.9678366], [-43.1902208, -22.967883199999996], [-43.1901814, -22.967925899999994], [-43.190271, -22.967996000000003], [-43.190344700000004, -22.967916299999995], [-43.1901956, -22.967799500000005], [-43.1901613, -22.9678366]]]}}, {"type": "Feature", "properties": {"osm_id": "way/1084927537", "building": "yes"}, "geometry": {"type": "Polygon", "coordinates": [[[-43.1898744, -22.9678502], [-43.1897806, -22.967950599999995], [-43.1898394, -22.9679971], [-43.1898636, -22.967971299999988], [-43.1899014, -22.968001199999996], [-43.1898791, -22.968024999999997], [-43.189894, -22.968036800000007], [-43.1899171, -22.968055099999997], [-43.190009, -22.96795670000001], [-43.1899742, -22.967929199999993], [-43.1899516, -22.967953500000004], [-43.1899104, -22.9679209], [-43.189933, -22.967896599999992], [-43.18988660000001, -22.9678599], [-43.1898744, -22.9678502]]]}}, {"type": "Feature", "properties": {"osm_id": "way/1084927538", "building": "yes"}, "geometry": {"type": "Polygon", "coordinates": [[[-43.1893555, -22.9682539], [-43.1892844, -22.968330799999993], [-43.1894002, -22.968421499999998], [-43.1894713, -22.968344700000006], [-43.1893555, -22.9682539]]]}}, {"type": "Feature", "properties": {"osm_id": "way/1084927539", "building": "yes"}, "geometry": {"type": "Polygon", "coordinates": [[[-43.1895488, -22.96867479999999], [-43.1895795, -22.9686989], [-43.1895421, -22.968739399999997], [-43.1895146, -22.968717799999997], [-43.189437, -22.968801799999998], [-43.1894625, -22.968821800000004], [-43.1894356, -22.968850900000003], [-43.1894101, -22.968830900000007], [-43.189368400000006, -22.968876099999996], [-43.1894395, -22.96893179999999], [-43.1894829, -22.968884799999998], [-43.1896449, -22.9687094], [-43.1895706, -22.9686512], [-43.1895488, -22.96867479999999]]]}}, {"type": "Feature", "properties": {"osm_id": "way/1084927540", "building": "yes"}, "geometry": {"type": "Polygon", "coordinates": [[[-43.1894101, -22.968830900000007], [-43.189437, -22.968801799999998], [-43.1895146, -22.968717799999997], [-43.1894403, -22.968659700000003], [-43.1893988, -22.968704699999993], [-43.189431, -22.968729900000003], [-43.1893992, -22.9687643], [-43.1893634, -22.968736299999993], [-43.1892906, -22.9688151], [-43.189368400000006, -22.968876099999996], [-43.1894101, -22.968830900000007]]]}}, {"type": "Feature", "properties": {"osm_id": "way/1084927541", "building": "yes"}, "geometry": {"type": "Polygon", "coordinates": [[[-43.1899557, -22.968067000000005], [-43.1899457, -22.968077700000002], [-43.1899108, -22.9681151], [-43.1898794, -22.9681488], [-43.1898582, -22.968171600000005], [-43.1899041, -22.968207900000003], [-43.1898763, -22.968237700000003], [-43.1899781, -22.968318299999996], [-43.1901035, -22.968183999999994], [-43.1899557, -22.968067000000005]]]}}, {"type": "Feature", "properties": {"osm_id": "way/1084927542", "building": "yes"}, "geometry": {"type": "Polygon", "coordinates": [[[-43.1899171, -22.968055099999997], [-43.189894, -22.968036800000007], [-43.1898708, -22.9680617], [-43.189843, -22.968039699999995], [-43.18986430000001, -22.9680168], [-43.1898394, -22.9679971], [-43.1897806, -22.967950599999995], [-43.1896836, -22.968054600000002], [-43.1897689, -22.968121999999997], [-43.1897884, -22.968101199999996], [-43.18982050000001, -22.968126499999997], [-43.1898015, -22.968146799999992], [-43.1898474, -22.968183099999997], [-43.1898582, -22.968171600000005], [-43.1898794, -22.9681488], [-43.1898645, -22.96813699999999], [-43.1898959, -22.9681033], [-43.1899108, -22.9681151], [-43.1899457, -22.968077700000002], [-43.1899171, -22.968055099999997]]]}}, {"type": "Feature", "properties": {"osm_id": "way/1084927543", "building": "yes"}, "geometry": {"type": "Polygon", "coordinates": [[[-43.1898368, -22.968206499999997], [-43.1897675, -22.968280700000008], [-43.189908900000006, -22.968392500000007], [-43.1899781, -22.968318299999996], [-43.1898763, -22.968237700000003], [-43.1898368, -22.968206499999997]]]}}, {"type": "Feature", "properties": {"osm_id": "way/1084927544", "building": "yes"}, "geometry": {"type": "Polygon", "coordinates": [[[-43.1902232, -22.968483200000005], [-43.1902021, -22.968506699999992], [-43.1901723, -22.968484099999994], [-43.1901957, -22.968457999999995], [-43.1901362, -22.968411400000004], [-43.18999530000001, -22.9685737], [-43.1900492, -22.9686147], [-43.1900776, -22.9685831], [-43.190104000000005, -22.9686032], [-43.1900757, -22.968634799999993], [-43.1901501, -22.968691299999993], [-43.1901892, -22.968647599999997], [-43.190156, -22.968622400000005], [-43.1902211, -22.9685498], [-43.1902528, -22.968573900000003], [-43.1902891, -22.9685333], [-43.1902232, -22.968483200000005]]]}}, {"type": "Feature", "properties": {"osm_id": "way/1084927590", "building": "yes"}, "geometry": {"type": "Polygon", "coordinates": [[[-43.1894914, -22.967823399999993], [-43.1895458, -22.9678702], [-43.1895676, -22.967852299999993], [-43.1895845, -22.9678657], [-43.1895676, -22.967884600000005], [-43.189616, -22.967919199999997], [-43.1897382, -22.9677855], [-43.1896849, -22.967740999999997], [-43.1896656, -22.967766599999994], [-43.1896426, -22.967745399999995], [-43.1896644, -22.967724199999992], [-43.1896099, -22.967693099999998], [-43.1894914, -22.967823399999993]]]}}, {"type": "Feature", "properties": {"osm_id": "way/1084927591", "building": "yes"}, "geometry": {"type": "Polygon", "coordinates": [[[-43.189377, -22.9681569], [-43.189389, -22.96816610000001], [-43.1894716, -22.968075399999993], [-43.1894591, -22.9680657], [-43.1894672, -22.9680568], [-43.1894057, -22.968009299999988], [-43.1893029, -22.968122200000007], [-43.18936500000001, -22.968170099999995], [-43.189377, -22.9681569]]]}}, {"type": "Feature", "properties": {"osm_id": "way/1084927592", "building": "yes"}, "geometry": {"type": "Polygon", "coordinates": [[[-43.189135, -22.968014399999998], [-43.1890392, -22.968117499999998], [-43.1891355, -22.968193299999996], [-43.1891752, -22.968150600000005], [-43.1892242, -22.968189199999994], [-43.18928040000001, -22.9681287], [-43.189135, -22.968014399999998]]]}}, {"type": "Feature", "properties": {"osm_id": "way/1084927593", "building": "yes"}, "geometry": {"type": "Polygon", "coordinates": [[[-43.1893029, -22.968122200000007], [-43.189198, -22.968237500000008], [-43.1892633, -22.968287900000004], [-43.189275, -22.968275000000002], [-43.1892859, -22.9682835], [-43.1893703, -22.968190700000005], [-43.1893562, -22.968179799999998], [-43.18936500000001, -22.968170099999995], [-43.1893029, -22.968122200000007]]]}}, {"type": "Feature", "properties": {"osm_id": "way/1084930634", "building": "yes"}, "geometry": {"type": "Polygon", "coordinates": [[[-43.1886643, -22.9655521], [-43.1887262, -22.965628699999996], [-43.18878987496791, -22.965584998150145], [-43.188718577329375, -22.96551492076455], [-43.1886643, -22.9655521]]]}}, {"type": "Feature", "properties": {"osm_id": "way/1084930638", "building": "yes"}, "geometry": {"type": "Polygon", "coordinates": [[[-43.188372400000006, -22.965567400000005], [-43.1883202, -22.9655142], [-43.1882969, -22.965533499999996], [-43.1882319, -22.9654672], [-43.188131, -22.965551000000005], [-43.1881798, -22.965600799999997], [-43.1882022, -22.965582099999992], [-43.1882268, -22.965607200000008], [-43.1882043, -22.9656259], [-43.1882481, -22.9656706], [-43.188372400000006, -22.965567400000005]]]}}, {"type": "Feature", "properties": {"osm_id": "way/1084930640", "building": "yes"}, "geometry": {"type": "Polygon", "coordinates": [[[-43.188382, -22.965291500000003], [-43.1883627, -22.965262800000005], [-43.1883182, -22.965258699999996], [-43.1882128, -22.965344799999997], [-43.1883627, -22.965408999999994], [-43.188382, -22.965291500000003]]]}}, {"type": "Feature", "properties": {"osm_id": "way/1085074167", "building": "yes"}, "geometry": {"type": "Polygon", "coordinates": [[[-43.1810033, -22.964173200000005], [-43.181027500000006, -22.964197899999995], [-43.1810731, -22.9641633], [-43.1812045, -22.964257099999994], [-43.18137350000001, -22.9640744], [-43.1812394, -22.9639682], [-43.1812742, -22.96393359999999], [-43.1812555, -22.963898999999994], [-43.1810033, -22.964173200000005]]]}}, {"type": "Feature", "properties": {"osm_id": "way/1085074173", "building": "yes"}, "geometry": {"type": "Polygon", "coordinates": [[[-43.1822157, -22.963311299999997], [-43.182349800000004, -22.96341], [-43.1824732, -22.9632717], [-43.1823337, -22.9631705], [-43.1822157, -22.963311299999997]]]}}, {"type": "Feature", "properties": {"osm_id": "way/1085074174", "building": "yes"}, "geometry": {"type": "Polygon", "coordinates": [[[-43.1820252, -22.963167999999996], [-43.1821701, -22.963276699999998], [-43.1822908, -22.963126], [-43.1821486, -22.963032199999997], [-43.1820252, -22.963167999999996]]]}}, {"type": "Feature", "properties": {"osm_id": "way/1085074175", "building": "yes"}, "geometry": {"type": "Polygon", "coordinates": [[[-43.1818402, -22.9630371], [-43.181985, -22.963145800000003], [-43.182103, -22.96300009999999], [-43.1819609, -22.962888899999996], [-43.1818402, -22.9630371]]]}}, {"type": "Feature", "properties": {"osm_id": "way/1085074176", "building": "yes"}, "geometry": {"type": "Polygon", "coordinates": [[[-43.1819636, -22.96352359999999], [-43.1821486, -22.963661899999995], [-43.1822693, -22.963523599999995], [-43.1820843, -22.96337790000001], [-43.1819636, -22.96352359999999]]]}}, {"type": "Feature", "properties": {"osm_id": "way/1085074177", "building": "yes"}, "geometry": {"type": "Polygon", "coordinates": [[[-43.181829400000005, -22.9632051], [-43.1817222, -22.9633384], [-43.181926, -22.963486599999996], [-43.1820467, -22.963350799999997], [-43.181829400000005, -22.9632051]]]}}, {"type": "Feature", "properties": {"osm_id": "way/1085074178", "building": "yes"}, "geometry": {"type": "Polygon", "coordinates": [[[-43.1816175, -22.963454499999997], [-43.1816497, -22.963422400000002], [-43.181698, -22.963469300000003], [-43.18171950000001, -22.963449600000008], [-43.18158, -22.9633409], [-43.1816578, -22.963252000000004], [-43.181567464305566, -22.963212267616747], [-43.181442218376894, -22.963321524427432], [-43.1816175, -22.963454499999997]]]}}, {"type": "Feature", "properties": {"osm_id": "way/1085074179", "building": "yes"}, "geometry": {"type": "Polygon", "coordinates": [[[-43.1822023, -22.963745900000003], [-43.1822854, -22.96382], [-43.1825134, -22.9635582], [-43.1824276, -22.963503899999992], [-43.1822023, -22.963745900000003]]]}}, {"type": "Feature", "properties": {"osm_id": "way/1085074180", "building": "yes"}, "geometry": {"type": "Polygon", "coordinates": [[[-43.1812286, -22.964541100000005], [-43.1814057, -22.9646449], [-43.1815344, -22.964504099999996], [-43.1814877, -22.964453799999998], [-43.181359, -22.9643673], [-43.1812286, -22.964541100000005]]]}}, {"type": "Feature", "properties": {"osm_id": "way/1085074181", "building": "yes"}, "geometry": {"type": "Polygon", "coordinates": [[[-43.1816819, -22.9641509], [-43.1816605, -22.964192900000004], [-43.1816229, -22.964158300000005], [-43.1816497, -22.964118799999998], [-43.1816175, -22.964096599999998], [-43.1814942, -22.964232399999997], [-43.1815451, -22.964266999999992], [-43.1815639, -22.96423], [-43.1816015, -22.9642547], [-43.1815693, -22.964291700000004], [-43.1816524, -22.9643609], [-43.18169, -22.964311499999994], [-43.181639, -22.9642695], [-43.1816873, -22.964210200000004], [-43.1817382, -22.964254699999998], [-43.1817838, -22.9642201], [-43.1816819, -22.9641509]]]}}, {"type": "Feature", "properties": {"osm_id": "way/1085074182", "building": "yes"}, "geometry": {"type": "Polygon", "coordinates": [[[-43.1808638, -22.9639756], [-43.1809524, -22.96402], [-43.1810114, -22.9639632], [-43.1810623, -22.963997799999994], [-43.181124, -22.963921299999996], [-43.1810596, -22.96387929999999], [-43.1811106, -22.963822499999996], [-43.1810355, -22.963765700000003], [-43.1808638, -22.9639756]]]}}, {"type": "Feature", "properties": {"osm_id": "way/1085074185", "building": "yes"}, "geometry": {"type": "Polygon", "coordinates": [[[-43.1838104, -22.964222899999992], [-43.1839824, -22.964522099999993], [-43.1843036, -22.9643637], [-43.1841583, -22.96406439999999], [-43.1838104, -22.964222899999992]]]}}, {"type": "Feature", "properties": {"osm_id": "way/1175478887", "building": "house"}, "geometry": {"type": "Polygon", "coordinates": [[[-43.188522, -22.965365399999992], [-43.1885136, -22.965354599999998], [-43.188525500000004, -22.965346699999998], [-43.1884559, -22.965257099999995], [-43.1883934, -22.9652983], [-43.1884634, -22.965388499999992], [-43.1884731, -22.965382199999993], [-43.188481, -22.96539239999999], [-43.188522, -22.965365399999992]]]}}, {"type": "Feature", "properties": {"osm_id": "way/1177120807", "building": "yes"}, "geometry": {"type": "Polygon", "coordinates": [[[-43.1903158, -22.967645100000002], [-43.1904802, -22.967460799999994], [-43.19044860000001, -22.967436900000003], [-43.1904586, -22.967425699999996], [-43.1904046, -22.9673849], [-43.1903639, -22.967354099999998], [-43.1903516, -22.967367900000003], [-43.1903229, -22.967346099999997], [-43.19018940000001, -22.96749579999999], [-43.1901967, -22.9675013], [-43.1901757, -22.9675249], [-43.1902018, -22.967544599999993], [-43.1901942, -22.967553199999994], [-43.19023260000001, -22.967582199999995], [-43.1903158, -22.967645100000002]]]}}, {"type": "Feature", "properties": {"osm_id": "way/1177120808", "building": "yes"}, "geometry": {"type": "Polygon", "coordinates": [[[-43.1904276, -22.967383999999996], [-43.1904594, -22.967348], [-43.1904751, -22.9673597], [-43.1904546, -22.967382999999998], [-43.1904766, -22.967399399999998], [-43.1905392, -22.967328499999997], [-43.190426, -22.967243799999995], [-43.1903999, -22.967273399999996], [-43.1903875, -22.967264100000005], [-43.1903598, -22.967295400000005], [-43.1903709, -22.967303700000002], [-43.1903507, -22.967326500000002], [-43.1904276, -22.967383999999996]]]}}, {"type": "Feature", "properties": {"osm_id": "way/1177120809", "building": "yes"}, "geometry": {"type": "Polygon", "coordinates": [[[-43.1894916, -22.966603299999992], [-43.1894732, -22.966590599999996], [-43.1894798, -22.9665826], [-43.1894636, -22.966571299999995], [-43.1894731, -22.966559699999998], [-43.1894819, -22.966565800000005], [-43.1894971, -22.9665472], [-43.1895055, -22.966553000000008], [-43.1895222, -22.9665326], [-43.1895424, -22.966546599999997], [-43.1895818, -22.966498400000003], [-43.1894987, -22.966440799999994], [-43.1894766, -22.966467899999998], [-43.1894058, -22.9664188], [-43.1893067, -22.966540000000002], [-43.1893515, -22.966571099999996], [-43.1893701, -22.9665485], [-43.1894334, -22.9665924], [-43.1894087, -22.966622599999997], [-43.1894515, -22.966652300000003], [-43.1894916, -22.966603299999992]]]}}, {"type": "Feature", "properties": {"osm_id": "way/1177120811", "building": "yes"}, "geometry": {"type": "Polygon", "coordinates": [[[-43.1894187, -22.966411900000004], [-43.1894848, -22.96645729999999], [-43.1895039, -22.966433699999993], [-43.1895677, -22.9664775], [-43.1895935, -22.9664458], [-43.1896064, -22.966454699999996], [-43.1896303, -22.9664252], [-43.1895592, -22.966376299999997], [-43.18957506301408, -22.966356741158187], [-43.189512921496984, -22.966295664152923], [-43.1894187, -22.966411900000004]]]}}, {"type": "Feature", "properties": {"osm_id": "way/1177120813", "building": "yes"}, "geometry": {"type": "Polygon", "coordinates": [[[-43.1825612, -22.9673485], [-43.1826137, -22.967383199999997], [-43.1826372, -22.967353099999993], [-43.1824932, -22.967257900000007], [-43.1824332, -22.9673349], [-43.1825248, -22.967395399999997], [-43.1825612, -22.9673485]]]}}, {"type": "Feature", "properties": {"osm_id": "way/1177120814", "building": "yes"}, "geometry": {"type": "Polygon", "coordinates": [[[-43.1822667, -22.9672207], [-43.1823562, -22.967277999999997], [-43.1824112, -22.967204999999993], [-43.1823217, -22.967147700000005], [-43.1822667, -22.9672207]]]}}, {"type": "Feature", "properties": {"osm_id": "way/1177120815", "building": "yes"}, "geometry": {"type": "Polygon", "coordinates": [[[-43.1824179, -22.967207799999994], [-43.1823785, -22.967257699999998], [-43.1824263, -22.96728969999999], [-43.1824367, -22.967276500000008], [-43.1824589, -22.967291399999997], [-43.182488, -22.9672547], [-43.1824179, -22.967207799999994]]]}}, {"type": "Feature", "properties": {"osm_id": "way/1177120817", "building": "yes"}, "geometry": {"type": "Polygon", "coordinates": [[[-43.1856943, -22.9663201], [-43.1856448, -22.9662955], [-43.1856563, -22.966275999999997], [-43.18570590000001, -22.966300699999998], [-43.18572880000001, -22.966261699999997], [-43.18575130000001, -22.966223399999997], [-43.1855956, -22.966145699999995], [-43.1855516, -22.966220399999997], [-43.185605, -22.966246999999996], [-43.1855936, -22.966266400000002], [-43.1855405, -22.966239900000005], [-43.1855059, -22.966298600000002], [-43.1856613, -22.966376200000003], [-43.1856943, -22.9663201]]]}}, {"type": "Feature", "properties": {"osm_id": "way/1177120818", "building": "yes"}, "geometry": {"type": "Polygon", "coordinates": [[[-43.1855407, -22.966167499999994], [-43.1855267, -22.966160599999995], [-43.1855308, -22.966153399999996], [-43.1854929, -22.966134799999992], [-43.1855019, -22.966119299999995], [-43.1854371, -22.966087500000004], [-43.1854286, -22.966102199999998], [-43.1854151, -22.9660955], [-43.1853703, -22.9661728], [-43.1853814, -22.9661783], [-43.1853896, -22.966164199999998], [-43.1854585, -22.966198100000003], [-43.185449500000004, -22.9662137], [-43.1854813, -22.966229299999995], [-43.1854879, -22.966217900000004], [-43.1855062, -22.96622689999999], [-43.1855407, -22.966167499999994]]]}}, {"type": "Feature", "properties": {"osm_id": "way/1177120819", "building": "yes"}, "geometry": {"type": "Polygon", "coordinates": [[[-43.1856216, -22.966028700000003], [-43.1856097, -22.966022899999995], [-43.1856143, -22.966014900000005], [-43.1855746, -22.9659954], [-43.1855846, -22.965978099999997], [-43.1855222, -22.965947400000005], [-43.1855135, -22.965962400000002], [-43.18550900000001, -22.9659602], [-43.1855041, -22.96596859999999], [-43.18549, -22.9659616], [-43.1854278, -22.966068900000003], [-43.1854435, -22.966076599999997], [-43.1854371, -22.966087500000004], [-43.1855019, -22.966119299999995], [-43.1855405, -22.966138300000004], [-43.1855449, -22.966130599999996], [-43.1855585, -22.966137299999996], [-43.1856216, -22.966028700000003]]]}}, {"type": "Feature", "properties": {"osm_id": "way/1177120820", "building": "yes"}, "geometry": {"type": "Polygon", "coordinates": [[[-43.185703, -22.965891900000003], [-43.1856912, -22.965886099999995], [-43.1856968, -22.9658764], [-43.1855938, -22.9658258], [-43.1855884, -22.965834999999995], [-43.1855854, -22.965840099999998], [-43.1855692, -22.9658322], [-43.18551240000001, -22.96593], [-43.1855279, -22.9659376], [-43.1855222, -22.965947400000005], [-43.1855846, -22.965978099999997], [-43.1856221, -22.9659966], [-43.1856268, -22.9659885], [-43.1856425, -22.965996200000003], [-43.185703, -22.965891900000003]]]}}, {"type": "Feature", "properties": {"osm_id": "way/1177120822", "building": "yes"}, "geometry": {"type": "Polygon", "coordinates": [[[-43.1916512, -22.973679999999995], [-43.1915603, -22.973712300000003], [-43.1915668, -22.9737278], [-43.1914917, -22.973754500000002], [-43.1914832, -22.973734100000005], [-43.1914477, -22.973746799999997], [-43.1915484, -22.973986699999998], [-43.1915966, -22.973969499999992], [-43.1915859, -22.973943899999988], [-43.1916137, -22.973934], [-43.191627, -22.973965699999997], [-43.1916598, -22.973954], [-43.1916498, -22.97393009999999], [-43.1916785, -22.973919799999997], [-43.1916894, -22.973945599999997], [-43.1917532, -22.973922899999998], [-43.1916512, -22.973679999999995]]]}}, {"type": "Feature", "properties": {"osm_id": "way/1308635848", "building": "yes"}, "geometry": {"type": "Polygon", "coordinates": [[[-43.1849052, -22.97097650000001], [-43.1850053, -22.971051699999993], [-43.185035000000006, -22.971018200000003], [-43.1850705, -22.970978199999998], [-43.1849423, -22.9708819], [-43.1849342, -22.970890999999995], [-43.1848771, -22.970955399999994], [-43.1849052, -22.97097650000001]]]}}, {"type": "Feature", "properties": {"osm_id": "way/1308635849", "building": "yes"}, "geometry": {"type": "Polygon", "coordinates": [[[-43.185035000000006, -22.971018200000003], [-43.1851064, -22.9710718], [-43.1850684, -22.971114699999998], [-43.1850491, -22.971100100000005], [-43.1849784, -22.9711799], [-43.1850373, -22.9712242], [-43.1851814, -22.971061699999993], [-43.1850705, -22.970978199999998], [-43.185035000000006, -22.971018200000003]]]}}, {"type": "Feature", "properties": {"osm_id": "way/1308635850", "building": "yes"}, "geometry": {"type": "Polygon", "coordinates": [[[-43.1845673, -22.971241099999993], [-43.1846293, -22.971287700000005], [-43.1846694, -22.9712425], [-43.1849052, -22.97097650000001], [-43.1848771, -22.970955399999994], [-43.1849342, -22.970890999999995], [-43.1849004, -22.970865599999996], [-43.1845673, -22.971241099999993]]]}}, {"type": "Feature", "properties": {"osm_id": "way/1308635851", "building": "yes"}, "geometry": {"type": "Polygon", "coordinates": [[[-43.1847026, -22.971359000000003], [-43.1847403, -22.9713156], [-43.1847514, -22.971302799999993], [-43.1846694, -22.9712425], [-43.1846215, -22.97129929999999], [-43.1847026, -22.971359000000003]]]}}, {"type": "Feature", "properties": {"osm_id": "way/1308635852", "building": "yes"}, "geometry": {"type": "Polygon", "coordinates": [[[-43.1847994, -22.97143280000001], [-43.1848246, -22.971439199999995], [-43.1848509, -22.97143379999999], [-43.1848733, -22.971412799999996], [-43.1848191, -22.9713751], [-43.1847403, -22.9713156], [-43.1847026, -22.971359000000003], [-43.1847994, -22.97143280000001]]]}}, {"type": "Feature", "properties": {"osm_id": "way/1308635853", "building": "yes"}, "geometry": {"type": "Polygon", "coordinates": [[[-43.1848733, -22.971412799999996], [-43.1848782, -22.9714162], [-43.1850373, -22.9712242], [-43.1849784, -22.9711799], [-43.1848191, -22.9713751], [-43.1848733, -22.971412799999996]]]}}, {"type": "Feature", "properties": {"osm_id": "way/1308636542", "building": "yes"}, "geometry": {"type": "Polygon", "coordinates": [[[-43.1829813, -22.9699273], [-43.1830778, -22.969987], [-43.1831176, -22.969932599999996], [-43.183021100000005, -22.9698728], [-43.1829813, -22.9699273]]]}}, {"type": "Feature", "properties": {"osm_id": "way/1308636543", "building": "yes"}, "geometry": {"type": "Polygon", "coordinates": [[[-43.1830112, -22.96976649999999], [-43.1830866, -22.969810599999988], [-43.1831831, -22.969670699999998], [-43.1831243, -22.9696363], [-43.1831078, -22.969626599999994], [-43.1830112, -22.96976649999999]]]}}, {"type": "Feature", "properties": {"osm_id": "way/1308636862", "building": "yes"}, "geometry": {"type": "Polygon", "coordinates": [[[-43.1815877, -22.968598299999996], [-43.1817391, -22.9686993], [-43.18200220000001, -22.9683652], [-43.181850700000005, -22.968264100000003], [-43.1815877, -22.968598299999996]]]}}, {"type": "Feature", "properties": {"osm_id": "way/1308636863", "building": "yes"}, "geometry": {"type": "Polygon", "coordinates": [[[-43.1819443, -22.968502299999994], [-43.1819812, -22.968528600000003], [-43.1820307, -22.968469699999996], [-43.1819938, -22.96844340000001], [-43.1819443, -22.968502299999994]]]}}, {"type": "Feature", "properties": {"osm_id": "way/1308636864", "building": "yes"}, "geometry": {"type": "Polygon", "coordinates": [[[-43.1820278, -22.968455399999996], [-43.1820513, -22.968424799999998], [-43.1820087, -22.96839699999999], [-43.1819852, -22.9684276], [-43.1820278, -22.968455399999996]]]}}, {"type": "Feature", "properties": {"osm_id": "way/1339694377", "building": "yes"}, "geometry": {"type": "Polygon", "coordinates": [[[-43.1877175, -22.965549600000003], [-43.1877056, -22.965537299999994], [-43.1876805, -22.9655579], [-43.18772080000001, -22.965599400000002], [-43.187736, -22.965586900000005], [-43.1877532, -22.965604700000004], [-43.187765600000006, -22.965594599999996], [-43.1877925, -22.965572499999997], [-43.187747, -22.965525399999997], [-43.1877175, -22.965549600000003]]]}}, {"type": "Feature", "properties": {"osm_id": "way/1339694378", "building": "yes"}, "geometry": {"type": "Polygon", "coordinates": [[[-43.1880511, -22.965563599999996], [-43.1881681, -22.965683100000003], [-43.1881888, -22.965704099999996], [-43.1882038, -22.9656916], [-43.1882123, -22.965700299999995], [-43.1882481, -22.9656706], [-43.1882043, -22.9656259], [-43.1881798, -22.965600799999997], [-43.188131, -22.965551000000005], [-43.1880948, -22.965514099999993], [-43.188044, -22.965556299999992], [-43.1880511, -22.965563599999996]]]}}, {"type": "Feature", "properties": {"osm_id": "way/1339694379", "building": "yes"}, "geometry": {"type": "Polygon", "coordinates": [[[-43.1879789, -22.965842099999996], [-43.1880371, -22.96578819999999], [-43.1880457, -22.965796100000002], [-43.18811120000001, -22.965735399999993], [-43.1881178, -22.965741400000002], [-43.1881607, -22.9657017], [-43.1881544, -22.965695899999996], [-43.1881681, -22.965683100000003], [-43.1880511, -22.965563599999996], [-43.1879829, -22.9656258], [-43.1879427, -22.965591500000002], [-43.1878888, -22.965577900000003], [-43.187871, -22.965592], [-43.1878422, -22.965565600000005], [-43.1878245, -22.9655819], [-43.187804, -22.965562899999995], [-43.1877925, -22.965572499999997], [-43.187765600000006, -22.965594599999996], [-43.1877936, -22.965620499999993], [-43.1877653, -22.965646699999997], [-43.1877832, -22.965663], [-43.1879789, -22.965842099999996]]]}}, {"type": "Feature", "properties": {"osm_id": "way/1339694380", "building": "yes"}, "geometry": {"type": "Polygon", "coordinates": [[[-43.18765470000001, -22.965709699999998], [-43.187751, -22.96563069999999], [-43.18772080000001, -22.965599400000002], [-43.1876805, -22.9655579], [-43.187666, -22.9655429], [-43.1875697, -22.965621899999995], [-43.18765470000001, -22.965709699999998]]]}}, {"type": "Feature", "properties": {"osm_id": "way/1339694381", "building": "yes"}, "geometry": {"type": "Polygon", "coordinates": [[[-43.1878808, -22.9659215], [-43.1879789, -22.965842099999996], [-43.1877832, -22.965663], [-43.1876904, -22.9657369], [-43.1877019, -22.965747499999996], [-43.1878808, -22.9659215]]]}}, {"type": "Feature", "properties": {"osm_id": "way/1339694382", "building": "yes"}, "geometry": {"type": "Polygon", "coordinates": [[[-43.1876953, -22.9659406], [-43.1877293, -22.965994999999996], [-43.187738, -22.9659962], [-43.1877434, -22.9660036], [-43.1878808, -22.9659215], [-43.1877019, -22.965747499999996], [-43.1876081, -22.965801299999992], [-43.1876953, -22.9659406]]]}}, {"type": "Feature", "properties": {"osm_id": "way/1339694383", "building": "yes"}, "geometry": {"type": "Polygon", "coordinates": [[[-43.1875563, -22.966014799999996], [-43.1876953, -22.9659406], [-43.1876081, -22.965801299999992], [-43.18756770000001, -22.965739399999993], [-43.1874117, -22.9658688], [-43.1874306, -22.965887099999996], [-43.1875129, -22.9659727], [-43.1875563, -22.966014799999996]]]}}, {"type": "Feature", "properties": {"osm_id": "way/1339694384", "building": "yes"}, "geometry": {"type": "Polygon", "coordinates": [[[-43.1871666, -22.9660686], [-43.1873147, -22.9662124], [-43.1873238, -22.9662213], [-43.1873526, -22.9661961], [-43.187358, -22.9662013], [-43.1873815, -22.966180699999995], [-43.1873867, -22.96618579999999], [-43.1874078, -22.966167299999995], [-43.1874101, -22.9661695], [-43.187458, -22.9661277], [-43.1874717, -22.966141], [-43.1875185, -22.966100199999993], [-43.1875282, -22.9661096], [-43.1875811, -22.966063499999994], [-43.1875642, -22.9660471], [-43.1875775, -22.9660354], [-43.1875563, -22.966014799999996], [-43.1875129, -22.9659727], [-43.1874868, -22.9659955], [-43.1874014, -22.96591259999999], [-43.1874306, -22.965887099999996], [-43.1874117, -22.9658688], [-43.1873669, -22.9658253], [-43.1873548, -22.965835799999994], [-43.1873461, -22.965827399999988], [-43.1872433, -22.9659172], [-43.1872584, -22.965931899999994], [-43.187224, -22.9659619], [-43.1872311, -22.965968799999995], [-43.1871431, -22.966045699999995], [-43.1871666, -22.9660686]]]}}, {"type": "Feature", "properties": {"osm_id": "way/1339694385", "building": "yes"}, "geometry": {"type": "Polygon", "coordinates": [[[-43.1873147, -22.9662124], [-43.1871666, -22.9660686], [-43.1871133, -22.966116799999998], [-43.1872444, -22.966257699999996], [-43.1873147, -22.9662124]]]}}, {"type": "Feature", "properties": {"osm_id": "way/1339694386", "building": "yes"}, "geometry": {"type": "Polygon", "coordinates": [[[-43.1871287, -22.9663216], [-43.1871389, -22.966333899999995], [-43.1872552, -22.9662693], [-43.1872444, -22.966257699999996], [-43.1871133, -22.966116799999998], [-43.1870143, -22.966209799999998], [-43.1871287, -22.9663216]]]}}, {"type": "Feature", "properties": {"osm_id": "way/1339694387", "building": "yes"}, "geometry": {"type": "Polygon", "coordinates": [[[-43.1869737, -22.965481400000005], [-43.1870039, -22.9654385], [-43.1869293, -22.965393999999996], [-43.18689800000001, -22.965438499999998], [-43.1868514, -22.9654107], [-43.1868854, -22.9653623], [-43.1868481, -22.965340000000005], [-43.1867911, -22.965421], [-43.1869737, -22.965529900000003], [-43.1869158, -22.965612199999995], [-43.1869932, -22.9656583], [-43.1870194, -22.965630299999997], [-43.1870329, -22.965622899999996], [-43.1870466, -22.965622499999995], [-43.1870611, -22.9656272], [-43.1870675, -22.9656358], [-43.1870743, -22.965648600000005], [-43.1870747, -22.965660300000003], [-43.187073000000005, -22.9656754], [-43.1870633, -22.965700200000004], [-43.1871719, -22.9657649], [-43.1872724, -22.9656221], [-43.187301, -22.965639199999995], [-43.1873095, -22.9656272], [-43.187322, -22.965634600000005], [-43.1873737, -22.965561], [-43.1873936, -22.9655729], [-43.1874491, -22.965493999999996], [-43.1871741, -22.96533], [-43.1870399, -22.965520799999997], [-43.1869737, -22.965481400000005]]]}}, {"type": "Feature", "properties": {"osm_id": "way/1339694388", "building": "yes"}, "geometry": {"type": "Polygon", "coordinates": [[[-43.1857584, -22.966379899999993], [-43.1858151, -22.9664091], [-43.1858443, -22.966361100000004], [-43.1857876, -22.966331899999997], [-43.1857584, -22.966379899999993]]]}}, {"type": "Feature", "properties": {"osm_id": "way/1339694389", "building": "yes"}, "geometry": {"type": "Polygon", "coordinates": [[[-43.1848519, -22.966011699999996], [-43.1850357, -22.966103599999993], [-43.1851077, -22.965983300000005], [-43.1849194, -22.965902999999997], [-43.1848519, -22.966011699999996]]]}}, {"type": "Feature", "properties": {"osm_id": "way/1339694390", "building": "yes"}, "geometry": {"type": "Polygon", "coordinates": [[[-43.1853162, -22.9661309], [-43.1853268, -22.966112700000007], [-43.1853455, -22.966121900000008], [-43.18537940000001, -22.9660634], [-43.1853602, -22.966054000000003], [-43.1853873, -22.966007399999995], [-43.1852632, -22.9659464], [-43.1851917, -22.966069700000002], [-43.1853162, -22.9661309]]]}}, {"type": "Feature", "properties": {"osm_id": "way/1339694391", "building": "yes"}, "geometry": {"type": "Polygon", "coordinates": [[[-43.1860353, -22.9661314], [-43.1860185, -22.966159499999996], [-43.1859794, -22.96613969999999], [-43.1859534, -22.966183199999993], [-43.1860153, -22.966214599999986], [-43.1860905, -22.9662528], [-43.1861105, -22.9662194], [-43.1860894, -22.96620859999999], [-43.1861122, -22.966170399999996], [-43.1860353, -22.9661314]]]}}, {"type": "Feature", "properties": {"osm_id": "way/1339694392", "building": "yes"}, "geometry": {"type": "Polygon", "coordinates": [[[-43.1860153, -22.966214599999986], [-43.1859732, -22.966284000000005], [-43.1860487, -22.966322899999998], [-43.1860905, -22.9662528], [-43.1860153, -22.966214599999986]]]}}, {"type": "Feature", "properties": {"osm_id": "way/1339694393", "building": "yes"}, "geometry": {"type": "Polygon", "coordinates": [[[-43.1860487, -22.966322899999998], [-43.1859732, -22.966284000000005], [-43.1859572, -22.966310299999993], [-43.1858948, -22.966278199999998], [-43.1858443, -22.966361100000004], [-43.1858151, -22.9664091], [-43.1858108, -22.9664162], [-43.1859486, -22.9664873], [-43.1860487, -22.966322899999998]]]}}, {"type": "Feature", "properties": {"osm_id": "way/1339694394", "building": "yes"}, "geometry": {"type": "Polygon", "coordinates": [[[-43.1858108, -22.9664162], [-43.1857526, -22.966513599999995], [-43.1857393, -22.966535799999992], [-43.18587850000001, -22.966607000000003], [-43.1859486, -22.9664873], [-43.1858108, -22.9664162]]]}}, {"type": "Feature", "properties": {"osm_id": "way/1339694395", "building": "yes"}, "geometry": {"type": "Polygon", "coordinates": [[[-43.18570690000001, -22.9665896], [-43.1856686, -22.966653199999996], [-43.18577080000001, -22.9667054], [-43.1858078, -22.966724300000003], [-43.1858462, -22.9666607], [-43.18570690000001, -22.9665896]]]}}, {"type": "Feature", "properties": {"osm_id": "way/1339694396", "building": "yes"}, "geometry": {"type": "Polygon", "coordinates": [[[-43.1857393, -22.966535799999992], [-43.18570690000001, -22.9665896], [-43.1858462, -22.9666607], [-43.18587850000001, -22.966607000000003], [-43.1857393, -22.966535799999992]]]}}, {"type": "Feature", "properties": {"osm_id": "way/1339694397", "building": "yes"}, "geometry": {"type": "Polygon", "coordinates": [[[-43.1858425, -22.966068500000002], [-43.18575130000001, -22.966223399999997], [-43.18572880000001, -22.966261699999997], [-43.1858087, -22.9663016], [-43.1859224, -22.966108399999992], [-43.1858425, -22.966068500000002]]]}}, {"type": "Feature", "properties": {"osm_id": "way/1339694398", "building": "yes"}, "geometry": {"type": "Polygon", "coordinates": [[[-43.185749, -22.966741500000005], [-43.18577080000001, -22.9667054], [-43.1856686, -22.966653199999996], [-43.1856055, -22.9667578], [-43.1857463, -22.966829699999998], [-43.1857876, -22.966761200000004], [-43.185749, -22.966741500000005]]]}}, {"type": "Feature", "properties": {"osm_id": "way/1339694399", "building": "yes"}, "geometry": {"type": "Polygon", "coordinates": [[[-43.1863476, -22.966253599999995], [-43.1863018, -22.966321899999997], [-43.1862608, -22.966379800000002], [-43.1863106, -22.966414799999995], [-43.186339, -22.96637859999999], [-43.1864058, -22.966292499999998], [-43.1863476, -22.966253599999995]]]}}, {"type": "Feature", "properties": {"osm_id": "way/1339694400", "building": "yes"}, "geometry": {"type": "Polygon", "coordinates": [[[-43.1863018, -22.966321899999997], [-43.1863476, -22.966253599999995], [-43.1863207, -22.966235499999996], [-43.1862552, -22.966205199999994], [-43.1862658, -22.9661877], [-43.1862062, -22.966157099999997], [-43.1861534, -22.96624909999999], [-43.1863018, -22.966321899999997]]]}}, {"type": "Feature", "properties": {"osm_id": "way/1339694401", "building": "yes"}, "geometry": {"type": "Polygon", "coordinates": [[[-43.1860975, -22.966342900000004], [-43.186183, -22.966385799999998], [-43.1861686, -22.966411099999995], [-43.1862206, -22.966441600000003], [-43.1862608, -22.966379800000002], [-43.1863018, -22.966321899999997], [-43.1861534, -22.96624909999999], [-43.1860975, -22.966342900000004]]]}}, {"type": "Feature", "properties": {"osm_id": "way/1339694402", "building": "yes"}, "geometry": {"type": "Polygon", "coordinates": [[[-43.1866274, -22.9657227], [-43.1865058, -22.965641399999992], [-43.1861858, -22.966047399999997], [-43.1862059, -22.966060899999995], [-43.1861985, -22.9660703], [-43.1862481, -22.966103500000003], [-43.1862565, -22.966092899999992], [-43.1863083, -22.966127599999997], [-43.1866274, -22.9657227]]]}}, {"type": "Feature", "properties": {"osm_id": "way/1339694403", "building": "yes"}, "geometry": {"type": "Polygon", "coordinates": [[[-43.1862206, -22.966441600000003], [-43.1861686, -22.966411099999995], [-43.186183, -22.966385799999998], [-43.1860975, -22.966342900000004], [-43.1860705, -22.966391499999993], [-43.1861936, -22.966475499999998], [-43.1862206, -22.966441600000003]]]}}, {"type": "Feature", "properties": {"osm_id": "way/1339694404", "building": "yes"}, "geometry": {"type": "Polygon", "coordinates": [[[-43.1862206, -22.966441600000003], [-43.1861936, -22.966475499999998], [-43.1861411, -22.966537199999994], [-43.1861674, -22.966555600000007], [-43.1862135, -22.9664961], [-43.1862587, -22.966526499999997], [-43.1862905, -22.966489600000003], [-43.1862206, -22.966441600000003]]]}}, {"type": "Feature", "properties": {"osm_id": "way/1339694405", "building": "yes"}, "geometry": {"type": "Polygon", "coordinates": [[[-43.1861936, -22.966475499999998], [-43.1860705, -22.966391499999993], [-43.1860329, -22.966460899999998], [-43.1861411, -22.966537199999994], [-43.1861936, -22.966475499999998]]]}}, {"type": "Feature", "properties": {"osm_id": "way/1339694406", "building": "yes"}, "geometry": {"type": "Polygon", "coordinates": [[[-43.1864058, -22.966292499999998], [-43.186339, -22.96637859999999], [-43.1863684, -22.966396899999992], [-43.1864724, -22.966467200000004], [-43.1864546, -22.966490300000007], [-43.1864428, -22.966491], [-43.1864318, -22.9665019], [-43.1865126, -22.9665581], [-43.1865628, -22.9664877], [-43.1866062, -22.966426699999996], [-43.186530100000006, -22.966375699999997], [-43.1864058, -22.966292499999998]]]}}, {"type": "Feature", "properties": {"osm_id": "way/1339694407", "building": "yes"}, "geometry": {"type": "Polygon", "coordinates": [[[-43.1864428, -22.966491], [-43.1864546, -22.966490300000007], [-43.1864724, -22.966467200000004], [-43.1863684, -22.966396899999992], [-43.186339, -22.96637859999999], [-43.1863106, -22.966414799999995], [-43.1862608, -22.966379800000002], [-43.1862206, -22.966441600000003], [-43.1862905, -22.966489600000003], [-43.1862587, -22.966526499999997], [-43.1863567, -22.966592399999996], [-43.1864386, -22.966647399999996], [-43.1865126, -22.9665581], [-43.1864318, -22.9665019], [-43.1864428, -22.966491]]]}}, {"type": "Feature", "properties": {"osm_id": "way/1339694408", "building": "yes"}, "geometry": {"type": "Polygon", "coordinates": [[[-43.1861411, -22.966537199999994], [-43.1860329, -22.966460899999998], [-43.1859595, -22.966586], [-43.1860944, -22.966671700000003], [-43.1861035, -22.9666565], [-43.1861674, -22.966555600000007], [-43.1861411, -22.966537199999994]]]}}, {"type": "Feature", "properties": {"osm_id": "way/1339694409", "building": "yes"}, "geometry": {"type": "Polygon", "coordinates": [[[-43.1861035, -22.9666565], [-43.1860944, -22.966671700000003], [-43.1859595, -22.966586], [-43.1859221, -22.966646399999995], [-43.1859886, -22.966690599999996], [-43.1860132, -22.966708000000004], [-43.1860704, -22.96674919999999], [-43.1861165, -22.966664999999995], [-43.1861035, -22.9666565]]]}}, {"type": "Feature", "properties": {"osm_id": "way/1339912233", "building": "yes"}, "geometry": {"type": "Polygon", "coordinates": [[[-43.1868385, -22.967956899999997], [-43.1869529, -22.96801500000001], [-43.1870061, -22.9679261], [-43.1870566, -22.967841699999994], [-43.1869924, -22.96780919999999], [-43.1869421, -22.9677837], [-43.1868385, -22.967956899999997]]]}}, {"type": "Feature", "properties": {"osm_id": "way/1339912234", "building": "yes"}, "geometry": {"type": "Polygon", "coordinates": [[[-43.1863906, -22.967629300000002], [-43.186336000000004, -22.967702399999997], [-43.1864374, -22.96776659999999], [-43.186492, -22.967693500000003], [-43.1863906, -22.967629300000002]]]}}, {"type": "Feature", "properties": {"osm_id": "way/1339912235", "building": "yes"}, "geometry": {"type": "Polygon", "coordinates": [[[-43.1862774, -22.9675606], [-43.1862253, -22.967631100000002], [-43.1863286, -22.9676959], [-43.1863808, -22.967625299999998], [-43.1862774, -22.9675606]]]}}, {"type": "Feature", "properties": {"osm_id": "way/1339912236", "building": "yes"}, "geometry": {"type": "Polygon", "coordinates": [[[-43.1861675, -22.967491399999993], [-43.18611920000001, -22.967556200000004], [-43.1862212, -22.967620599999997], [-43.18626950000001, -22.967555899999997], [-43.1861675, -22.967491399999993]]]}}, {"type": "Feature", "properties": {"osm_id": "way/1339912237", "building": "yes"}, "geometry": {"type": "Polygon", "coordinates": [[[-43.1860609, -22.967509299999996], [-43.1861142, -22.9675454], [-43.1861589, -22.9674893], [-43.1861057, -22.9674533], [-43.1860609, -22.967509299999996]]]}}, {"type": "Feature", "properties": {"osm_id": "way/1339912238", "building": "yes"}, "geometry": {"type": "Polygon", "coordinates": [[[-43.186282, -22.967388600000003], [-43.1863687, -22.967435000000002], [-43.1863888, -22.967403300000004], [-43.1864157, -22.967417699999995], [-43.1864517, -22.9673568], [-43.1862155, -22.967237], [-43.1861901, -22.9672421], [-43.1860867, -22.96737449999999], [-43.1862372, -22.967459499999997], [-43.186282, -22.967388600000003]]]}}, {"type": "Feature", "properties": {"osm_id": "way/1339960040", "building": "yes"}, "geometry": {"type": "Polygon", "coordinates": [[[-43.186887, -22.966342199999993], [-43.1867885, -22.966462800000006], [-43.1868254, -22.9665025], [-43.1869553, -22.966415], [-43.186887, -22.966342199999993]]]}}, {"type": "Feature", "properties": {"osm_id": "way/1341431762", "building": "yes"}, "geometry": {"type": "Polygon", "coordinates": [[[-43.1867429, -22.967042], [-43.1867572, -22.967083299999995], [-43.1867802, -22.967076500000005], [-43.1867659, -22.96703529999999], [-43.1867429, -22.967042]]]}}, {"type": "Feature", "properties": {"osm_id": "way/1341431763", "building": "yes"}, "geometry": {"type": "Polygon", "coordinates": [[[-43.1877878, -22.967497], [-43.1877683, -22.967491999999996], [-43.1877512, -22.96749199999999], [-43.1877358, -22.967493999999995], [-43.1877225, -22.9674984], [-43.1877108, -22.967506199999995], [-43.1876803, -22.967529399999997], [-43.1877751, -22.96763990000001], [-43.1878194, -22.9675879], [-43.1878117, -22.9675823], [-43.1878478, -22.967528199999997], [-43.1877878, -22.967497]]]}}, {"type": "Feature", "properties": {"osm_id": "way/1341620505", "building": "yes"}, "geometry": {"type": "Polygon", "coordinates": [[[-43.1876944, -22.967694999999996], [-43.18773, -22.9677349], [-43.1877599, -22.967712199999998], [-43.1877244, -22.9676724], [-43.1876944, -22.967694999999996]]]}}, {"type": "Feature", "properties": {"osm_id": "way/1341620506", "building": "roof"}, "geometry": {"type": "Polygon", "coordinates": [[[-43.1878799, -22.9677672], [-43.1878661, -22.9677499], [-43.1878472, -22.967763499999993], [-43.1878617, -22.967780700000002], [-43.1878799, -22.9677672]]]}}, {"type": "Feature", "properties": {"osm_id": "way/1341620507", "building": "yes"}, "geometry": {"type": "Polygon", "coordinates": [[[-43.1878751, -22.967796500000002], [-43.1878931, -22.9677836], [-43.1878799, -22.9677672], [-43.1878617, -22.967780700000002], [-43.1878751, -22.967796500000002]]]}}, {"type": "Feature", "properties": {"osm_id": "way/1341620508", "building": "yes"}, "geometry": {"type": "Polygon", "coordinates": [[[-43.1872114, -22.967407], [-43.1872606, -22.967355599999998], [-43.1872271, -22.9673284], [-43.1872121, -22.967344100000002], [-43.1871786, -22.9673803], [-43.1872114, -22.967407]]]}}, {"type": "Feature", "properties": {"osm_id": "way/1341620509", "building": "yes"}, "geometry": {"type": "Polygon", "coordinates": [[[-43.1871035, -22.967519900000003], [-43.1871744, -22.9674458], [-43.1871415, -22.9674191], [-43.1870717, -22.967494099999993], [-43.1871035, -22.967519900000003]]]}}, {"type": "Feature", "properties": {"osm_id": "way/1341639359", "building": "roof", "layer": "1"}, "geometry": {"type": "Polygon", "coordinates": [[[-43.1804942, -22.9683799], [-43.1804413, -22.968457099999995], [-43.180510500000004, -22.9684974], [-43.1805635, -22.968420199999994], [-43.1804942, -22.9683799]]]}}, {"type": "Feature", "properties": {"osm_id": "way/1341639360", "building": "roof", "layer": "1"}, "geometry": {"type": "Polygon", "coordinates": [[[-43.1799689, -22.968069299999996], [-43.1799245, -22.968133699999996], [-43.1800573, -22.968211400000005], [-43.1801018, -22.968146999999995], [-43.1799689, -22.968069299999996]]]}}, {"type": "Feature", "properties": {"osm_id": "way/1341639361", "building": "roof", "layer": "1"}, "geometry": {"type": "Polygon", "coordinates": [[[-43.1875989, -22.9750251], [-43.1875601, -22.974962999999995], [-43.1875059, -22.974991799999994], [-43.1875447, -22.975053799999998], [-43.1875989, -22.9750251]]]}}, {"type": "Feature", "properties": {"osm_id": "way/1341639362", "building": "roof", "layer": "1"}, "geometry": {"type": "Polygon", "coordinates": [[[-43.1881164, -22.975844199999997], [-43.1880785, -22.9757642], [-43.1880209, -22.9757873], [-43.1880589, -22.975867300000004], [-43.1881164, -22.975844199999997]]]}}, {"type": "Feature", "properties": {"osm_id": "way/1343107168", "building": "roof", "layer": "1"}, "geometry": {"type": "Polygon", "coordinates": [[[-43.1774646, -22.967392], [-43.1774726, -22.967420799999992], [-43.1775031, -22.967413599999997], [-43.1775114, -22.967443600000003], [-43.1775781, -22.9674278], [-43.1775705, -22.9674006], [-43.17753780000001, -22.9674083], [-43.1775291, -22.967376799999997], [-43.1774646, -22.967392]]]}}, {"type": "Feature", "properties": {"osm_id": "way/1343107169", "building": "roof", "layer": "1"}, "geometry": {"type": "Polygon", "coordinates": [[[-43.1773111, -22.9673108], [-43.1773274, -22.967368200000003], [-43.177364, -22.967359400000003], [-43.177373, -22.9673911], [-43.177433900000004, -22.967376400000003], [-43.1774168, -22.96731610000001], [-43.17738690000001, -22.967323300000004], [-43.1773787, -22.967294499999998], [-43.1773111, -22.9673108]]]}}, {"type": "Feature", "properties": {"osm_id": "way/1343107170", "building": "roof", "layer": "1"}, "geometry": {"type": "Polygon", "coordinates": [[[-43.1772883, -22.9672981], [-43.1772705, -22.9672382], [-43.177234, -22.9672467], [-43.1772264, -22.967213899999997], [-43.1771947, -22.967219099999998], [-43.177212, -22.9672856], [-43.1772517, -22.967308999999997], [-43.1772883, -22.9672981]]]}}, {"type": "Feature", "properties": {"osm_id": "way/1343107171", "building": "roof", "layer": "1"}, "geometry": {"type": "Polygon", "coordinates": [[[-43.1781482, -22.967818500000007], [-43.1781891, -22.967845099999998], [-43.1781995, -22.9678728], [-43.1782337, -22.9678654], [-43.1782572, -22.967824700000005], [-43.1782484, -22.9677913], [-43.1781823, -22.967809599999995], [-43.1781639, -22.967747499999998], [-43.1781314, -22.967754299999996], [-43.178122, -22.967725], [-43.1780893, -22.9677317], [-43.17808170000001, -22.96770429999999], [-43.1780167, -22.967719700000004], [-43.1780333, -22.967779200000003], [-43.1780989, -22.9677638], [-43.1781173, -22.9678259], [-43.1781482, -22.967818500000007]]]}}, {"type": "Feature", "properties": {"osm_id": "way/1343107172", "building": "roof", "layer": "1"}, "geometry": {"type": "Polygon", "coordinates": [[[-43.1779985, -22.967659199999996], [-43.1779667, -22.967666000000005], [-43.1779741, -22.9676952], [-43.177941, -22.967702299999996], [-43.1779484, -22.967731699999998], [-43.1780133, -22.9677178], [-43.1779985, -22.967659199999996]]]}}, {"type": "Feature", "properties": {"osm_id": "way/1343107173", "building": "roof", "layer": "1"}, "geometry": {"type": "Polygon", "coordinates": [[[-43.1794329, -22.968578499999996], [-43.1794652, -22.968574199999995], [-43.1794606, -22.968544400000003], [-43.1794942, -22.96854], [-43.1794896, -22.968510099999992], [-43.1794236, -22.9685189], [-43.1794329, -22.968578499999996]]]}}, {"type": "Feature", "properties": {"osm_id": "way/1343107174", "building": "roof", "layer": "1"}, "geometry": {"type": "Polygon", "coordinates": [[[-43.1792462, -22.968367399999998], [-43.1792141, -22.968372500000005], [-43.1792196, -22.968402099999988], [-43.17918600000001, -22.968407399999997], [-43.1791916, -22.968437099999992], [-43.1792573, -22.9684267], [-43.1792462, -22.968367399999998]]]}}, {"type": "Feature", "properties": {"osm_id": "way/1343107175", "building": "roof", "layer": "1"}, "geometry": {"type": "Polygon", "coordinates": [[[-43.1793276, -22.968414400000004], [-43.1792615, -22.968424800000005], [-43.1792729, -22.96848679999999], [-43.1793417, -22.968476000000003], [-43.1793524, -22.9685338], [-43.1794199, -22.968523300000005], [-43.179408, -22.9684592], [-43.1793725, -22.9684647], [-43.1793675, -22.968437300000005], [-43.1793328, -22.96844279999999], [-43.1793276, -22.968414400000004]]]}}, {"type": "Feature", "properties": {"osm_id": "way/1343107176", "building": "roof", "layer": "1"}, "geometry": {"type": "Polygon", "coordinates": [[[-43.1806404, -22.969242299999994], [-43.1806315, -22.9692108], [-43.180565, -22.9692176], [-43.1805584, -22.969162800000003], [-43.1805196, -22.9691634], [-43.1804816, -22.969203700000005], [-43.1804915, -22.969235400000002], [-43.1805294, -22.969231600000004], [-43.1805639, -22.969255], [-43.18057120000001, -22.9692861], [-43.1806059, -22.969283299999997], [-43.1806431, -22.969306700000004], [-43.1806521, -22.969335000000004], [-43.1806887, -22.9693323], [-43.18072250000001, -22.969355699999998], [-43.1807306, -22.9693868], [-43.1807714, -22.9693824], [-43.1807988, -22.969347399999997], [-43.180790800000004, -22.969312399999996], [-43.1807257, -22.9693225], [-43.1807139, -22.9692649], [-43.1806767, -22.969268399999994], [-43.1806725, -22.9692377], [-43.1806404, -22.969242299999994]]]}}, {"type": "Feature", "properties": {"osm_id": "way/1343107177", "building": "roof", "layer": "1"}, "geometry": {"type": "Polygon", "coordinates": [[[-43.1812802, -22.9697535], [-43.1813523, -22.969740899999998], [-43.1813395, -22.969677799999996], [-43.1813041, -22.969681699999995], [-43.1812994, -22.969653699999995], [-43.181264, -22.969658800000005], [-43.1812597, -22.969624400000008], [-43.1811967, -22.9696308], [-43.1811874, -22.9695753], [-43.1811458, -22.969578999999992], [-43.181117300000004, -22.969619399999992], [-43.1811203, -22.9696543], [-43.181160500000004, -22.969649], [-43.18119810000001, -22.969677100000002], [-43.1812017, -22.969703], [-43.1812703, -22.9696927], [-43.1812802, -22.9697535]]]}}, {"type": "Feature", "properties": {"osm_id": "way/1343107178", "building": "roof", "layer": "1"}, "geometry": {"type": "Polygon", "coordinates": [[[-43.181361, -22.969801899999997], [-43.1813933, -22.9697981], [-43.1813892, -22.9697683], [-43.1814229, -22.9697643], [-43.1814188, -22.969734500000005], [-43.1813527, -22.96974219999999], [-43.181361, -22.969801899999997]]]}}, {"type": "Feature", "properties": {"osm_id": "way/1343107180", "building": "roof", "layer": "1"}, "geometry": {"type": "Polygon", "coordinates": [[[-43.182525, -22.97060979999999], [-43.1825618, -22.970605300000006], [-43.1825985, -22.9706328], [-43.1826023, -22.970663899999995], [-43.1826353, -22.970660800000005], [-43.1826661, -22.970625], [-43.1826613, -22.970590799999997], [-43.1826017, -22.970594800000004], [-43.182597, -22.970547300000003], [-43.1825549, -22.970541], [-43.1825519, -22.970510299999997], [-43.182515, -22.9705142], [-43.1825116, -22.970486200000003], [-43.1824526, -22.9704896], [-43.182443, -22.970430000000004], [-43.1824185, -22.970415199999998], [-43.1823706, -22.970461799999992], [-43.1823752, -22.970496400000002], [-43.1824094, -22.970492699999998], [-43.1824517, -22.970523899999996], [-43.1824535, -22.9705529], [-43.1824855, -22.970547599999993], [-43.1825252, -22.9705744], [-43.182525, -22.97060979999999]]]}}, {"type": "Feature", "properties": {"osm_id": "way/1343107183", "building": "roof", "layer": "1"}, "geometry": {"type": "Polygon", "coordinates": [[[-43.1831166, -22.9709714], [-43.1831153, -22.970938199999996], [-43.1830543, -22.970940899999995], [-43.1830515, -22.9708831], [-43.1830067, -22.970883300000004], [-43.182974, -22.970917799999995], [-43.1829755, -22.970950199999994], [-43.1830137, -22.970949599999997], [-43.1830476, -22.970975199999998], [-43.1830511, -22.971008800000003], [-43.183086800000005, -22.9710086], [-43.1831213, -22.971034999999997], [-43.1831223, -22.971067300000005], [-43.1831609, -22.971064699999996], [-43.1831971, -22.971094899999997], [-43.1831962, -22.971122799999996], [-43.18323, -22.971123500000008], [-43.1832635, -22.971086299999993], [-43.18325960000001, -22.971050899999998], [-43.1831971, -22.9710544], [-43.183194, -22.970998600000005], [-43.1831542, -22.971001399999995], [-43.1831523, -22.970969799999995], [-43.1831166, -22.9709714]]]}}, {"type": "Feature", "properties": {"osm_id": "way/1343107184", "building": "roof", "layer": "1"}, "geometry": {"type": "Polygon", "coordinates": [[[-43.1837026, -22.9714566], [-43.1837014, -22.971425899999996], [-43.1836374, -22.9714281], [-43.18364, -22.971491200000003], [-43.1837073, -22.971488899999997], [-43.1837097, -22.971547600000005], [-43.1837402, -22.9715478], [-43.1837767, -22.9715808], [-43.1837757, -22.971610799999993], [-43.1838092, -22.971611399999997], [-43.1838458, -22.971579899999995], [-43.1838446, -22.9715444], [-43.1837761, -22.9715453], [-43.1837753, -22.971486299999995], [-43.1837379, -22.971487], [-43.1837366, -22.971455399999996], [-43.1837026, -22.9714566]]]}}, {"type": "Feature", "properties": {"osm_id": "way/1343107185", "building": "roof", "layer": "1"}, "geometry": {"type": "Polygon", "coordinates": [[[-43.1836311, -22.971365099999996], [-43.1835985, -22.971366500000002], [-43.183566, -22.971397899999996], [-43.1835675, -22.971428099999997], [-43.1836341, -22.971425199999995], [-43.1836311, -22.971365099999996]]]}}, {"type": "Feature", "properties": {"osm_id": "way/1343107187", "building": "roof", "layer": "1"}, "geometry": {"type": "Polygon", "coordinates": [[[-43.185815600000005, -22.973578800000006], [-43.1858185, -22.973548599999997], [-43.1857579, -22.973543799999998], [-43.185752300000004, -22.973602599999996], [-43.1857822, -22.973636300000003], [-43.185845, -22.973641399999998], [-43.1858506, -22.9735817], [-43.185815600000005, -22.973578800000006]]]}}, {"type": "Feature", "properties": {"osm_id": "way/1343107188", "building": "roof"}, "geometry": {"type": "Polygon", "coordinates": [[[-43.1857408, -22.973535200000008], [-43.1857935, -22.973540000000003], [-43.1857991, -22.973487699999996], [-43.1857464, -22.973482899999993], [-43.1857408, -22.973535200000008]]]}}, {"type": "Feature", "properties": {"osm_id": "way/1343107189", "building": "roof"}, "geometry": {"type": "Polygon", "coordinates": [[[-43.1858502, -22.973663500000004], [-43.1859054, -22.973668599999996], [-43.1859107, -22.973620100000005], [-43.1858555, -22.9736149], [-43.1858502, -22.973663500000004]]]}}, {"type": "Feature", "properties": {"osm_id": "way/1343107190", "building": "roof", "layer": "1"}, "geometry": {"type": "Polygon", "coordinates": [[[-43.1859321, -22.973708899999995], [-43.1859343, -22.973677399999996], [-43.1858667, -22.973673399999996], [-43.1858646, -22.9737047], [-43.1859013, -22.973706899999996], [-43.18589920000001, -22.973735600000005], [-43.1859622, -22.973739399999996], [-43.1859642, -22.97371079999999], [-43.1859321, -22.973708899999995]]]}}, {"type": "Feature", "properties": {"osm_id": "way/1343107191", "building": "roof", "layer": "1"}, "geometry": {"type": "Polygon", "coordinates": [[[-43.186186, -22.974048499999995], [-43.1861539, -22.974044299999996], [-43.1861142, -22.974066700000005], [-43.1861092, -22.974099200000005], [-43.1861769, -22.974107999999998], [-43.186186, -22.974048499999995]]]}}, {"type": "Feature", "properties": {"osm_id": "way/1343107192", "building": "roof", "layer": "1"}, "geometry": {"type": "Polygon", "coordinates": [[[-43.1862779, -22.974320500000005], [-43.1863101, -22.9743235], [-43.1863489, -22.974299599999995], [-43.1863525, -22.974266999999994], [-43.1862845, -22.9742607], [-43.1862779, -22.974320500000005]]]}}, {"type": "Feature", "properties": {"osm_id": "way/1343107193", "building": "roof"}, "geometry": {"type": "Polygon", "coordinates": [[[-43.1863017, -22.974252000000003], [-43.1863534, -22.974258000000006], [-43.1863598, -22.974211700000005], [-43.1863081, -22.974205600000005], [-43.1863017, -22.974252000000003]]]}}, {"type": "Feature", "properties": {"osm_id": "way/1343107194", "building": "roof"}, "geometry": {"type": "Polygon", "coordinates": [[[-43.1861898, -22.9741009], [-43.1862408, -22.974106000000003], [-43.1862455, -22.974066500000003], [-43.1861945, -22.974061299999995], [-43.1861898, -22.9741009]]]}}, {"type": "Feature", "properties": {"osm_id": "way/1343107195", "building": "roof", "layer": "1"}, "geometry": {"type": "Polygon", "coordinates": [[[-43.1862292, -22.974209899999998], [-43.1862249, -22.974241299999996], [-43.186294600000004, -22.974249299999993], [-43.1863031, -22.974186700000004], [-43.1862723, -22.974183099999994], [-43.1862763, -22.974154199999994], [-43.1862454, -22.974150600000005], [-43.1862502, -22.974115900000005], [-43.1861808, -22.9741079], [-43.1861719, -22.974173399999994], [-43.1862056, -22.974177299999997], [-43.1862292, -22.974209899999998]]]}}, {"type": "Feature", "properties": {"osm_id": "way/1343107196", "building": "roof", "layer": "1"}, "geometry": {"type": "Polygon", "coordinates": [[[-43.1871485, -22.975425900000005], [-43.1871571, -22.9753971], [-43.187095500000005, -22.9753815], [-43.1870732, -22.975435999999995], [-43.1870999, -22.975479399999998], [-43.1871628, -22.975494299999998], [-43.1871808, -22.975434100000005], [-43.1871485, -22.975425900000005]]]}}, {"type": "Feature", "properties": {"osm_id": "way/1343107197", "building": "roof"}, "geometry": {"type": "Polygon", "coordinates": [[[-43.1872407, -22.97557249999999], [-43.1872506, -22.975542299999994], [-43.1871858, -22.9755243], [-43.1871759, -22.975554300000006], [-43.1872111, -22.975564099999993], [-43.1872021, -22.975591699999995], [-43.1872624, -22.975608500000007], [-43.1872714, -22.975581], [-43.1872407, -22.97557249999999]]]}}, {"type": "Feature", "properties": {"osm_id": "way/1343107198", "building": "roof"}, "geometry": {"type": "Polygon", "coordinates": [[[-43.1870939, -22.975291000000002], [-43.1870595, -22.975282799999995], [-43.1870665, -22.975257700000004], [-43.1870333, -22.975249799999993], [-43.1870172, -22.975307399999995], [-43.1870515, -22.975315599999988], [-43.1870435, -22.975344100000004], [-43.1870768, -22.975351999999997], [-43.1870939, -22.975291000000002]]]}}, {"type": "Feature", "properties": {"osm_id": "way/1343107199", "building": "roof"}, "geometry": {"type": "Polygon", "coordinates": [[[-43.1872368, -22.975471999999996], [-43.187181700000004, -22.975459599999994], [-43.1871676, -22.97551229999999], [-43.18722270000001, -22.975524800000002], [-43.1872368, -22.975471999999996]]]}}, {"type": "Feature", "properties": {"osm_id": "way/1343107200", "building": "roof"}, "geometry": {"type": "Polygon", "coordinates": [[[-43.1870773, -22.97537049999999], [-43.1871327, -22.9753845], [-43.1871482, -22.975332399999992], [-43.1870929, -22.9753184], [-43.1870773, -22.97537049999999]]]}}, {"type": "Feature", "properties": {"osm_id": "way/1343107201", "building": "roof", "layer": "1", "source": "Bing"}, "geometry": {"type": "Polygon", "coordinates": [[[-43.1874256, -22.9759838], [-43.1874456, -22.975928099999997], [-43.1874155, -22.97591879999999], [-43.1874054, -22.975946800000003], [-43.1873717, -22.9759365], [-43.1873617, -22.975964299999994], [-43.1874256, -22.9759838]]]}}, {"type": "Feature", "properties": {"osm_id": "way/1343107202", "building": "roof"}, "geometry": {"type": "Polygon", "coordinates": [[[-43.1875034, -22.975950599999994], [-43.1874529, -22.975935999999997], [-43.1874377, -22.9759804], [-43.1874882, -22.975995099999995], [-43.1875034, -22.975950599999994]]]}}, {"type": "Feature", "properties": {"osm_id": "way/1343107203", "building": "roof"}, "geometry": {"type": "Polygon", "coordinates": [[[-43.1875936, -22.976105499999992], [-43.1875443, -22.97609139999999], [-43.187527300000006, -22.976141400000003], [-43.1875766, -22.976155600000002], [-43.1875936, -22.976105499999992]]]}}, {"type": "Feature", "properties": {"osm_id": "way/1343107204", "building": "roof", "layer": "1"}, "geometry": {"type": "Polygon", "coordinates": [[[-43.1881302, -22.9771556], [-43.1880967, -22.9771446], [-43.1881061, -22.977120199999998], [-43.1880738, -22.977109599999995], [-43.1880522, -22.9771657], [-43.1880856, -22.977176599999996], [-43.1880749, -22.977204400000005], [-43.1881073, -22.977214999999998], [-43.1881302, -22.9771556]]]}}, {"type": "Feature", "properties": {"osm_id": "way/1343107205", "building": "roof"}, "geometry": {"type": "Polygon", "coordinates": [[[-43.1881727, -22.9772082], [-43.1881258, -22.9771924], [-43.188108, -22.9772371], [-43.188155, -22.977252899999996], [-43.1881727, -22.9772082]]]}}, {"type": "Feature", "properties": {"osm_id": "way/1343107206", "building": "roof", "layer": "1"}, "geometry": {"type": "Polygon", "coordinates": [[[-43.1881624, -22.977299800000004], [-43.1881744, -22.977271599999998], [-43.1881177, -22.977251199999998], [-43.1880944, -22.9773062], [-43.188125, -22.9773173], [-43.1881127, -22.977346299999994], [-43.1881714, -22.977367399999988], [-43.1881951, -22.9773116], [-43.1881624, -22.977299800000004]]]}}, {"type": "Feature", "properties": {"osm_id": "way/1343107207", "building": "roof"}, "geometry": {"type": "Polygon", "coordinates": [[[-43.1882433, -22.977357800000004], [-43.1881932, -22.977339300000008], [-43.1881723, -22.977387600000007], [-43.1882224, -22.97740609999999], [-43.1882433, -22.977357800000004]]]}}, {"type": "Feature", "properties": {"osm_id": "way/1343107208", "building": "roof", "layer": "1"}, "geometry": {"type": "Polygon", "coordinates": [[[-43.1882379, -22.9774561], [-43.1882525, -22.97742759999999], [-43.1881912, -22.9774011], [-43.18817670000001, -22.977429499999996], [-43.18821, -22.977443899999997], [-43.1881967, -22.977470000000004], [-43.1882538, -22.9774946], [-43.188267, -22.977468700000003], [-43.1882379, -22.9774561]]]}}, {"type": "Feature", "properties": {"osm_id": "way/1343107209", "building": "roof"}, "geometry": {"type": "Polygon", "coordinates": [[[-43.1887916, -22.9787228], [-43.1887433, -22.978699899999995], [-43.18874067426863, -22.97870458716235], [-43.188780097720326, -22.978743332581935], [-43.1887916, -22.9787228]]]}}, {"type": "Feature", "properties": {"osm_id": "way/1343107210", "building": "roof", "layer": "1"}, "geometry": {"type": "Polygon", "coordinates": [[[-43.188712, -22.9786537], [-43.1887269, -22.978626700000003], [-43.1886726, -22.97860139999999], [-43.18865967081089, -22.978624976762788], [-43.18872949612959, -22.97869360126721], [-43.1887434, -22.9786683], [-43.188712, -22.9786537]]]}}, {"type": "Feature", "properties": {"osm_id": "way/1343107211", "building": "roof", "layer": "1"}, "geometry": {"type": "Polygon", "coordinates": [[[-43.1887102, -22.9786079], [-43.1887356, -22.9785624], [-43.1886879, -22.9785398], [-43.1886625, -22.978585399999993], [-43.1887102, -22.9786079]]]}}, {"type": "Feature", "properties": {"osm_id": "way/1343107212", "building": "roof", "layer": "1"}, "geometry": {"type": "Polygon", "coordinates": [[[-43.1886956, -22.978513099999994], [-43.1886642, -22.978497599999997], [-43.1886776, -22.97847470000001], [-43.1886475, -22.9784597], [-43.1886168, -22.978512099999996], [-43.188648, -22.978527599999996], [-43.1886328, -22.9785536], [-43.188663, -22.978568600000006], [-43.1886956, -22.978513099999994]]]}}, {"type": "Feature", "properties": {"osm_id": "way/1343186108", "building": "yes"}, "geometry": {"type": "Polygon", "coordinates": [[[-43.186640000000004, -22.974853400000004], [-43.1866425, -22.9748543], [-43.1866524, -22.974854500000003], [-43.1866604, -22.974852600000002], [-43.1866677, -22.974849500000005], [-43.1866755, -22.974845099999996], [-43.1866827, -22.97483779999999], [-43.1866875, -22.97483079999999], [-43.1866903, -22.974824200000004], [-43.18669, -22.974821599999995], [-43.1866877, -22.9748205], [-43.1866805, -22.9748208], [-43.186671, -22.974822800000002], [-43.1866627, -22.974825499999994], [-43.1866542, -22.974830400000002], [-43.1866486, -22.974835999999996], [-43.1866448, -22.974841599999998], [-43.1866403, -22.974850800000002], [-43.186640000000004, -22.974853400000004]]]}}, {"type": "Feature", "properties": {"osm_id": "way/1434756875", "building": "hotel"}, "geometry": {"type": "Polygon", "coordinates": [[[-43.1793392, -22.967514999999995], [-43.1793105, -22.967498900000002], [-43.1790938, -22.967376299999998], [-43.1791198, -22.967333999999994], [-43.1791142, -22.967331600000005], [-43.179076, -22.967312], [-43.17907, -22.967321999999996], [-43.1790174, -22.9672951], [-43.1790235, -22.967284999999997], [-43.1789565, -22.967250799999995], [-43.1789521, -22.9672581], [-43.1789, -22.967231399999996], [-43.1789048, -22.9672234], [-43.1788277, -22.967183899999995], [-43.1788235, -22.9671907], [-43.1787659, -22.967161199999996], [-43.1787707, -22.9671534], [-43.178690700000004, -22.967112400000005], [-43.1786868, -22.967118699999997], [-43.1786393, -22.9670943], [-43.17864310000001, -22.967087999999997], [-43.1785728, -22.967051899999994], [-43.1785686, -22.967058800000004], [-43.1785185, -22.9670331], [-43.1785223, -22.967026800000006], [-43.1784821, -22.9670061], [-43.1784895, -22.966993799999997], [-43.178483, -22.966990499999998], [-43.1784505, -22.96704360000001], [-43.178461, -22.9670496], [-43.1784368, -22.9670898], [-43.1784416, -22.9670925], [-43.178646300000004, -22.9672051], [-43.1786744, -22.96716199999999], [-43.1786859, -22.967167299999996], [-43.1787235, -22.967153], [-43.17879400000001, -22.96718939999999], [-43.1788512, -22.967218899999992], [-43.1788561, -22.967257800000002], [-43.1788668, -22.967262500000004], [-43.1788305, -22.967319400000004], [-43.1790337, -22.96742890000001], [-43.1793037, -22.967575599999993], [-43.1793243, -22.967585500000002], [-43.1793346, -22.967590400000006], [-43.1795886, -22.967171199999996], [-43.1795563, -22.967154499999992], [-43.17955270000001, -22.967152600000002], [-43.1793392, -22.967514999999995]]]}}, {"type": "Feature", "properties": {"osm_id": "way/1434756876", "building": "roof", "layer": "1"}, "geometry": {"type": "Polygon", "coordinates": [[[-43.1788512, -22.967218899999992], [-43.17879400000001, -22.96718939999999], [-43.1787235, -22.967153], [-43.1786859, -22.967167299999996], [-43.1788561, -22.967257800000002], [-43.1788512, -22.967218899999992]]]}}, {"type": "Feature", "properties": {"osm_id": "way/1434756877", "building": "roof", "layer": "1"}, "geometry": {"type": "Polygon", "coordinates": [[[-43.1793408, -22.967451699999998], [-43.1791868, -22.9673707], [-43.1792013, -22.96734800000001], [-43.179142, -22.967317299999998], [-43.1791802, -22.967254100000005], [-43.1791846, -22.9672561], [-43.1791991, -22.9672322], [-43.1791956, -22.967229800000002], [-43.1792796, -22.9670913], [-43.1792643, -22.967083699999993], [-43.1792411, -22.9671221], [-43.1792477, -22.967125499999995], [-43.1792195, -22.967172199999997], [-43.179212, -22.9671684], [-43.1791665, -22.9672437], [-43.1791737, -22.967247399999994], [-43.1791452, -22.967294600000006], [-43.1791386, -22.96729119999999], [-43.1791142, -22.967331600000005], [-43.1791198, -22.967333999999994], [-43.1790938, -22.967376299999998], [-43.1793105, -22.967498900000002], [-43.1793408, -22.967451699999998]]]}}, {"type": "Feature", "properties": {"osm_id": "way/1434756879", "building": "roof", "layer": "1"}, "geometry": {"type": "Polygon", "coordinates": [[[-43.1792504, -22.966582600000002], [-43.1792467, -22.966572700000008], [-43.1792398, -22.966566000000004], [-43.1792106, -22.966551400000004], [-43.1792024, -22.966540299999995], [-43.1791872, -22.96653120000001], [-43.1791703, -22.9665241], [-43.1791591, -22.966523500000005], [-43.1791256, -22.9665073], [-43.1791107, -22.966508500000007], [-43.1791019, -22.96651369999999], [-43.17909680000001, -22.966520799999998], [-43.179251, -22.966600000000003], [-43.1792504, -22.966582600000002]]]}}, {"type": "Feature", "properties": {"osm_id": "way/1434756880", "building": "yes", "building:part": "yes", "layer": "1"}, "geometry": {"type": "Polygon", "coordinates": [[[-43.1790804, -22.9667577], [-43.1791391, -22.9667864], [-43.1791778, -22.966722899999997], [-43.1792381, -22.966624599999996], [-43.179251, -22.966600000000003], [-43.17909680000001, -22.966520799999998], [-43.179084, -22.966542000000004], [-43.1790241, -22.966640899999998], [-43.1789834, -22.966707899999992], [-43.1790804, -22.9667577]]]}}, {"type": "Feature", "properties": {"osm_id": "way/1434756881", "building": "yes", "building:part": "yes", "layer": "1"}, "geometry": {"type": "Polygon", "coordinates": [[[-43.1791778, -22.966722899999997], [-43.1794242, -22.966851100000003], [-43.1794803, -22.966758899999995], [-43.1794825, -22.966755299999996], [-43.1792381, -22.966624599999996], [-43.1791778, -22.966722899999997]]]}}, {"type": "Feature", "properties": {"osm_id": "way/1434756882", "building": "yes", "building:part": "yes", "layer": "1"}, "geometry": {"type": "Polygon", "coordinates": [[[-43.1787746, -22.966508799999996], [-43.1790241, -22.966640899999998], [-43.179084, -22.966542000000004], [-43.1788333, -22.9664096], [-43.1787746, -22.966508799999996]]]}}, {"type": "Feature", "properties": {"osm_id": "way/1434756883", "building": "yes", "building:part": "yes", "layer": "1"}, "geometry": {"type": "Polygon", "coordinates": [[[-43.179016000000004, -22.966888399999988], [-43.1790051, -22.966883], [-43.1788992, -22.966828999999997], [-43.1788646, -22.9668848], [-43.1789286, -22.966917600000002], [-43.1789653, -22.9669376], [-43.1790255, -22.966968499999993], [-43.1790426, -22.9669392], [-43.1790614, -22.966948399999996], [-43.1791035, -22.96693249999999], [-43.1791484, -22.966857199999996], [-43.1791083, -22.966837199999997], [-43.1790591, -22.966812999999995], [-43.179016000000004, -22.966888399999988]]]}}, {"type": "Feature", "properties": {"osm_id": "way/1434756884", "building": "yes", "layer": "1"}, "geometry": {"type": "Polygon", "coordinates": [[[-43.1791083, -22.966837199999997], [-43.1791484, -22.966857199999996], [-43.1791578, -22.966845799999998], [-43.1791689, -22.966839499999995], [-43.1791785, -22.966835599999996], [-43.1791919, -22.966836299999994], [-43.1792045, -22.966839899999997], [-43.1792168, -22.966845800000005], [-43.1792263, -22.966829599999997], [-43.1791391, -22.9667864], [-43.1791083, -22.966837199999997]]]}}, {"type": "Feature", "properties": {"osm_id": "way/1434756885", "building": "hotel"}, "geometry": {"type": "Polygon", "coordinates": [[[-43.1794093, -22.96707809999999], [-43.17955270000001, -22.967152600000002], [-43.1795563, -22.967154499999992], [-43.1795886, -22.967171199999996], [-43.179628, -22.967191699999997], [-43.1796422, -22.967168499999993], [-43.1796859, -22.96709720000001], [-43.1797163, -22.9670476], [-43.1797262, -22.967031400000003], [-43.1797402, -22.967008599999996], [-43.1797666, -22.966965499999993], [-43.1797816, -22.966941100000007], [-43.1797935, -22.966921700000007], [-43.1797203, -22.966883699999993], [-43.1795775, -22.966809499999993], [-43.1795069, -22.9667728], [-43.1794969, -22.9667891], [-43.1794552, -22.966857199999996], [-43.1794081, -22.966934100000003], [-43.1793657, -22.966912099999995], [-43.1793096, -22.967003800000004], [-43.1793506, -22.9670251], [-43.179340100000005, -22.9670422], [-43.1794093, -22.96707809999999]]]}}, {"type": "Feature", "properties": {"osm_id": "way/1434756886", "building": "hotel", "layer": "1"}, "geometry": {"type": "Polygon", "coordinates": [[[-43.17972610000001, -22.967011300000003], [-43.1797342, -22.9670113], [-43.1797402, -22.967008599999996], [-43.1797666, -22.966965499999993], [-43.1797816, -22.966941100000007], [-43.1797807, -22.966932200000002], [-43.1797782, -22.9669275], [-43.179714, -22.966894999999997], [-43.1797203, -22.966883699999993], [-43.1795775, -22.966809499999993], [-43.179572, -22.966817699999996], [-43.1795124, -22.966786599999995], [-43.1795048, -22.966785199999997], [-43.1794969, -22.9667891], [-43.1794552, -22.966857199999996], [-43.1794548, -22.966865599999995], [-43.1794568, -22.9668712], [-43.1794826, -22.966885199999997], [-43.1794745, -22.966899100000003], [-43.1795048, -22.9669154], [-43.1794801, -22.966956399999997], [-43.17944620000001, -22.966940100000006], [-43.1794376, -22.966956399999997], [-43.1794093, -22.966943299999997], [-43.179402800000005, -22.966944299999994], [-43.1793967, -22.966948499999994], [-43.1793543, -22.9670182], [-43.1793543, -22.967028499999998], [-43.1793563, -22.9670336], [-43.1794169, -22.9670647], [-43.1794093, -22.96707809999999], [-43.17955270000001, -22.967152600000002], [-43.1795563, -22.967154499999992], [-43.1795639, -22.967141499999997], [-43.17962000000001, -22.967171299999997], [-43.1796321, -22.96717219999999], [-43.1796422, -22.967168499999993], [-43.1796859, -22.96709720000001], [-43.1796862, -22.9670885], [-43.1796822, -22.967082], [-43.179664, -22.967073100000004], [-43.1797069, -22.967001], [-43.17972610000001, -22.967011300000003]]]}}, {"type": "Feature", "properties": {"osm_id": "way/1434756887", "building": "roof", "layer": "1"}, "geometry": {"type": "Polygon", "coordinates": [[[-43.1792764, -22.967618], [-43.1793037, -22.967575599999993], [-43.1790337, -22.96742890000001], [-43.17901260000001, -22.967461899999993], [-43.1790065, -22.967471400000004], [-43.1792764, -22.967618]]]}}, {"type": "Feature", "properties": {"osm_id": "way/1434756888", "building": "roof", "layer": "1"}, "geometry": {"type": "Polygon", "coordinates": [[[-43.1793037, -22.967575599999993], [-43.1792764, -22.967618], [-43.1792971, -22.9676289], [-43.1793243, -22.967585500000002], [-43.1793037, -22.967575599999993]]]}}, {"type": "Feature", "properties": {"osm_id": "way/1434756889", "building": "yes", "layer": "1"}, "geometry": {"type": "Polygon", "coordinates": [[[-43.1792316, -22.966898099999995], [-43.1791933, -22.966962299999995], [-43.1792679, -22.967000000000002], [-43.1793061, -22.9669357], [-43.1792316, -22.966898099999995]]]}}, {"type": "Feature", "properties": {"osm_id": "way/1493408513", "addr:city": "Rio de Janeiro", "addr:housenumber": "13", "addr:postcode": "22051-012", "addr:street": "R. Constante Ramos", "addr:suburb": "Copacabana", "amenity": "restaurant", "building": "yes", "name": "Baby Lanches"}, "geometry": {"type": "Polygon", "coordinates": [[[-43.1876381, -22.974813300000008], [-43.1876723, -22.9748782], [-43.1878359, -22.97478389999999], [-43.1877968, -22.974722699999997], [-43.1877932, -22.974724799999994], [-43.1876381, -22.974813300000008]]]}}]}