{"type": "FeatureCollection", "features": [{"type": "Feature", "properties": {"osm_id": "way/70574890", "natural": "coastline", "source": "IPP"}, "geometry": {"type": "LineString", "coordinates": [[-43.18764094241672, -22.977623756944524], [-43.1875992, -22.9775683], [-43.1874999, -22.977437400000003], [-43.1874034, -22.977296699999993], [-43.1872532, -22.977123799999998], [-43.1870882, -22.976981799999997], [-43.1869474, -22.9768608], [-43.1868549, -22.9767707], [-43.1867784, -22.9767065], [-43.186702, -22.9766447], [-43.1865853, -22.976545999999992], [-43.1864673, -22.976413899999994], [-43.1863544, -22.976289300000005], [-43.1862246, -22.976119999999998], [-43.1861119, -22.975974299999994], [-43.1860489, -22.9758866], [-43.1859329, -22.975747099999996], [-43.1857967, -22.975552], [-43.1857109, -22.975426100000004], [-43.1856385, -22.9753125], [-43.185558, -22.975196399999994], [-43.1853837, -22.974943299999996], [-43.1852187, -22.9746914], [-43.1851651, -22.974608700000005], [-43.1850779, -22.9745013], [-43.1849438, -22.9743753], [-43.1847949, -22.974188899999998], [-43.1846823, -22.974037000000003], [-43.1845884, -22.9739333], [-43.1845227, -22.973875299999996], [-43.1843993, -22.973769099999995], [-43.1842035, -22.973557900000003], [-43.184052, -22.973383799999993], [-43.1839447, -22.973276399999996], [-43.1838173, -22.973156700000004], [-43.1837489, -22.973082599999998], [-43.1836282, -22.972954199999997], [-43.1835423, -22.972875100000003], [-43.1835048, -22.972836900000004], [-43.1834672, -22.972798599999997], [-43.1834283, -22.9727615], [-43.1833358, -22.9726825], [-43.183254, -22.972605999999992], [-43.1831856, -22.9725479], [-43.183130600000005, -22.972492399999997], [-43.1830663, -22.972434299999996], [-43.1829777, -22.972349099999995], [-43.1828919, -22.972257799999998], [-43.1828255, -22.972201600000005], [-43.1827444, -22.972136800000005], [-43.1826619, -22.9720756], [-43.182562, -22.972005899999996], [-43.1822079, -22.9717046], [-43.181937, -22.971482300000005], [-43.1813443, -22.971032899999997], [-43.179951398764885, -22.970065712514383]]}}, {"type": "Feature", "properties": {"osm_id": "way/95580761", "source": "Bing", "waterway": "stream"}, "geometry": {"type": "LineString", "coordinates": [[-43.1873745, -22.975788300000005], [-43.1863544, -22.976289300000005]]}}, {"type": "Feature", "properties": {"osm_id": "way/115811471", "waterway": "stream"}, "geometry": {"type": "LineString", "coordinates": [[-43.1855419, -22.973229500000002], [-43.1845884, -22.9739333]]}}, {"type": "Feature", "properties": {"osm_id": "way/622500512", "intermittent": "yes", "name": "Córrego Pluvial Águas de Março", "waterway": "stream"}, "geometry": {"type": "LineString", "coordinates": [[-43.1872808, -22.964972199999995], [-43.1876521, -22.965194699999998], [-43.1876684, -22.965307599999996], [-43.1876859, -22.9653292]]}}, {"type": "Feature", "properties": {"osm_id": "way/41440878", "leisure": "park", "name": "Praça Manuel Campos da Paz"}, "geometry": {"type": "Polygon", "coordinates": [[[-43.1816117, -22.966003000000004], [-43.1812195, -22.965736800000002], [-43.1814164, -22.966233500000005], [-43.1816117, -22.966003000000004]]]}}, {"type": "Feature", "properties": {"osm_id": "way/61015355", "IPP:CADASTRAL": "287E", "IPP:CODIGO": "22960", "IPP:COD_QUADRA": "287E22960", "landuse": "residential", "source": "IPP"}, "geometry": {"type": "Polygon", "coordinates": [[[-43.1906283, -22.971561299999998], [-43.19062460000001, -22.971548200000008], [-43.1902988, -22.971205], [-43.1902092, -22.971110799999995], [-43.1901069, -22.971002999999996], [-43.1900219, -22.970913500000005], [-43.18992860000001, -22.9708152], [-43.1899117, -22.970812900000002], [-43.1898137, -22.970898300000005], [-43.18973530000001, -22.9709666], [-43.1896332, -22.971055599999996], [-43.1894845, -22.971185199999997], [-43.1893711, -22.971283999999994], [-43.1895279, -22.9714523], [-43.1895994, -22.9715289], [-43.1899501, -22.971905100000008], [-43.1900285, -22.971989300000008], [-43.1900415, -22.972003199999996], [-43.1900555, -22.972008199999998], [-43.1906242, -22.9715767], [-43.1906283, -22.971561299999998]]]}}, {"type": "Feature", "properties": {"osm_id": "way/61015356", "IPP:CADASTRAL": "287E", "IPP:CODIGO": "22999", "IPP:COD_QUADRA": "287E22999", "landuse": "residential", "source": "IPP"}, "geometry": {"type": "Polygon", "coordinates": [[[-43.1898969, -22.9791119], [-43.1898844, -22.9790986], [-43.1898521, -22.979095099999995], [-43.18947, -22.979178900000008], [-43.1894327, -22.979199999999995], [-43.189421, -22.979214699999996], [-43.189409, -22.979268899999997], [-43.1894287, -22.9793223], [-43.1894897, -22.979308299999996], [-43.18953844351951, -22.97948862986807], [-43.18996424749976, -22.979907102271575], [-43.1900531, -22.979903399999994], [-43.1900709, -22.9798896], [-43.190082700000005, -22.9798595], [-43.1898969, -22.9791119]]]}}, {"type": "Feature", "properties": {"osm_id": "way/61015357", "IPP:CADASTRAL": "287F", "IPP:CODIGO": "23152", "IPP:COD_QUADRA": "287F23152", "landuse": "residential", "source": "IPP"}, "geometry": {"type": "Polygon", "coordinates": [[[-43.1835895, -22.97071439999999], [-43.1836107, -22.970696499999992], [-43.18362570000001, -22.970698199999998], [-43.1837626, -22.9708124], [-43.1838258, -22.970872600000007], [-43.1840271, -22.971047999999993], [-43.1845024, -22.971462299999995], [-43.1846157, -22.971560999999994], [-43.184634, -22.971576000000002], [-43.1845953, -22.971614100000004], [-43.184598, -22.971631], [-43.1846154, -22.9716499], [-43.1846384, -22.9716585], [-43.1846919, -22.971654999999995], [-43.1847187, -22.971633699999998], [-43.1851993, -22.971070700000002], [-43.1851993, -22.971056000000004], [-43.1840113, -22.9700171], [-43.1839734, -22.970020900000005], [-43.1836002, -22.970460299999992], [-43.1835085, -22.970587999999992], [-43.1835052, -22.9706551], [-43.1835637, -22.97072049999999], [-43.1835765, -22.970708399999996], [-43.1835895, -22.97071439999999]]]}}, {"type": "Feature", "properties": {"osm_id": "way/61015359", "IPP:CADASTRAL": "287E", "IPP:CODIGO": "23000", "IPP:COD_QUADRA": "287E23000", "landuse": "residential", "source": "IPP"}, "geometry": {"type": "Polygon", "coordinates": [[[-43.1914522, -22.978665], [-43.1914571, -22.978647], [-43.1913813, -22.9783419], [-43.19124930000001, -22.977875800000007], [-43.1912335, -22.977864099999998], [-43.1911914, -22.977855799999993], [-43.1907429, -22.9779558], [-43.1907135, -22.977978699999998], [-43.1906996, -22.978008499999998], [-43.1908905, -22.978751700000004], [-43.1909013, -22.978766999999998], [-43.190929600000004, -22.978785399999996], [-43.19094870000001, -22.978788399999996], [-43.1914395, -22.978678799999997], [-43.1914522, -22.978665]]]}}, {"type": "Feature", "properties": {"osm_id": "way/61015361", "IPP:CADASTRAL": "287E", "IPP:CODIGO": "22974", "IPP:COD_QUADRA": "287E22974", "landuse": "residential", "source": "IPP"}, "geometry": {"type": "Polygon", "coordinates": [[[-43.1928415, -22.977388499999996], [-43.1932852, -22.977179099999997], [-43.1933905, -22.977129499999993], [-43.1935068, -22.9770746], [-43.1936674, -22.9769988], [-43.1937029, -22.9769443], [-43.1937233, -22.97691279999999], [-43.193722300000005, -22.976874200000005], [-43.1937011, -22.9767712], [-43.1936586, -22.9765643], [-43.1935921, -22.976241], [-43.193552, -22.9762267], [-43.1926278, -22.9764399], [-43.1925512, -22.976469799999997], [-43.1927983, -22.977404999999997], [-43.1928165, -22.9773988], [-43.1928415, -22.977388499999996]]]}}, {"type": "Feature", "properties": {"osm_id": "way/61015362", "IPP:CADASTRAL": "287F", "IPP:CODIGO": "23158", "IPP:COD_QUADRA": "287F23158", "landuse": "residential", "source": "IPP"}, "geometry": {"type": "Polygon", "coordinates": [[[-43.1877838, -22.965516099999995], [-43.1876986, -22.9654891], [-43.1876722, -22.965485800000003], [-43.1876508, -22.9654928], [-43.187512, -22.965602500000003], [-43.1875244, -22.9656171], [-43.1873359, -22.965780199999998], [-43.1872167, -22.96590649999999], [-43.1871937, -22.965907799999997], [-43.1870588, -22.966050100000007], [-43.186936, -22.966208200000004], [-43.186682000000005, -22.966549099999998], [-43.18668160000001, -22.9665686], [-43.1866928, -22.9665795], [-43.1867543, -22.966567800000007], [-43.1873738, -22.966230099999997], [-43.1877387, -22.966031099999995], [-43.1879561, -22.965899899999997], [-43.1880932, -22.965804799999994], [-43.18819860000001, -22.9657256], [-43.1884307, -22.965534400000006], [-43.1884199, -22.965499800000003], [-43.1883824, -22.965480099999997], [-43.1882952, -22.965456599999996], [-43.1882241, -22.965429399999994], [-43.1881759, -22.965434399999996], [-43.1880801, -22.9655056], [-43.1880458, -22.965532499999995], [-43.1879967, -22.9655544], [-43.1879262, -22.965562000000002], [-43.1878619, -22.9655435], [-43.1877838, -22.965516099999995]]]}}, {"type": "Feature", "properties": {"osm_id": "way/61015364", "IPP:CADASTRAL": "287E", "IPP:CODIGO": "22967", "IPP:COD_QUADRA": "287E22967", "landuse": "residential", "source": "IPP"}, "geometry": {"type": "Polygon", "coordinates": [[[-43.1897467, -22.974858999999995], [-43.1896095, -22.974905399999994], [-43.189595, -22.974926200000002], [-43.1895937, -22.974954699999998], [-43.1900891, -22.9758285], [-43.1901215, -22.975836100000002], [-43.1911047, -22.9757691], [-43.1911264, -22.9757538], [-43.1911326, -22.975739899999994], [-43.1904851, -22.9746541], [-43.1897467, -22.974858999999995]]]}}, {"type": "Feature", "properties": {"osm_id": "way/61015365", "IPP:CADASTRAL": "287F", "IPP:CODIGO": "23151", "IPP:COD_QUADRA": "287F23151", "landuse": "residential", "source": "IPP"}, "geometry": {"type": "Polygon", "coordinates": [[[-43.1804602, -22.964192599999997], [-43.1804826, -22.9641924], [-43.1805327, -22.964147099999998], [-43.18065163565919, -22.964011173295237], [-43.18044040703276, -22.964195432376847], [-43.1804455, -22.96419569999999], [-43.1804602, -22.964192599999997]]]}}, {"type": "Feature", "properties": {"osm_id": "way/61015366", "IPP:CADASTRAL": "287F", "IPP:CODIGO": "23169", "IPP:COD_QUADRA": "287F23169", "landuse": "residential", "source": "IPP"}, "geometry": {"type": "Polygon", "coordinates": [[[-43.179013, -22.966157500000005], [-43.1790072, -22.966187199999997], [-43.17901260000001, -22.966216999999993], [-43.1790285, -22.9662434], [-43.1790503, -22.9662617], [-43.1791656, -22.9663298], [-43.1793967, -22.9664557], [-43.1795422, -22.966534899999996], [-43.17983360000001, -22.966703600000002], [-43.179953, -22.966765399999993], [-43.18007250000001, -22.966827199999997], [-43.1801482, -22.9668664], [-43.1802611, -22.966924800000005], [-43.1803235, -22.966956999999997], [-43.1803667, -22.9669794], [-43.1804351, -22.967005999999994], [-43.1805301, -22.9670314], [-43.1805869, -22.967039399999994], [-43.1806279, -22.967045199999998], [-43.1807, -22.9670479], [-43.1808811, -22.967054599999994], [-43.180957, -22.9670586], [-43.1811365, -22.9670681], [-43.1813676, -22.967073600000006], [-43.1814114, -22.9670668], [-43.181456, -22.967046299999993], [-43.1814918, -22.967014100000004], [-43.1815152, -22.9669734], [-43.18152400000001, -22.966927899999998], [-43.1815173, -22.96688219999999], [-43.1814419, -22.9667041], [-43.1813434, -22.966371], [-43.1811196, -22.965713], [-43.1810962, -22.9656777], [-43.1810678, -22.965652699999996], [-43.18089, -22.965558699999995], [-43.1808566, -22.9655578], [-43.1808294, -22.965578299999994], [-43.1807223, -22.965777699999997], [-43.1806671, -22.9658806], [-43.18065740000001, -22.965898699999997], [-43.1806482, -22.9659316], [-43.1806531, -22.9659625], [-43.1806701, -22.9659895], [-43.1807964, -22.9660894], [-43.18085550000001, -22.966152299999997], [-43.1808994, -22.966225100000003], [-43.1809263, -22.966304699999995], [-43.18094130000001, -22.966476399999998], [-43.1809278, -22.9666091], [-43.1808934, -22.966709399999996], [-43.18086, -22.966755499999994], [-43.1808248, -22.966788399999995], [-43.1807389, -22.9668353], [-43.1806908, -22.966847899999998], [-43.1806309, -22.966852500000005], [-43.1805901, -22.966847299999998], [-43.1804634, -22.966831], [-43.1803461, -22.966795000000005], [-43.1803039, -22.966782100000003], [-43.1802938, -22.966779000000002], [-43.1802212, -22.966744099999996], [-43.1801323, -22.966682100000003], [-43.1798447, -22.966373500000007], [-43.1798311, -22.9663406], [-43.1798346, -22.966308000000005], [-43.1798869, -22.9662489], [-43.1799798, -22.9661943], [-43.1800379, -22.966176199999996], [-43.1800985, -22.966167600000002], [-43.180172, -22.966169999999995], [-43.1802549, -22.9661904], [-43.180411, -22.9662668], [-43.18054, -22.966329899999998], [-43.180616400000005, -22.966398299999994], [-43.1806374, -22.9664308], [-43.1806435, -22.9664606], [-43.180636, -22.966496200000005], [-43.1806159, -22.966523900000002], [-43.1805831, -22.966543700000003], [-43.1805444, -22.9665496], [-43.1804951, -22.966534199999987], [-43.180462, -22.9664972], [-43.1804541, -22.966458400000004], [-43.1804742, -22.9664018], [-43.180466700000004, -22.966375200000005], [-43.1803924, -22.966322100000003], [-43.1803134, -22.966284200000004], [-43.1802418, -22.966261600000003], [-43.1801661, -22.9662476], [-43.1800313, -22.966246], [-43.1800022, -22.966254500000005], [-43.1799779, -22.966271700000004], [-43.1799601, -22.9662981], [-43.1799543, -22.966322999999992], [-43.1799578, -22.9663511], [-43.1799752, -22.966380899999997], [-43.1801559, -22.966564399999992], [-43.1802416, -22.96665139999999], [-43.1803642, -22.9667277], [-43.1804369, -22.966756799999995], [-43.180498, -22.9667723], [-43.1805767, -22.966780299999996], [-43.1806399, -22.966777499999992], [-43.1807174, -22.966762500000005], [-43.1807664, -22.9667416], [-43.1808072, -22.966708899999997], [-43.1808368, -22.966667099999995], [-43.1808504, -22.966566199999992], [-43.1808154, -22.966264700000004], [-43.1808001, -22.9662236], [-43.180769100000006, -22.96618399999999], [-43.180638300000005, -22.966095300000006], [-43.1806034, -22.966071600000003], [-43.1805336, -22.9660405], [-43.1805021, -22.9660264], [-43.1800643, -22.965831200000004], [-43.1800452, -22.965815599999992], [-43.1800351, -22.965792], [-43.1800375, -22.9657685], [-43.1800537, -22.965745800000004], [-43.1800779, -22.9657341], [-43.1801034, -22.96573379999999], [-43.1801293, -22.9657472], [-43.1802787, -22.9658248], [-43.1804173, -22.965896699999995], [-43.1804457, -22.96590279999999], [-43.1804647, -22.965905199999998], [-43.1804958, -22.965882], [-43.1804979, -22.965858899999997], [-43.1805582, -22.9657751], [-43.1806521, -22.9656181], [-43.1807364, -22.965501399999997], [-43.1807309, -22.9654678], [-43.1807236, -22.965443099999998], [-43.180704600000006, -22.9654244], [-43.1805708, -22.96534329999999], [-43.179874, -22.964920799999998], [-43.179839, -22.96491469999999], [-43.1797999, -22.9649201], [-43.1797682, -22.9649352], [-43.1797408, -22.9649617], [-43.1796212, -22.965143299999998], [-43.1795661, -22.965237199999997], [-43.1794843, -22.9653767], [-43.1794093, -22.965504500000005], [-43.1793488, -22.9656076], [-43.1792864, -22.965713900000008], [-43.1792204, -22.9658265], [-43.1791464, -22.96595260000001], [-43.1790141, -22.9661546], [-43.179013, -22.966157500000005]]]}}, {"type": "Feature", "properties": {"osm_id": "way/61015367", "IPP:CADASTRAL": "287E", "IPP:CODIGO": "22994", "IPP:COD_QUADRA": "287E22994", "landuse": "residential", "source": "IPP"}, "geometry": {"type": "Polygon", "coordinates": [[[-43.1894115, -22.9682454], [-43.1894469, -22.96816129999999], [-43.1895521, -22.96805], [-43.1898915, -22.967634999999998], [-43.1898627, -22.967604199999993], [-43.1895699, -22.967369899999998], [-43.1886575, -22.968449000000003], [-43.1894401, -22.968974099999997], [-43.19074690378849, -22.967508493560263], [-43.190405234602736, -22.967172684254418], [-43.1899844, -22.9676291], [-43.1899509, -22.967704899999998], [-43.1895752, -22.968129799999996], [-43.1895642, -22.9681984], [-43.1895801, -22.9682946], [-43.1895262, -22.9683192], [-43.1894704, -22.968305799999992], [-43.1894115, -22.9682454]]]}}, {"type": "Feature", "properties": {"osm_id": "way/61015369", "IPP:CADASTRAL": "287E", "IPP:CODIGO": "22966", "IPP:COD_QUADRA": "287E22966", "landuse": "residential", "source": "IPP"}, "geometry": {"type": "Polygon", "coordinates": [[[-43.1898969, -22.975867799999996], [-43.1899187, -22.975854799999993], [-43.1899353, -22.975818600000004], [-43.1899024, -22.9757534], [-43.1894582, -22.974981299999996], [-43.1894279, -22.974963199999994], [-43.1894051, -22.9749603], [-43.1889281, -22.975105200000005], [-43.1885359, -22.9752123], [-43.188518, -22.9752205], [-43.1885113, -22.975239699999996], [-43.1889807, -22.9759179], [-43.1889947, -22.975922200000003], [-43.1898328, -22.975872999999993], [-43.1898969, -22.975867799999996]]]}}, {"type": "Feature", "properties": {"osm_id": "way/61015371", "IPP:CADASTRAL": "287E", "IPP:CODIGO": "22983", "IPP:COD_QUADRA": "287E22983", "landuse": "residential", "source": "IPP"}, "geometry": {"type": "Polygon", "coordinates": [[[-43.1891284, -22.967758500000002], [-43.1891306, -22.967728199999993], [-43.1886185, -22.967347000000004], [-43.1885956, -22.967342699999993], [-43.1885598, -22.967349500000005], [-43.1884433, -22.967474900000006], [-43.1880024, -22.968013799999994], [-43.1880153, -22.968042299999997], [-43.1885697, -22.96839509999999], [-43.1885851, -22.968390399999997], [-43.1891284, -22.967758500000002]]]}}, {"type": "Feature", "properties": {"osm_id": "way/61015374", "IPP:CADASTRAL": "287F", "IPP:CODIGO": "23159", "IPP:COD_QUADRA": "287F23159", "landuse": "residential", "source": "IPP"}, "geometry": {"type": "Polygon", "coordinates": [[[-43.1880068, -22.974479699999996], [-43.1880702, -22.974450599999997], [-43.188058, -22.974424899999992], [-43.188707, -22.974047999999993], [-43.1887405, -22.97408049999999], [-43.1888113, -22.974051099999993], [-43.1888378, -22.974011100000002], [-43.1888391, -22.973981099999996], [-43.187531, -22.9719965], [-43.1872963, -22.971669999999992], [-43.1872449, -22.971613800000004], [-43.1872272, -22.971605999999998], [-43.18717, -22.971616300000004], [-43.18665750000001, -22.9721695], [-43.1866481, -22.9721802], [-43.1866429, -22.9722146], [-43.1872625, -22.973245199999997], [-43.1879888, -22.9744764], [-43.1880068, -22.974479699999996]]]}}, {"type": "Feature", "properties": {"osm_id": "way/61015377", "IPP:CADASTRAL": "287F", "IPP:CODIGO": "23153", "IPP:COD_QUADRA": "287F23153", "landuse": "residential", "source": "IPP"}, "geometry": {"type": "Polygon", "coordinates": [[[-43.1869352, -22.9690448], [-43.186946, -22.969024999999995], [-43.1869356, -22.9690129], [-43.1857323, -22.968211099999994], [-43.1855328, -22.968083600000003], [-43.1855058, -22.9680836], [-43.1853526, -22.968267099999995], [-43.1853427, -22.968283100000004], [-43.1853458, -22.9682976], [-43.1866881, -22.969173799999997], [-43.18676, -22.969211500000004], [-43.1867961, -22.9692101], [-43.1869352, -22.9690448]]]}}, {"type": "Feature", "properties": {"osm_id": "way/61015379", "IPP:CADASTRAL": "287E", "IPP:CODIGO": "23022", "IPP:COD_QUADRA": "287E23022", "landuse": "residential", "source": "IPP"}, "geometry": {"type": "Polygon", "coordinates": [[[-43.1907235, -22.97997219999999], [-43.190048451601236, -22.979989856107785], [-43.19039089275009, -22.98032639788206], [-43.19079851935762, -22.979970816497964], [-43.1907235, -22.97997219999999]]]}}, {"type": "Feature", "properties": {"osm_id": "way/61015380", "IPP:CADASTRAL": "287F", "IPP:CODIGO": "23162", "IPP:COD_QUADRA": "287F23162", "landuse": "residential", "source": "IPP"}, "geometry": {"type": "Polygon", "coordinates": [[[-43.1870251, -22.9689599], [-43.1872917, -22.968641799999993], [-43.1872812, -22.968595899999993], [-43.1858471, -22.96766029999999], [-43.1857942, -22.967705200000005], [-43.1855772, -22.9679991], [-43.1855851, -22.96803769999999], [-43.1869756, -22.9689636], [-43.1870092, -22.968963399999996], [-43.1870251, -22.9689599]]]}}, {"type": "Feature", "properties": {"osm_id": "way/61015382", "IPP:CADASTRAL": "287E", "IPP:CODIGO": "22976", "IPP:COD_QUADRA": "287E22976", "landuse": "residential", "source": "IPP"}, "geometry": {"type": "Polygon", "coordinates": [[[-43.1915368, -22.977711], [-43.191622, -22.9776911], [-43.1916392, -22.9776802], [-43.1914153, -22.976771100000004], [-43.1914088, -22.9767493], [-43.1913903, -22.9767308], [-43.1913725, -22.976731499999993], [-43.1903887, -22.97696119999999], [-43.1906244, -22.9778634], [-43.1906892, -22.977891700000004], [-43.1907112, -22.977894599999985], [-43.190789, -22.977876399999996], [-43.1915368, -22.977711]]]}}, {"type": "Feature", "properties": {"osm_id": "way/61015383", "IPP:CADASTRAL": "287F", "IPP:CODIGO": "23134", "IPP:COD_QUADRA": "287F23134", "landuse": "residential", "source": "IPP"}, "geometry": {"type": "Polygon", "coordinates": [[[-43.1834786, -22.967266], [-43.1834761, -22.967247899999993], [-43.1826323, -22.9667092], [-43.182613, -22.966710599999995], [-43.1825918, -22.9667263], [-43.1820638, -22.967343300000003], [-43.182062, -22.9673929], [-43.1820866, -22.967428599999998], [-43.182892100000004, -22.967951300000003], [-43.1829151, -22.967951700000004], [-43.1829401, -22.967938499999992], [-43.1834743, -22.9672835], [-43.1834786, -22.967266]]]}}, {"type": "Feature", "properties": {"osm_id": "way/61015386", "IPP:CADASTRAL": "287E", "IPP:CODIGO": "22972", "IPP:COD_QUADRA": "287E22972", "landuse": "residential", "source": "IPP"}, "geometry": {"type": "Polygon", "coordinates": [[[-43.1924117, -22.976399], [-43.192437, -22.9763927], [-43.1922948, -22.975799], [-43.1922784, -22.975776399999997], [-43.1912666, -22.975853000000004], [-43.19145, -22.9766113], [-43.1914863, -22.976608200000005], [-43.1924117, -22.976399]]]}}, {"type": "Feature", "properties": {"osm_id": "way/61015387", "IPP:CADASTRAL": "287F", "IPP:CODIGO": "23127", "IPP:COD_QUADRA": "287F23127", "landuse": "residential", "source": "IPP"}, "geometry": {"type": "Polygon", "coordinates": [[[-43.1794582, -22.965132700000005], [-43.17957863252896, -22.964947167528354], [-43.179338907186455, -22.965156280091335], [-43.1793717, -22.965171999999995], [-43.1794238, -22.9651549], [-43.1794582, -22.965132700000005]]]}}, {"type": "Feature", "properties": {"osm_id": "way/61015388", "IPP:CADASTRAL": "287E23", "IPP:CODIGO": "22981", "IPP:COD_QUADRA": "287E22981", "landuse": "residential"}, "geometry": {"type": "Polygon", "coordinates": [[[-43.1889443, -22.966622300000004], [-43.1892012, -22.966292799999998], [-43.1892286, -22.966241899999996], [-43.1892132, -22.966190299999997], [-43.1885863, -22.9656155], [-43.18855, -22.965598599999993], [-43.1885031, -22.9656048], [-43.1881571, -22.965915999999993], [-43.188137, -22.9659629], [-43.188149, -22.966001199999994], [-43.1888773, -22.966629699999995], [-43.1889091, -22.9666359], [-43.1889443, -22.966622300000004]]]}}, {"type": "Feature", "properties": {"osm_id": "way/61015390", "IPP:CADASTRAL": "287E", "IPP:CODIGO": "22963", "IPP:COD_QUADRA": "287E22963", "landuse": "residential", "source": "IPP"}, "geometry": {"type": "Polygon", "coordinates": [[[-43.188533, -22.975157499999998], [-43.18936740000001, -22.974914899999995], [-43.18938870000001, -22.974885599999997], [-43.1893803, -22.97485410000001], [-43.1889262, -22.974119999999992], [-43.1888988, -22.974099300000006], [-43.1888523, -22.974101899999994], [-43.1880943, -22.97456040000001], [-43.18808810000001, -22.974575799999997], [-43.1884793, -22.9751722], [-43.1885023, -22.975165200000003], [-43.188533, -22.975157499999998]]]}}, {"type": "Feature", "properties": {"osm_id": "way/61015391", "IPP:CADASTRAL": "287E", "IPP:CODIGO": "22961", "IPP:COD_QUADRA": "287E22961", "landuse": "residential", "source": "IPP"}, "geometry": {"type": "Polygon", "coordinates": [[[-43.1914735, -22.9724748], [-43.19146870000001, -22.97245499999999], [-43.1908972, -22.971842399999996], [-43.1908454, -22.9717868], [-43.1906974, -22.971640600000004], [-43.1906822, -22.971640099999995], [-43.190127100000005, -22.972059499999993], [-43.190126, -22.972090200000004], [-43.1908166, -22.972820199999997], [-43.1908683, -22.972824599999996], [-43.1914735, -22.9724748]]]}}, {"type": "Feature", "properties": {"osm_id": "way/61015394", "IPP:CADASTRAL": "287F", "IPP:CODIGO": "23160", "IPP:COD_QUADRA": "287F23160", "landuse": "residential", "source": "IPP"}, "geometry": {"type": "Polygon", "coordinates": [[[-43.1858336, -22.9703729], [-43.1858736, -22.9703149], [-43.1858844, -22.970286299999994], [-43.1858778, -22.970254400000005], [-43.1847221, -22.969283800000007], [-43.184654, -22.9692309], [-43.1846041, -22.9692346], [-43.1845859, -22.9692452], [-43.1841785, -22.9697429], [-43.1840753, -22.969882399999996], [-43.1840631, -22.969906999999996], [-43.1840674, -22.969928199999995], [-43.1852619, -22.970991099999996], [-43.1852907, -22.97099749999999], [-43.1853199, -22.9709709], [-43.1858336, -22.9703729]]]}}, {"type": "Feature", "properties": {"osm_id": "way/61015397", "IPP:CADASTRAL": "287F", "IPP:CODIGO": "23144", "IPP:COD_QUADRA": "287F23144", "landuse": "residential", "source": "IPP"}, "geometry": {"type": "Polygon", "coordinates": [[[-43.1832817, -22.970500999999995], [-43.1833301, -22.970539999999996], [-43.1833817, -22.9705429], [-43.1834246, -22.970532000000002], [-43.1840074, -22.96978999999999], [-43.1840202, -22.969770300000004], [-43.1840211, -22.969749999999994], [-43.1833293, -22.969296300000003], [-43.1833064, -22.969285900000003], [-43.183287, -22.969288600000002], [-43.18273740000001, -22.9700089], [-43.1827348, -22.970073000000006], [-43.1827415, -22.9700907], [-43.1827811, -22.97012849999999], [-43.1827969, -22.970136199999992], [-43.1828346, -22.970093799999997], [-43.1833194, -22.970458499999992], [-43.183296, -22.970482200000003], [-43.1832817, -22.970500999999995]]]}}, {"type": "Feature", "properties": {"osm_id": "way/61015398", "IPP:CADASTRAL": "287E", "IPP:CODIGO": "22973", "IPP:COD_QUADRA": "287E22973", "landuse": "residential", "source": "IPP"}, "geometry": {"type": "Polygon", "coordinates": [[[-43.1936517, -22.9761035], [-43.1936661, -22.976088299999997], [-43.1936669, -22.976067099999998], [-43.1936067, -22.975859099999997], [-43.1935166, -22.975690999999998], [-43.1934886, -22.9756819], [-43.1934409, -22.975705599999998], [-43.1933793, -22.975721299999993], [-43.1932405, -22.975699399999996], [-43.1930105, -22.9757157], [-43.1928248, -22.975728799999988], [-43.1925824, -22.975745899999996], [-43.1924372, -22.975756199999996], [-43.1923863, -22.975768999999993], [-43.1925216, -22.976365499999996], [-43.1926416, -22.97636689999999], [-43.1931499, -22.976234799999997], [-43.193309, -22.9762003], [-43.1935633, -22.9761368], [-43.193632, -22.9761133], [-43.1936517, -22.9761035]]]}}, {"type": "Feature", "properties": {"osm_id": "way/61015400", "IPP:CADASTRAL": "287E", "IPP:CODIGO": "22987", "IPP:COD_QUADRA": "287E22987", "landuse": "residential", "source": "IPP"}, "geometry": {"type": "Polygon", "coordinates": [[[-43.1887975, -22.97292119999999], [-43.1888185, -22.972913699999996], [-43.1888503, -22.9729165], [-43.1899249, -22.972102900000003], [-43.1899309, -22.972076099999992], [-43.1892811, -22.971399899999998], [-43.189259500000006, -22.971398899999997], [-43.1880041, -22.972488099999996], [-43.1884569, -22.973171899999997], [-43.1886668, -22.973017699999993], [-43.1887426, -22.972962000000003], [-43.1887975, -22.97292119999999]]]}}, {"type": "Feature", "properties": {"osm_id": "way/61015402", "IPP:CADASTRAL": "287E", "IPP:CODIGO": "22978", "IPP:COD_QUADRA": "287E22978", "landuse": "residential", "source": "IPP"}, "geometry": {"type": "Polygon", "coordinates": [[[-43.1888091, -22.9774683], [-43.1888501, -22.977563999999994], [-43.1890907, -22.978125900000002], [-43.1890277, -22.978147999999994], [-43.1890318, -22.978169299999998], [-43.189045, -22.978195699999997], [-43.1890783, -22.9782247], [-43.1891344, -22.978235399999996], [-43.1896304, -22.978124100000006], [-43.1896422, -22.978108700000003], [-43.1894147, -22.9772085], [-43.1894059, -22.9771978], [-43.1893871, -22.9771941], [-43.1887926, -22.9773338], [-43.1887731, -22.977342799999995], [-43.1887463, -22.977369099999997], [-43.18873, -22.9774261], [-43.1887325, -22.977441899999995], [-43.1887541, -22.977463599999997], [-43.1887933, -22.977470500000003], [-43.1888091, -22.9774683]]]}}, {"type": "Feature", "properties": {"osm_id": "way/61015403", "IPP:CADASTRAL": "287F", "IPP:CODIGO": "23132", "IPP:COD_QUADRA": "287F23132", "landuse": "residential", "source": "IPP"}, "geometry": {"type": "Polygon", "coordinates": [[[-43.1833989, -22.965657899999997], [-43.183651000000005, -22.965367799999996], [-43.1836385, -22.965354999999995], [-43.1832071, -22.9651458], [-43.18297570000001, -22.965013600000006], [-43.1827837, -22.9648841], [-43.1827559, -22.964877], [-43.1824673, -22.9651869], [-43.182461, -22.965217100000004], [-43.1824718, -22.965231399999997], [-43.1824843, -22.9652431], [-43.1833531, -22.965667299999996], [-43.1833779, -22.965667399999994], [-43.1833989, -22.965657899999997]]]}}, {"type": "Feature", "properties": {"osm_id": "way/61015404", "IPP:CADASTRAL": "287F", "IPP:CODIGO": "23135", "IPP:COD_QUADRA": "287F23135", "landuse": "residential", "source": "IPP"}, "geometry": {"type": "Polygon", "coordinates": [[[-43.1816543, -22.969351799999995], [-43.18171850000001, -22.969356600000005], [-43.1817556, -22.9693417], [-43.1817787, -22.969323399999993], [-43.1828073, -22.9680763], [-43.1828087, -22.9680562], [-43.1827942, -22.968040999999996], [-43.1819946, -22.967511899999998], [-43.181961, -22.967504299999998], [-43.18191360000001, -22.967513], [-43.1808737, -22.968721599999995], [-43.180851, -22.968761399999998], [-43.1808495, -22.968796199999993], [-43.1808724, -22.968843], [-43.180923, -22.9688717], [-43.1809538, -22.9688315], [-43.1816426, -22.969278600000003], [-43.1816118, -22.969318800000003], [-43.1816543, -22.969351799999995]]]}}, {"type": "Feature", "properties": {"osm_id": "way/61015407", "IPP:CADASTRAL": "287E", "IPP:CODIGO": "22969", "IPP:COD_QUADRA": "287E22969", "landuse": "residential", "source": "IPP"}, "geometry": {"type": "Polygon", "coordinates": [[[-43.1891434, -22.977168300000002], [-43.1893627, -22.977120299999996], [-43.1893888, -22.977101899999997], [-43.189264, -22.976619799999998], [-43.1891231, -22.9760224], [-43.1891119, -22.976008599999997], [-43.1890892, -22.9760006], [-43.1882275, -22.976064599999994], [-43.1881677, -22.976075300000005], [-43.18815480000001, -22.976081899999997], [-43.1881417, -22.976094800000002], [-43.1881294, -22.976108399999998], [-43.1881164, -22.97614049999999], [-43.1881152, -22.976169199999998], [-43.188143, -22.976222000000003], [-43.1881972, -22.97619819999999], [-43.1884119, -22.97660069999999], [-43.1886699, -22.977157699999992], [-43.1886128, -22.97717979999999], [-43.1886352, -22.977219], [-43.1886575, -22.977243699999992], [-43.1886847, -22.9772578], [-43.1887193, -22.9772626], [-43.1887983, -22.9772479], [-43.1891434, -22.977168300000002]]]}}, {"type": "Feature", "properties": {"osm_id": "way/61015409", "IPP:CADASTRAL": "287F", "IPP:CODIGO": "23118", "IPP:COD_QUADRA": "287F23118", "landuse": "residential", "source": "IPP"}, "geometry": {"type": "Polygon", "coordinates": [[[-43.1788784, -22.966099], [-43.1790555, -22.965804699999996], [-43.1790418, -22.965758400000002], [-43.1790207, -22.965738399999996], [-43.17879955847695, -22.965626750438688], [-43.17840604832535, -22.965970003393036], [-43.1787287, -22.966154999999997], [-43.178765, -22.966172299999993], [-43.1787975, -22.966171699999997], [-43.1788273, -22.966162499999992], [-43.178847, -22.966144999999997], [-43.1788784, -22.966099]]]}}, {"type": "Feature", "properties": {"osm_id": "way/61015412", "IPP:CADASTRAL": "287E", "IPP:CODIGO": "22989", "IPP:COD_QUADRA": "287E22989", "landuse": "residential", "source": "IPP"}, "geometry": {"type": "Polygon", "coordinates": [[[-43.1905953, -22.974553899999997], [-43.1914432, -22.97429839999999], [-43.1914738, -22.974268999999996], [-43.1907928, -22.973010099999993], [-43.1907596, -22.97301849999999], [-43.1899649, -22.973472299999994], [-43.190538800000006, -22.974556999999994], [-43.1905788, -22.9745569], [-43.1905953, -22.974553899999997]]]}}, {"type": "Feature", "properties": {"osm_id": "way/61015414", "IPP:CADASTRAL": "287E", "IPP:CODIGO": "22959", "IPP:COD_QUADRA": "287E22959", "landuse": "residential", "source": "IPP"}, "geometry": {"type": "Polygon", "coordinates": [[[-43.1894874, -22.97035459999999], [-43.1888329, -22.969749900000004], [-43.1883431, -22.970273800000005], [-43.1892781, -22.971205000000005], [-43.1892923, -22.9712147], [-43.1893233, -22.971212099999995], [-43.189849, -22.970728700000006], [-43.1898494, -22.9707129], [-43.1898392, -22.970700800000003], [-43.1894874, -22.97035459999999]]]}}, {"type": "Feature", "properties": {"osm_id": "way/61015416", "IPP:CADASTRAL": "287E", "IPP:CODIGO": "23021", "IPP:COD_QUADRA": "287E23021", "landuse": "residential", "source": "IPP"}, "geometry": {"type": "Polygon", "coordinates": [[[-43.19089469659455, -22.97988691859728], [-43.19100116922596, -22.979794039558328], [-43.1909991, -22.9797422], [-43.1908032, -22.978947199999997], [-43.1907452, -22.978898699999995], [-43.1900228, -22.979054000000005], [-43.1899941, -22.979098099999998], [-43.1901699, -22.9798463], [-43.1901873, -22.979874899999995], [-43.190212900000006, -22.979893300000008], [-43.19066620000001, -22.979890899999994], [-43.19089469659455, -22.97988691859728]]]}}, {"type": "Feature", "properties": {"osm_id": "way/61015417", "IPP:CADASTRAL": "287F", "IPP:CODIGO": "23154", "IPP:COD_QUADRA": "287F23154", "landuse": "residential", "source": "IPP"}, "geometry": {"type": "Polygon", "coordinates": [[[-43.1848889, -22.971813399999995], [-43.1857989, -22.972772999999993], [-43.185756, -22.972807499999995], [-43.1857762, -22.972848400000004], [-43.1858023, -22.9728641], [-43.185838100000005, -22.9728714], [-43.1858979, -22.9728625], [-43.1859313, -22.97283639999999], [-43.1864977, -22.972207299999994], [-43.1864978, -22.972171699999997], [-43.1853369, -22.971153], [-43.1853158, -22.9711485], [-43.1852934, -22.9711492], [-43.1847922, -22.971762899999995], [-43.1847964, -22.9718097], [-43.1848461, -22.971847799999992], [-43.1848889, -22.971813399999995]]]}}, {"type": "Feature", "properties": {"osm_id": "way/61015420", "IPP:CADASTRAL": "287E", "IPP:CODIGO": "23001", "IPP:COD_QUADRA": "287E23001", "landuse": "residential", "source": "IPP"}, "geometry": {"type": "Polygon", "coordinates": [[[-43.1918218, -22.978593299999993], [-43.1918496, -22.9785604], [-43.1918571, -22.9785183], [-43.1916698, -22.977791300000007], [-43.1916336, -22.977770899999992], [-43.1916025, -22.977767300000004], [-43.1913334, -22.9778242], [-43.1913105, -22.977838499999997], [-43.191295, -22.9778789], [-43.1914973, -22.978646200000004], [-43.1915148, -22.978660699999992], [-43.1915397, -22.9786644], [-43.1917861, -22.978614900000004], [-43.1918218, -22.978593299999993]]]}}, {"type": "Feature", "properties": {"osm_id": "way/61015421", "IPP:CADASTRAL": "287F", "IPP:CODIGO": "23136", "IPP:COD_QUADRA": "287F23136", "landuse": "residential", "source": "IPP"}, "geometry": {"type": "Polygon", "coordinates": [[[-43.1819343, -22.9694716], [-43.1825613, -22.96990179999999], [-43.182527, -22.969944199999997], [-43.1825931, -22.969982600000005], [-43.1826168, -22.9699846], [-43.1826683, -22.96996890000001], [-43.1836776, -22.968623399999995], [-43.1836635, -22.968586800000004], [-43.1829541, -22.968121399999998], [-43.1829282, -22.968114499999995], [-43.1828892, -22.968118999999994], [-43.1818535, -22.969357299999995], [-43.1818302, -22.969408700000002], [-43.181830000000005, -22.969436499999997], [-43.1818554, -22.9694851], [-43.1818999, -22.969514100000005], [-43.1819343, -22.9694716]]]}}, {"type": "Feature", "properties": {"osm_id": "way/61015423", "IPP:CADASTRAL": "287F", "IPP:CODIGO": "23131", "IPP:COD_QUADRA": "287F23131", "landuse": "residential", "source": "IPP"}, "geometry": {"type": "Polygon", "coordinates": [[[-43.1842825, -22.9662672], [-43.1842691, -22.966244700000004], [-43.1841824, -22.966190499999996], [-43.1834466, -22.9658141], [-43.183396, -22.965811400000003], [-43.1827524, -22.966545100000005], [-43.1827403, -22.966575599999995], [-43.1827422, -22.966596800000005], [-43.1827555, -22.9666086], [-43.1835356, -22.967117800000004], [-43.1835887, -22.967141599999998], [-43.1836237, -22.967140300000004], [-43.1836374, -22.967133899999997], [-43.1842813, -22.9662871], [-43.1842825, -22.9662672]]]}}, {"type": "Feature", "properties": {"osm_id": "way/61015425", "IPP:CADASTRAL": "287E", "IPP:CODIGO": "22977", "IPP:COD_QUADRA": "287E22977", "landuse": "residential", "source": "IPP"}, "geometry": {"type": "Polygon", "coordinates": [[[-43.1905042, -22.977933699999998], [-43.1905267, -22.977903199999997], [-43.1905277, -22.9778698], [-43.1903182, -22.977041299999996], [-43.1903002, -22.977006899999992], [-43.1902827, -22.976994199999996], [-43.190256700000006, -22.976989099999997], [-43.1902122, -22.976994200000004], [-43.1895141, -22.9771575], [-43.1894993, -22.9771734], [-43.1894976, -22.977195000000002], [-43.1897219, -22.978089899999997], [-43.1897796, -22.978110899999997], [-43.1904819, -22.9779413], [-43.1905042, -22.977933699999998]]]}}, {"type": "Feature", "properties": {"osm_id": "way/61015426", "IPP:CADASTRAL": "287F", "IPP:CODIGO": "23129", "IPP:COD_QUADRA": "287F23129", "landuse": "residential", "source": "IPP"}, "geometry": {"type": "Polygon", "coordinates": [[[-43.1777491, -22.966949799999988], [-43.178083300000004, -22.967132300000003], [-43.1780537, -22.967178300000004], [-43.1780913, -22.967199900000004], [-43.1781494, -22.96720889999999], [-43.1781901, -22.967195399999998], [-43.1782076, -22.967186499999997], [-43.178222, -22.967166900000002], [-43.1787215, -22.9663525], [-43.1787181, -22.9663032], [-43.178698, -22.9662742], [-43.1786732, -22.966256399999995], [-43.178310310915286, -22.966053513257524], [-43.177462255930564, -22.966793247625645], [-43.1777491, -22.966949799999988]]]}}, {"type": "Feature", "properties": {"osm_id": "way/61015429", "IPP:CADASTRAL": "287E", "IPP:CODIGO": "22970", "IPP:COD_QUADRA": "287E22970", "landuse": "residential", "source": "IPP"}, "geometry": {"type": "Polygon", "coordinates": [[[-43.1900819, -22.976162200000005], [-43.1900356, -22.976021900000003], [-43.19001, -22.975973299999996], [-43.1899839, -22.975947], [-43.1899573, -22.975938200000005], [-43.1892094, -22.975993399999993], [-43.1892005, -22.976018899999996], [-43.1894657, -22.97706939999999], [-43.1894847, -22.9770888], [-43.1902291, -22.9769236], [-43.190257700000004, -22.976898000000002], [-43.1902709, -22.976862699999998], [-43.1900819, -22.976162200000005]]]}}, {"type": "Feature", "properties": {"osm_id": "way/61015431", "IPP:CADASTRAL": "287F", "IPP:CODIGO": "23164", "IPP:COD_QUADRA": "287F23164", "landuse": "residential", "source": "IPP"}, "geometry": {"type": "Polygon", "coordinates": [[[-43.1884266, -22.9685792], [-43.1884763, -22.9685193], [-43.1884832, -22.9685068], [-43.18848, -22.968494300000003], [-43.1879319, -22.968133], [-43.187899, -22.968128199999992], [-43.1878726, -22.96814109999999], [-43.1869237, -22.9692557], [-43.1869111, -22.969309799999998], [-43.187482, -22.969685], [-43.1875168, -22.9696807], [-43.1884266, -22.9685792]]]}}, {"type": "Feature", "properties": {"osm_id": "way/61015437", "IPP:CADASTRAL": "287F", "IPP:CODIGO": "23137", "IPP:COD_QUADRA": "287F23137", "landuse": "residential", "source": "IPP"}, "geometry": {"type": "Polygon", "coordinates": [[[-43.1837984, -22.96848169999999], [-43.1842031, -22.967960799999993], [-43.1843027, -22.967826699999996], [-43.184304, -22.967803300000003], [-43.18429600000001, -22.96778490000001], [-43.1835947, -22.967313899999997], [-43.1835726, -22.967306], [-43.1835507, -22.9673112], [-43.1834935, -22.967376799999993], [-43.1830078, -22.967979900000003], [-43.1830032, -22.968003000000007], [-43.183017, -22.968019699999992], [-43.1837304, -22.968480399999997], [-43.1837829, -22.968485800000003], [-43.1837984, -22.96848169999999]]]}}, {"type": "Feature", "properties": {"osm_id": "way/61015438", "IPP:CADASTRAL": "287E", "IPP:CODIGO": "22979", "IPP:COD_QUADRA": "287E22979", "capacity": "50", "fee": "no", "foot": "yes", "leisure": "park", "name": "Praça Eugênio Jardim", "source": "IPP", "wikidata": "Q10353291", "wikipedia": "pt:Praça Eugênio Jardim"}, "geometry": {"type": "Polygon", "coordinates": [[[-43.1938376, -22.976368699999995], [-43.1937636, -22.976379399999992], [-43.1937376, -22.97639], [-43.1937092, -22.9764143], [-43.1937092, -22.9764477], [-43.1937167, -22.976475999999998], [-43.1938265, -22.976860499999997], [-43.1938499, -22.976897799999993], [-43.1939117, -22.9769007], [-43.1942384, -22.976766399999995], [-43.1942736, -22.976737999999994], [-43.1942939, -22.976698099999997], [-43.194305, -22.976663400000003], [-43.1942185, -22.9765778], [-43.1940775, -22.976487400000003], [-43.1939556, -22.9764092], [-43.1938684, -22.976375199999993], [-43.1938376, -22.976368699999995]]]}}, {"type": "Feature", "properties": {"osm_id": "way/61015440", "IPP:CADASTRAL": "287F", "IPP:CODIGO": "23156", "IPP:COD_QUADRA": "287F23156", "landuse": "residential", "source": "IPP"}, "geometry": {"type": "Polygon", "coordinates": [[[-43.1882062, -22.970354000000004], [-43.1882176, -22.970343700000004], [-43.18821830000001, -22.970327899999997], [-43.1882024, -22.970304100000003], [-43.1868213, -22.9694162], [-43.1868088, -22.969409999999996], [-43.1867851, -22.969415099999992], [-43.18674510000001, -22.969455099999998], [-43.1861079, -22.970208999999997], [-43.1860925, -22.970242], [-43.1860956, -22.970280900000002], [-43.1861145, -22.9703118], [-43.1872543, -22.971374899999997], [-43.1872732, -22.971369], [-43.1882062, -22.970354000000004]]]}}, {"type": "Feature", "properties": {"osm_id": "way/61015442", "IPP:CADASTRAL": "287E", "IPP:CODIGO": "22975", "IPP:COD_QUADRA": "287E22975", "landuse": "residential", "source": "IPP"}, "geometry": {"type": "Polygon", "coordinates": [[[-43.19148880000001, -22.976717399999995], [-43.1914833, -22.976734300000004], [-43.1917212, -22.977663299999993], [-43.1926557, -22.9774385], [-43.19267, -22.977417899999992], [-43.1924261, -22.976491100000004], [-43.1915035, -22.976709799999995], [-43.19148880000001, -22.976717399999995]]]}}, {"type": "Feature", "properties": {"osm_id": "way/61015443", "IPP:CADASTRAL": "287F", "IPP:CODIGO": "23122", "IPP:COD_QUADRA": "287F23122", "landuse": "residential", "source": "IPP"}, "geometry": {"type": "Polygon", "coordinates": [[[-43.1817186, -22.9669745], [-43.1816703, -22.9669878], [-43.1815809, -22.967130999999995], [-43.1815867, -22.96714529999999], [-43.1816673, -22.967164799999992], [-43.1817105, -22.967183599999995], [-43.1818881, -22.967279199999993], [-43.1819381, -22.967319099999994], [-43.1819687, -22.967326500000002], [-43.181983, -22.967322699999997], [-43.1820271, -22.967288600000007], [-43.1824979, -22.966719999999995], [-43.1825287, -22.966680900000007], [-43.1825371, -22.966623999999992], [-43.1825239, -22.966602200000008], [-43.1817382, -22.966105899999995], [-43.1816877, -22.9660985], [-43.1815197, -22.966248999999994], [-43.1814858, -22.9663251], [-43.1815012, -22.966382000000007], [-43.1815295, -22.9663745], [-43.1817186, -22.9669745]]]}}, {"type": "Feature", "properties": {"osm_id": "way/61015444", "IPP:CADASTRAL": "287E", "IPP:CODIGO": "23052", "IPP:COD_QUADRA": "287E23052", "landuse": "residential", "source": "IPP"}, "geometry": {"type": "Polygon", "coordinates": [[[-43.1943289, -22.9768346], [-43.1929017, -22.9775154], [-43.1929729, -22.977783], [-43.1932189, -22.977719399999998], [-43.193313, -22.977691700000005], [-43.193421220453985, -22.977682905318648], [-43.194425886756534, -22.976806451977367], [-43.1943289, -22.9768346]]]}}, {"type": "Feature", "properties": {"osm_id": "way/61015447", "IPP:CADASTRAL": "287E", "IPP:CODIGO": "22971", "IPP:COD_QUADRA": "287E22971", "landuse": "residential", "source": "IPP"}, "geometry": {"type": "Polygon", "coordinates": [[[-43.1913494, -22.976631599999994], [-43.1911905, -22.975889099999996], [-43.191166300000006, -22.975853300000008], [-43.1911526, -22.97584819999999], [-43.1901006, -22.9759257], [-43.1901383, -22.9760014], [-43.1903629, -22.976864100000007], [-43.1904437, -22.976857399999997], [-43.1913367, -22.9766435], [-43.1913494, -22.976631599999994]]]}}, {"type": "Feature", "properties": {"osm_id": "way/61015449", "IPP:CADASTRAL": "287E", "IPP:CODIGO": "22982", "IPP:COD_QUADRA": "287E22982", "landuse": "residential", "source": "IPP"}, "geometry": {"type": "Polygon", "coordinates": [[[-43.188624, -22.965511999999997], [-43.1886255, -22.965553699999994], [-43.1887487, -22.965640300000004], [-43.1888077, -22.965702099999998], [-43.1892698, -22.966149199999993], [-43.1893117, -22.966166199999996], [-43.1893419, -22.966162499999996], [-43.18935922217733, -22.966144597444757], [-43.18868173414936, -22.965478708113213], [-43.188624, -22.965511999999997]]]}}, {"type": "Feature", "properties": {"osm_id": "way/61015451", "IPP:CADASTRAL": "287E", "IPP:CODIGO": "22964", "IPP:COD_QUADRA": "287E22964", "landuse": "residential", "source": "IPP"}, "geometry": {"type": "Polygon", "coordinates": [[[-43.189574, -22.974851599999994], [-43.1904024, -22.974605999999998], [-43.1904308, -22.9745951], [-43.1904381, -22.974580900000003], [-43.1898737, -22.9735449], [-43.18984180000001, -22.973536499999998], [-43.1889711, -22.9740195], [-43.18949400000001, -22.9748641], [-43.1895431, -22.974852799999994], [-43.189574, -22.974851599999994]]]}}, {"type": "Feature", "properties": {"osm_id": "way/61015453", "IPP:CADASTRAL": "287E", "IPP:CODIGO": "22985", "IPP:COD_QUADRA": "287E22985", "landuse": "residential", "source": "IPP"}, "geometry": {"type": "Polygon", "coordinates": [[[-43.1906792, -22.968289599999995], [-43.1906878, -22.968277], [-43.1906752, -22.968234399999996], [-43.1904122, -22.96803969999999], [-43.190374, -22.968028999999998], [-43.189514, -22.968992500000002], [-43.1895538, -22.969029500000005], [-43.1898329, -22.969206000000003], [-43.1898701, -22.969196199999995], [-43.1906655, -22.968309200000004], [-43.1906792, -22.968289599999995]]]}}, {"type": "Feature", "properties": {"osm_id": "way/61015457", "IPP:CADASTRAL": "287E", "IPP:CODIGO": "22962", "IPP:COD_QUADRA": "287E22962", "landuse": "residential", "source": "IPP"}, "geometry": {"type": "Polygon", "coordinates": [[[-43.1873993, -22.9749154], [-43.1874215, -22.9749545], [-43.1874236, -22.975007599999994], [-43.1874467, -22.9750433], [-43.187483, -22.975090100000006], [-43.1875051, -22.9751293], [-43.1875539, -22.9751031], [-43.187648, -22.975251399999998], [-43.1875992, -22.9752776], [-43.1876368, -22.975342599999998], [-43.1876505, -22.975360700000003], [-43.1876834, -22.9753831], [-43.187721800000006, -22.9753887], [-43.1883571, -22.975204199999997], [-43.1883748, -22.9751919], [-43.1883808, -22.975171599999996], [-43.1879842, -22.9745888], [-43.1873993, -22.9749154]]]}}, {"type": "Feature", "properties": {"osm_id": "way/61015459", "IPP:CADASTRAL": "287F", "IPP:CODIGO": "23165", "IPP:COD_QUADRA": "287F23165", "landuse": "residential", "source": "IPP"}, "geometry": {"type": "Polygon", "coordinates": [[[-43.1860004, -22.9701207], [-43.1865136, -22.969490100000005], [-43.1866503, -22.969332600000005], [-43.1866547, -22.969307699999998], [-43.1866441, -22.969294399999995], [-43.1862542, -22.969032999999996], [-43.1853743, -22.968452300000003], [-43.1853315, -22.968418299999993], [-43.1849673, -22.9688071], [-43.1847106, -22.9691101], [-43.184967, -22.969285800000005], [-43.1851927, -22.969496899999996], [-43.1857711, -22.9699824], [-43.1859592, -22.970125900000003], [-43.1859785, -22.9701314], [-43.1860004, -22.9701207]]]}}, {"type": "Feature", "properties": {"osm_id": "way/61015460", "IPP:CADASTRAL": "287E", "IPP:CODIGO": "22990", "IPP:COD_QUADRA": "287E22990", "landuse": "residential", "source": "IPP"}, "geometry": {"type": "Polygon", "coordinates": [[[-43.1934354, -22.975589999999993], [-43.1934448, -22.975573599999993], [-43.1934449, -22.9755539], [-43.192725300000006, -22.9740977], [-43.192681500000006, -22.974038100000005], [-43.1926576, -22.9740262], [-43.1926252, -22.9740251], [-43.1916608, -22.974324199999998], [-43.1916085, -22.974333699999995], [-43.1920695, -22.9751812], [-43.192353, -22.975689699999997], [-43.1934171, -22.975600200000002], [-43.1934354, -22.975589999999993]]]}}, {"type": "Feature", "properties": {"osm_id": "way/61015461", "IPP:CADASTRAL": "287F", "IPP:CODIGO": "23120", "IPP:COD_QUADRA": "287F23120", "landuse": "residential", "source": "IPP"}, "geometry": {"type": "Polygon", "coordinates": [[[-43.1844238, -22.9676362], [-43.1851009, -22.966751999999996], [-43.1851278, -22.966696699999996], [-43.1851249, -22.9666766], [-43.1851036, -22.9666617], [-43.1844486, -22.966337699999997], [-43.1843905, -22.9663267], [-43.1843564, -22.96633599999999], [-43.1842896, -22.966408199999996], [-43.1836971, -22.96719099999999], [-43.1836944, -22.967213199999996], [-43.1837069, -22.96722689999999], [-43.1843546, -22.967648900000007], [-43.1843902, -22.96766699999999], [-43.1844064, -22.967659400000002], [-43.1844238, -22.9676362]]]}}, {"type": "Feature", "properties": {"osm_id": "way/61015462", "IPP:CADASTRAL": "287E", "IPP:CODIGO": "22988", "IPP:COD_QUADRA": "287E22988", "landuse": "residential", "source": "IPP"}, "geometry": {"type": "Polygon", "coordinates": [[[-43.1874245, -22.971624], [-43.1874789, -22.97168839999999], [-43.1875863, -22.971855599999998], [-43.18761130000001, -22.97186050000001], [-43.1876391, -22.9718515], [-43.188067800000006, -22.97138380000001], [-43.1880951, -22.9714097], [-43.18765450000001, -22.971893299999998], [-43.1876442, -22.971924099999992], [-43.1879698, -22.972434899999996], [-43.1891545, -22.971389699999996], [-43.189198, -22.9713413], [-43.1891991, -22.971323299999998], [-43.1891772, -22.971291799999996], [-43.1883484, -22.9704254], [-43.1882981, -22.970391399999993], [-43.1882776, -22.970396700000002], [-43.187331400000005, -22.971439600000004], [-43.1873216, -22.9714926], [-43.1873363, -22.971520199999997], [-43.1874245, -22.971624]]]}}, {"type": "Feature", "properties": {"osm_id": "way/61015464", "IPP:CADASTRAL": "287E", "IPP:CODIGO": "22997", "IPP:COD_QUADRA": "287E22997", "landuse": "residential", "source": "IPP"}, "geometry": {"type": "Polygon", "coordinates": [[[-43.1898485, -22.979034899999995], [-43.1898696, -22.97900839999999], [-43.189871, -22.978976499999998], [-43.1896715, -22.978216899999993], [-43.1896304, -22.978200700000002], [-43.1891783, -22.978298799999997], [-43.1891297, -22.978340199999995], [-43.1891161, -22.978394100000003], [-43.18914, -22.9784638], [-43.1891843, -22.978447999999997], [-43.1893871, -22.979057900000008], [-43.189348100000004, -22.9790717], [-43.1893598, -22.979086], [-43.1893842, -22.979106599999998], [-43.189436, -22.9791163], [-43.1898292, -22.979041999999996], [-43.1898485, -22.979034899999995]]]}}, {"type": "Feature", "properties": {"osm_id": "way/61015465", "IPP:CADASTRAL": "287F", "IPP:CODIGO": "23133", "IPP:COD_QUADRA": "287F23133", "landuse": "residential", "source": "IPP"}, "geometry": {"type": "Polygon", "coordinates": [[[-43.1799662, -22.968218500000006], [-43.1806528, -22.968638300000002], [-43.1806226, -22.968680299999995], [-43.1806313, -22.968694799999998], [-43.1806999, -22.968722299999992], [-43.1807521, -22.9687143], [-43.180784, -22.968693599999998], [-43.18182900000001, -22.967529099999997], [-43.1818579, -22.967480800000004], [-43.1818577, -22.967446700000004], [-43.1818438, -22.967416199999995], [-43.1816129, -22.9672776], [-43.1815566, -22.9672604], [-43.1806155, -22.967206299999997], [-43.1805635, -22.9672165], [-43.1798823, -22.968121699999994], [-43.1798679, -22.968142299999997], [-43.1798652, -22.9681766], [-43.1798815, -22.968218999999994], [-43.1799012, -22.968241399999993], [-43.1799359, -22.968260399999995], [-43.1799662, -22.968218500000006]]]}}, {"type": "Feature", "properties": {"osm_id": "way/61015466", "IPP:CADASTRAL": "287F", "IPP:CODIGO": "23163", "IPP:COD_QUADRA": "287F23163", "landuse": "residential", "source": "IPP"}, "geometry": {"type": "Polygon", "coordinates": [[[-43.187721, -22.968107400000005], [-43.1877603, -22.968043099999992], [-43.1877547, -22.9680296], [-43.1877481, -22.96801509999999], [-43.1862091, -22.967210299999994], [-43.1861721, -22.9672179], [-43.1858717, -22.967611499999997], [-43.1859162, -22.9676477], [-43.187333, -22.968566], [-43.1874169, -22.9684816], [-43.187721, -22.968107400000005]]]}}, {"type": "Feature", "properties": {"osm_id": "way/61015468", "IPP:CADASTRAL": "287E", "IPP:CODIGO": "22968", "IPP:COD_QUADRA": "287E22968", "landuse": "residential", "source": "IPP"}, "geometry": {"type": "Polygon", "coordinates": [[[-43.1922253, -22.97567559999999], [-43.1915213, -22.974360099999995], [-43.1915083, -22.97435439999999], [-43.1906427, -22.974607699999996], [-43.1906287, -22.974619299999997], [-43.1906275, -22.974656499999995], [-43.1912815, -22.975746899999997], [-43.1913049, -22.975750899999998], [-43.1922178, -22.975692899999995], [-43.1922253, -22.97567559999999]]]}}, {"type": "Feature", "properties": {"osm_id": "way/61015471", "IPP:CADASTRAL": "287E", "IPP:CODIGO": "22991", "IPP:COD_QUADRA": "287E22991", "landuse": "residential", "source": "IPP"}, "geometry": {"type": "Polygon", "coordinates": [[[-43.189383, -22.967244999999995], [-43.1893362, -22.967194700000004], [-43.1894696, -22.967034100000003], [-43.1898407382023, -22.966617864355936], [-43.189449258795136, -22.966233091942712], [-43.1886621, -22.9671491], [-43.188611, -22.96721820000001], [-43.1886211, -22.9672648], [-43.18867240000001, -22.967307800000004], [-43.189173100000005, -22.967670000000002], [-43.1892002, -22.967675599999996], [-43.1894468, -22.967385299999997], [-43.1894701, -22.9673487], [-43.1894694, -22.9673238], [-43.1894444, -22.967292500000003], [-43.189383, -22.967244999999995]]]}}, {"type": "Feature", "properties": {"osm_id": "way/61015473", "IPP:CADASTRAL": "287E", "IPP:CODIGO": "22986", "IPP:COD_QUADRA": "287E22986", "landuse": "residential", "source": "IPP"}, "geometry": {"type": "Polygon", "coordinates": [[[-43.1907263, -22.972921599999996], [-43.1907269, -22.972907000000003], [-43.1900165, -22.9721666], [-43.1899827, -22.972161999999997], [-43.1895621, -22.9724837], [-43.1887292, -22.9730895], [-43.1884968, -22.973258500000004], [-43.1889474, -22.9739107], [-43.1889694, -22.973926300000002], [-43.1890007, -22.973932700000002], [-43.1891191, -22.9738703], [-43.1907144, -22.972938899999995], [-43.1907263, -22.972921599999996]]]}}, {"type": "Feature", "properties": {"osm_id": "way/61015475", "IPP:CADASTRAL": "287E", "IPP:CODIGO": "23087", "IPP:COD_QUADRA": "287E23087", "landuse": "residential", "source": "IPP"}, "geometry": {"type": "Polygon", "coordinates": [[[-43.1915739, -22.9741731], [-43.1916111, -22.974195999999992], [-43.1916557, -22.9741975], [-43.1922035, -22.974036999999996], [-43.1922237, -22.974025099999995], [-43.1922336, -22.9740079], [-43.1922337, -22.9739884], [-43.1920941, -22.9736385], [-43.19209620000001, -22.97362629999999], [-43.1921069, -22.973618799999997], [-43.192128, -22.973628399999996], [-43.1921732, -22.97373459999999], [-43.1921981, -22.9738026], [-43.1922733, -22.973982099999997], [-43.1922882, -22.973995399999996], [-43.1923266, -22.9740014], [-43.1925542, -22.973938199999996], [-43.1925826, -22.973903400000008], [-43.1926281, -22.973855399999998], [-43.1926106, -22.973846699999996], [-43.1926631, -22.9738262], [-43.1925631, -22.973644400000005], [-43.1924539, -22.973466099999992], [-43.1924555, -22.9734559], [-43.1923923, -22.973335399999996], [-43.1922735, -22.973236599999993], [-43.192268, -22.973225599999992], [-43.1922632, -22.9732059], [-43.1922724, -22.973191800000002], [-43.1922454, -22.973212599999997], [-43.1917546, -22.973363299999992], [-43.1917372, -22.97336159999999], [-43.191725, -22.973350099999998], [-43.1917248, -22.9733309], [-43.1917454, -22.9733117], [-43.1919155, -22.973267999999997], [-43.1920613, -22.9732305], [-43.1922147, -22.973182099999995], [-43.1922558, -22.973124699999993], [-43.1921665, -22.972892799999997], [-43.1920907, -22.9728026], [-43.1920228, -22.972689200000005], [-43.1919352, -22.972542799999996], [-43.1919022, -22.972487600000008], [-43.1918888, -22.972465199999995], [-43.1918437, -22.9724144], [-43.1918122, -22.972424200000003], [-43.1909568, -22.972927299999995], [-43.190935, -22.972958799999997], [-43.1909399, -22.972985799999993], [-43.1910649, -22.973177], [-43.1915721, -22.974171], [-43.1915739, -22.9741731]]]}}, {"type": "Feature", "properties": {"osm_id": "way/61015477", "IPP:CADASTRAL": "287F", "IPP:CODIGO": "23155", "IPP:COD_QUADRA": "287F23155", "landuse": "residential", "source": "IPP"}, "geometry": {"type": "Polygon", "coordinates": [[[-43.1865895, -22.972123699999994], [-43.1871213, -22.971548799999997], [-43.1871279, -22.971536699999994], [-43.1871248, -22.9715066], [-43.1871026, -22.97147020000001], [-43.1860277, -22.970402200000002], [-43.1859985, -22.970384099999997], [-43.1859758, -22.9703804], [-43.1859519, -22.970399100000005], [-43.1853756, -22.9710502], [-43.185368, -22.971072300000003], [-43.1853721, -22.9710872], [-43.1865598, -22.972129199999998], [-43.186575100000006, -22.972128800000004], [-43.1865895, -22.972123699999994]]]}}, {"type": "Feature", "properties": {"osm_id": "way/61015481", "IPP:CADASTRAL": "287E", "IPP:CODIGO": "23002", "IPP:COD_QUADRA": "287E23002", "landuse": "residential", "source": "IPP"}, "geometry": {"type": "Polygon", "coordinates": [[[-43.192771, -22.9779476], [-43.1927785, -22.9779232], [-43.1926896, -22.977603199999997], [-43.1926778, -22.9775886], [-43.1926465, -22.977573999999997], [-43.1926141, -22.977571200000003], [-43.1918037, -22.977753899999993], [-43.1917849, -22.977763299999996], [-43.1917642, -22.977804499999998], [-43.1918923, -22.978293400000002], [-43.1919227, -22.978308800000008], [-43.191992, -22.978315099999996], [-43.1927553, -22.977961200000003], [-43.192771, -22.9779476]]]}}, {"type": "Feature", "properties": {"osm_id": "way/61015482", "IPP:CADASTRAL": "287F", "IPP:CODIGO": "23119", "IPP:COD_QUADRA": "287F23119", "landuse": "residential", "source": "IPP"}, "geometry": {"type": "Polygon", "coordinates": [[[-43.183302, -22.9657888], [-43.1832927, -22.965743399999997], [-43.1823929, -22.965292199999997], [-43.182352200000004, -22.9653033], [-43.1817853, -22.965952400000006], [-43.1817818, -22.965975799999995], [-43.1817891, -22.965990799999997], [-43.1826194, -22.966524499999995], [-43.182648, -22.96653360000001], [-43.1826696, -22.966531499999995], [-43.183302, -22.9657888]]]}}, {"type": "Feature", "properties": {"osm_id": "way/61015484", "IPP:CADASTRAL": "287E", "IPP:CODIGO": "22998", "IPP:COD_QUADRA": "287E22998", "landuse": "residential", "source": "IPP"}, "geometry": {"type": "Polygon", "coordinates": [[[-43.19072950000001, -22.9788356], [-43.1907517, -22.9788076], [-43.1907569, -22.978772699999997], [-43.1905767, -22.978072299999997], [-43.1905437, -22.9780187], [-43.190516900000006, -22.9780057], [-43.1904749, -22.9780047], [-43.1898005, -22.978160199999998], [-43.1897854, -22.978169799999993], [-43.1897664, -22.978212599999996], [-43.189952700000006, -22.978970699999998], [-43.1899638, -22.9789878], [-43.1900039, -22.978997799999995], [-43.1907151, -22.978842500000003], [-43.19072950000001, -22.9788356]]]}}, {"type": "Feature", "properties": {"osm_id": "way/61015485", "IPP:CADASTRAL": "287F", "IPP:CODIGO": "23130", "IPP:COD_QUADRA": "287F23130", "landuse": "residential", "source": "IPP"}, "geometry": {"type": "Polygon", "coordinates": [[[-43.1821247, -22.965421300000003], [-43.1822729, -22.965267700000002], [-43.1822748, -22.965251900000005], [-43.1822484, -22.965223000000005], [-43.1813826, -22.964776500000003], [-43.1813575, -22.964775099999997], [-43.181338, -22.964784600000005], [-43.1809084, -22.965412099999995], [-43.1816499, -22.9658925], [-43.1816739, -22.965897299999998], [-43.1817018, -22.965885799999995], [-43.1821247, -22.965421300000003]]]}}, {"type": "Feature", "properties": {"osm_id": "way/61015486", "IPP:CADASTRAL": "287F", "IPP:CODIGO": "23145", "IPP:COD_QUADRA": "287F23145", "landuse": "residential", "source": "IPP"}, "geometry": {"type": "Polygon", "coordinates": [[[-43.1796408, -22.968087300000008], [-43.1796546, -22.968097399999994], [-43.1796785, -22.96810849999999], [-43.1797014, -22.9681151], [-43.1797225, -22.968117799999998], [-43.1797507, -22.968115600000004], [-43.1797751, -22.968107999999997], [-43.1798105, -22.968077999999995], [-43.1804607, -22.9672403], [-43.1804565, -22.967207799999997], [-43.1804378, -22.9671884], [-43.1789007, -22.966378499999998], [-43.1788509, -22.9663686], [-43.17881, -22.9663742], [-43.1787878, -22.966384899999994], [-43.1786981, -22.9665171], [-43.1787165, -22.966530199999998], [-43.1785556, -22.966809400000002], [-43.1783805, -22.967086599999988], [-43.17831940000001, -22.967182899999997], [-43.1783092, -22.967207100000003], [-43.1782884, -22.967259399999996], [-43.1782903, -22.967281099999997], [-43.178296, -22.967299500000003], [-43.1783091, -22.967317399999992], [-43.1783327, -22.967334199999996], [-43.178356, -22.967342999999993], [-43.1783905, -22.967301999999997], [-43.1784037, -22.967308699999997], [-43.1784582, -22.9673408], [-43.1785404, -22.967386899999994], [-43.1785605, -22.967398499999998], [-43.1787177, -22.967488099999994], [-43.1787368, -22.967498700000004], [-43.1796728, -22.9680403], [-43.1796408, -22.968087300000008]]]}}, {"type": "Feature", "properties": {"osm_id": "way/61015487", "IPP:CADASTRAL": "287E", "IPP:CODIGO": "22984", "IPP:COD_QUADRA": "287E22984", "alt_name": "Bairro Peixoto", "leisure": "common", "name": "Praça Edmundo Bittencourt", "source": "IPP"}, "geometry": {"type": "Polygon", "coordinates": [[[-43.1899679, -22.967515000000002], [-43.1902585, -22.9672115], [-43.19034613205511, -22.967114595126397], [-43.189904294242424, -22.966680331242205], [-43.1896512, -22.9669658], [-43.1895063, -22.9671335], [-43.1894942, -22.9671666], [-43.1895015, -22.967206700000002], [-43.1898764, -22.967505699999993], [-43.1899236, -22.967523999999997], [-43.1899441, -22.967523899999996], [-43.1899679, -22.967515000000002]]]}}, {"type": "Feature", "properties": {"osm_id": "way/61015489", "IPP:CADASTRAL": "287E", "IPP:CODIGO": "22965", "IPP:COD_QUADRA": "287E22965", "landuse": "residential", "source": "IPP"}, "geometry": {"type": "Polygon", "coordinates": [[[-43.1888763, -22.975926100000002], [-43.1888775, -22.97590279999999], [-43.1888457, -22.975849100000005], [-43.1884265, -22.975266699999995], [-43.1884039, -22.97526179999999], [-43.1883443, -22.975275899999996], [-43.1878056, -22.975418599999998], [-43.1877584, -22.975447700000004], [-43.1877488, -22.975466099999995], [-43.1877456, -22.9754953], [-43.187758, -22.975524899999996], [-43.187782, -22.97556909999999], [-43.1878222, -22.975549899999994], [-43.1879939, -22.975855], [-43.1879536, -22.9758742], [-43.1879839, -22.975943500000007], [-43.1880282, -22.975986400000004], [-43.1880965, -22.975998700000005], [-43.1888475, -22.9759356], [-43.1888763, -22.975926100000002]]]}}, {"type": "Feature", "properties": {"osm_id": "way/61015490", "IPP:CADASTRAL": "287F", "IPP:CODIGO": "23128", "IPP:COD_QUADRA": "287F23128", "landuse": "residential", "source": "IPP"}, "geometry": {"type": "Polygon", "coordinates": [[[-43.1791404, -22.965644399999995], [-43.1791556, -22.9656381], [-43.1793525, -22.965302099999995], [-43.1793457, -22.965277599999993], [-43.1793103, -22.9652512], [-43.1792576210819, -22.965227185770242], [-43.17888071474529, -22.96555595869905], [-43.1790666, -22.965647099999998], [-43.17912090000001, -22.965649599999992], [-43.1791404, -22.965644399999995]]]}}, {"type": "Feature", "properties": {"osm_id": "way/61015491", "IPP:CADASTRAL": "287E", "IPP:CODIGO": "23092", "IPP:COD_QUADRA": "287E23092", "landuse": "residential", "source": "IPP"}, "geometry": {"type": "Polygon", "coordinates": [[[-43.1877142, -22.9697265], [-43.1877073, -22.969757299999994], [-43.187724, -22.969783199999988], [-43.1882263, -22.970138299999995], [-43.1882576, -22.9701486], [-43.1882863, -22.970143900000004], [-43.1883021, -22.970134399999996], [-43.18871680000001, -22.969689400000004], [-43.1887099, -22.969667], [-43.1884841, -22.9695122], [-43.188464, -22.969517099999997], [-43.1883748, -22.969620499999998], [-43.1883417, -22.9696201], [-43.188329800000005, -22.969607899999993], [-43.1883267, -22.96959169999999], [-43.1887809, -22.96904599999999], [-43.1888027, -22.9690365], [-43.1888228, -22.969042400000003], [-43.1888342, -22.969058799999996], [-43.1888306, -22.969079900000004], [-43.1885371, -22.969433], [-43.1885447, -22.969446399999992], [-43.1887977, -22.969611599999997], [-43.1888173, -22.969604899999997], [-43.1888833, -22.969534400000004], [-43.18927, -22.969071600000003], [-43.1893074, -22.969061500000002], [-43.1893145, -22.9690344], [-43.1892993, -22.969010299999997], [-43.1887028, -22.968607499999997], [-43.1886801, -22.9685996], [-43.1886528, -22.968603599999994], [-43.1886327, -22.9686189], [-43.1877151, -22.969725299999997], [-43.1877142, -22.9697265]]]}}, {"type": "Feature", "properties": {"osm_id": "way/61015496", "IPP:CADASTRAL": "287F", "IPP:CODIGO": "23157", "IPP:COD_QUADRA": "287F23157", "landuse": "residential", "source": "IPP"}, "geometry": {"type": "Polygon", "coordinates": [[[-43.1878794, -22.974568500000004], [-43.1879217, -22.974535099999997], [-43.1879305, -22.9745091], [-43.1865976, -22.9722817], [-43.1865815, -22.972271], [-43.1865593, -22.9722764], [-43.185962, -22.97292409999999], [-43.18594, -22.972960099999998], [-43.1859401, -22.972986299999995], [-43.1859543, -22.973013999999992], [-43.185991200000004, -22.973044], [-43.1860217, -22.973023], [-43.1860474, -22.973051999999996], [-43.1862088, -22.973249700000007], [-43.1863963, -22.973471299999993], [-43.1868895, -22.97411789999999], [-43.18694060000001, -22.9741945], [-43.187269300000004, -22.9746379], [-43.1872049, -22.9746721], [-43.187268100000004, -22.9747629], [-43.1872941, -22.974808999999997], [-43.1873409, -22.974835899999995], [-43.187383, -22.974841400000003], [-43.1874016, -22.974836499999995], [-43.1878794, -22.974568500000004]]]}}, {"type": "Feature", "properties": {"osm_id": "way/85878187", "IPP:CodFavela": "863", "landuse": "residential", "name": "Ladeira dos Tabajaras, nº 248", "source": "IPP"}, "geometry": {"type": "Polygon", "coordinates": [[[-43.1875354, -22.9650318], [-43.1875378, -22.9651117], [-43.1878695, -22.965054800000004], [-43.1879855, -22.965148699999993], [-43.1882417, -22.965068599999984], [-43.18821865230125, -22.965023549102376], [-43.18781941363295, -22.96463113759758], [-43.1877541, -22.964657599999995], [-43.1875621, -22.9648374], [-43.1876915, -22.964957], [-43.1875354, -22.9650318]]]}}, {"type": "Feature", "properties": {"osm_id": "way/87101137", "IPP:CodFavela": "862", "landuse": "residential", "name": "Rua Emílio Berla, lote 14", "source": "IPP"}, "geometry": {"type": "Polygon", "coordinates": [[[-43.19493550000001, -22.9731865], [-43.1947874, -22.973195600000004], [-43.1947866, -22.973254699999995], [-43.1947105, -22.973304900000002], [-43.1944798, -22.9734125], [-43.194498, -22.973565899999997], [-43.1945938, -22.9735643], [-43.1946348, -22.973758200000002], [-43.1948299, -22.97370669999999], [-43.1957072, -22.973434500000003], [-43.1955971, -22.973281199999995], [-43.1952867, -22.973405500000005], [-43.1950373, -22.9733919], [-43.1949036, -22.973403899999997], [-43.1948849, -22.9732827], [-43.19493550000001, -22.9731865]]]}}, {"type": "Feature", "properties": {"osm_id": "way/140123291", "landuse": "residential"}, "geometry": {"type": "Polygon", "coordinates": [[[-43.1921676, -22.972529700000003], [-43.19229030000001, -22.9724764], [-43.1927397, -22.97228109999999], [-43.1928122, -22.972321700000002], [-43.1928041, -22.972340999999997], [-43.1926578, -22.972400999999994], [-43.1926462, -22.97240190000001], [-43.1923746, -22.972506899999996], [-43.1922124, -22.972573799999996], [-43.1921056, -22.972617899999996], [-43.1923788, -22.973105899999997], [-43.1933693, -22.972877500000003], [-43.1930612, -22.9720904], [-43.1926917, -22.971934199999996], [-43.1925689, -22.9720055], [-43.1925166, -22.972034299999997], [-43.1923125, -22.9721468], [-43.19203230000001, -22.97230129999999], [-43.1919599, -22.9723312], [-43.192092, -22.972562600000007], [-43.1921676, -22.972529700000003]]]}}, {"type": "Feature", "properties": {"osm_id": "way/140123300", "landuse": "residential"}, "geometry": {"type": "Polygon", "coordinates": [[[-43.1937544, -22.973658900000004], [-43.1938166, -22.973696999999998], [-43.1937933, -22.9737376], [-43.1927213, -22.973809599999996], [-43.1928234, -22.9740142], [-43.1943321, -22.9738688], [-43.1942752, -22.973511000000002], [-43.1937518, -22.973563500000004], [-43.1937415, -22.9732844], [-43.1939409, -22.973251000000005], [-43.1939073, -22.973107899999995], [-43.1936663, -22.973138899999995], [-43.193566, -22.97314409999999], [-43.193492, -22.972989699999996], [-43.1933223, -22.973018700000004], [-43.1930093, -22.972976899999995], [-43.1926852, -22.9730514], [-43.1924004, -22.973116899999997], [-43.1926974, -22.973761699999997], [-43.1937544, -22.973658900000004]]]}}, {"type": "Feature", "properties": {"osm_id": "way/140123306", "landuse": "residential"}, "geometry": {"type": "Polygon", "coordinates": [[[-43.1863168, -22.966797400000004], [-43.1863455, -22.966762000000003], [-43.1864386, -22.966647399999996], [-43.1865126, -22.9665581], [-43.187057, -22.965941700000005], [-43.1874989, -22.965507200000005], [-43.1871364, -22.965287799999995], [-43.1870307, -22.965407599999995], [-43.1868494, -22.965302600000005], [-43.1867432, -22.965433799999996], [-43.1868494, -22.965495900000004], [-43.1867829, -22.965587600000003], [-43.1864788, -22.965572099999992], [-43.1860074, -22.9661351], [-43.1857768, -22.966020600000007], [-43.1856603, -22.966139900000005], [-43.1855955, -22.966104099999995], [-43.185725, -22.965891799999998], [-43.1856968, -22.9658764], [-43.1855938, -22.9658258], [-43.1855884, -22.965834999999995], [-43.1855489, -22.9658179], [-43.1854115, -22.966001599999995], [-43.185225, -22.9659228], [-43.1851432, -22.965986899999994], [-43.1849185, -22.965894199999994], [-43.184668, -22.966295], [-43.1861442, -22.967044399999995], [-43.1863168, -22.966797400000004]]]}}, {"type": "Feature", "properties": {"osm_id": "way/140123312", "landuse": "residential"}, "geometry": {"type": "Polygon", "coordinates": [[[-43.1827956, -22.9645655], [-43.1826687, -22.964362699999995], [-43.1826712, -22.964231500000004], [-43.18273860000001, -22.964152799999997], [-43.1828396, -22.9641433], [-43.1829485, -22.964167100000004], [-43.1837257, -22.964820700000008], [-43.1837645, -22.964787299999998], [-43.1836531, -22.964629900000002], [-43.183635, -22.9645535], [-43.1836972, -22.9642935], [-43.183541700000006, -22.9641433], [-43.1835676, -22.963940499999993], [-43.1835391, -22.9638785], [-43.1832205, -22.963625600000004], [-43.1827588, -22.9633422], [-43.18197206234031, -22.962859319316447], [-43.181184334742866, -22.963546485270108], [-43.1805123, -22.964282799999992], [-43.1810339, -22.964493900000004], [-43.18178520000001, -22.963647099999996], [-43.1819225, -22.963735299999996], [-43.1811971, -22.964524899999997], [-43.1812075, -22.964565499999992], [-43.182306, -22.965128400000005], [-43.1827956, -22.9645655]]]}}, {"type": "Feature", "properties": {"osm_id": "way/140123408", "landuse": "residential"}, "geometry": {"type": "Polygon", "coordinates": [[[-43.1905272, -22.971285800000004], [-43.1905902, -22.971355199999998], [-43.1906589, -22.971430900000005], [-43.190757, -22.97153909999999], [-43.1908458, -22.971636899999993], [-43.1915387, -22.9724009], [-43.1917347, -22.972277699999996], [-43.1911668, -22.9713349], [-43.1902949, -22.9704306], [-43.1899921, -22.9706958], [-43.1905272, -22.971285800000004]]]}}, {"type": "Feature", "properties": {"osm_id": "way/140123412", "landuse": "residential"}, "geometry": {"type": "Polygon", "coordinates": [[[-43.1889479, -22.969758000000002], [-43.1899921, -22.9706958], [-43.1902949, -22.9704306], [-43.1905197, -22.970233699999994], [-43.1903145, -22.969832299999997], [-43.1896356, -22.969264699999997], [-43.1894828, -22.969147500000002], [-43.1889479, -22.969758000000002]]]}}, {"type": "Feature", "properties": {"osm_id": "way/140123422", "landuse": "residential"}, "geometry": {"type": "Polygon", "coordinates": [[[-43.1846583, -22.9659657], [-43.1840229, -22.9655947], [-43.1839433, -22.9655482], [-43.1839495, -22.965541599999995], [-43.184009, -22.965478200000003], [-43.1842205, -22.965252499999995], [-43.1840569, -22.965143700000002], [-43.184034, -22.965128399999994], [-43.1840081, -22.965161099999992], [-43.1839339, -22.965254899999998], [-43.1837737, -22.965457500000007], [-43.1836867, -22.965567400000005], [-43.1836176, -22.965654700000005], [-43.1835547, -22.9657343], [-43.1839638, -22.9659457], [-43.1844873, -22.9662162], [-43.1846583, -22.9659657]]]}}, {"type": "Feature", "properties": {"osm_id": "way/140123427", "landuse": "residential"}, "geometry": {"type": "Polygon", "coordinates": [[[-43.1922837, -22.972033099999994], [-43.1921568, -22.971785], [-43.19190030000001, -22.971758799999993], [-43.1916283, -22.97152499999999], [-43.1914884, -22.9715727], [-43.1918744, -22.972226299999996], [-43.1922837, -22.972033099999994]]]}}, {"type": "Feature", "properties": {"osm_id": "way/206237926", "foot": "yes", "leisure": "park", "name": "Praça Sara Kubitscheck", "source": "survey"}, "geometry": {"type": "Polygon", "coordinates": [[[-43.1909822, -22.979284600000003], [-43.1910706, -22.979622000000003], [-43.19124207470791, -22.979583890233865], [-43.19146449999828, -22.979389860806204], [-43.1914119, -22.979189099999996], [-43.1909822, -22.979284600000003]]]}}, {"type": "Feature", "properties": {"osm_id": "way/357286151", "construction": "museum", "landuse": "construction", "name": "Novo Museu da Imagem e do Som"}, "geometry": {"type": "Polygon", "coordinates": [[[-43.1892505, -22.978611200000007], [-43.1894115, -22.979101299999996], [-43.1898581, -22.9790001], [-43.1897414, -22.9785223], [-43.1892505, -22.978611200000007]]]}}, {"type": "Feature", "properties": {"osm_id": "way/371926070", "landuse": "residential"}, "geometry": {"type": "Polygon", "coordinates": [[[-43.1932162, -22.9778519], [-43.1931093, -22.9778872], [-43.193061, -22.97792679999999], [-43.193058, -22.977965099999995], [-43.193068386022226, -22.977990707513065], [-43.19322976663938, -22.97784992417845], [-43.1932162, -22.9778519]]]}}, {"type": "Feature", "properties": {"osm_id": "way/371926072", "landuse": "residential"}, "geometry": {"type": "Polygon", "coordinates": [[[-43.19108496083045, -22.97972094566368], [-43.191165019738214, -22.979651107790154], [-43.19108, -22.979677199999998], [-43.19108496083045, -22.97972094566368]]]}}, {"type": "Feature", "properties": {"osm_id": "way/371926072", "landuse": "residential"}, "geometry": {"type": "Polygon", "coordinates": [[[-43.19146, -22.97917079999999], [-43.19149402898454, -22.979364101561345], [-43.191810884123015, -22.97908769590271], [-43.19146, -22.97917079999999]]]}}, {"type": "Feature", "properties": {"osm_id": "way/371926073", "landuse": "residential"}, "geometry": {"type": "Polygon", "coordinates": [[[-43.1921729, -22.978604899999997], [-43.1921424, -22.978594700000002], [-43.19226720000001, -22.9785232], [-43.1923254, -22.97838539999999], [-43.19261660000001, -22.978257699999997], [-43.19255, -22.978132599999988], [-43.1919427, -22.978408400000006], [-43.1918928, -22.978617699999997], [-43.1918096, -22.978673900000004], [-43.1908862, -22.9788628], [-43.1909583, -22.979212600000007], [-43.1916931, -22.979033799999993], [-43.1916793, -22.978962399999997], [-43.19205725038715, -22.97887277928792], [-43.19241004334643, -22.978565019832327], [-43.1921729, -22.978604899999997]]]}}, {"type": "Feature", "properties": {"osm_id": "way/468578892", "access": "customers", "leisure": "swimming_pool"}, "geometry": {"type": "Polygon", "coordinates": [[[-43.187252, -22.970348499999997], [-43.1870694, -22.9705484], [-43.187143, -22.970600299999997], [-43.1873145, -22.970386400000002], [-43.187252, -22.970348499999997]]]}}, {"type": "Feature", "properties": {"osm_id": "way/470725174", "description": "Parque de plantas do Edifício Maria Quitéria.", "leisure": "park", "name": "Parque Ed. Maria Quitéria"}, "geometry": {"type": "Polygon", "coordinates": [[[-43.1928328, -22.972521299999997], [-43.1927254, -22.972553100000003], [-43.1927187, -22.972555000000007], [-43.1925974, -22.972590900000007], [-43.192660200000006, -22.972771199999997], [-43.1927128, -22.972921999999993], [-43.1928164, -22.972891399999998], [-43.1929483, -22.972852400000004], [-43.1928328, -22.972521299999997]]]}}, {"type": "Feature", "properties": {"osm_id": "way/470728097", "foot": "yes", "leisure": "park", "name": "Praça Edmundo Bittencourt"}, "geometry": {"type": "Polygon", "coordinates": [[[-43.1894942, -22.9671666], [-43.1899236, -22.967523999999997], [-43.1903177737861, -22.967086723086574], [-43.18992080006386, -22.96669655419195], [-43.1894942, -22.9671666]]]}}, {"type": "Feature", "properties": {"osm_id": "way/488127189", "natural": "scrub"}, "geometry": {"type": "Polygon", "coordinates": [[[-43.1918203, -22.97900240000001], [-43.191863551004055, -22.979041752255693], [-43.19195038110591, -22.97896600641054], [-43.1918203, -22.97900240000001]]]}}, {"type": "Feature", "properties": {"osm_id": "way/544168818", "leisure": "park"}, "geometry": {"type": "Polygon", "coordinates": [[[-43.1937596, -22.976194899999996], [-43.19365400000001, -22.976220999999995], [-43.1936917, -22.976332599999996], [-43.1937986, -22.976290299999995], [-43.1937596, -22.976194899999996]]]}}, {"type": "Feature", "properties": {"osm_id": "way/551654455", "natural": "water", "water": "lake"}, "geometry": {"type": "Polygon", "coordinates": [[[-43.1928096, -22.9727605], [-43.1927989, -22.972764499999997], [-43.192796, -22.9727716], [-43.192798, -22.972780499999995], [-43.1928018, -22.972786799999994], [-43.1928096, -22.9727912], [-43.1928193, -22.9727921], [-43.1928255, -22.972785900000005], [-43.1928289, -22.972781], [-43.1928309, -22.9727707], [-43.1928275, -22.972762700000004], [-43.1928183, -22.972760900000004], [-43.1928096, -22.9727605]]]}}, {"type": "Feature", "properties": {"osm_id": "way/554967407", "landuse": "residential"}, "geometry": {"type": "Polygon", "coordinates": [[[-43.1881284, -22.965136199999996], [-43.1877774, -22.965240299999994], [-43.187618, -22.9654397], [-43.18785080000001, -22.965518500000005], [-43.1879688, -22.9655284], [-43.188186, -22.965402500000007], [-43.1885374, -22.96553829999999], [-43.1886633, -22.9654622], [-43.18866434002905, -22.965461611663994], [-43.1882795479049, -22.965083403087895], [-43.1881284, -22.965136199999996]]]}}, {"type": "Feature", "properties": {"osm_id": "way/557114679", "foot": "yes", "landuse": "residential"}, "geometry": {"type": "Polygon", "coordinates": [[[-43.185145, -22.9683635], [-43.184394, -22.9678646], [-43.1838581, -22.968557099999998], [-43.1839425, -22.9686104], [-43.18427, -22.968817199999997], [-43.1846011, -22.9690263], [-43.1850994, -22.968419100000002], [-43.185145, -22.9683635]]]}}, {"type": "Feature", "properties": {"osm_id": "way/558140490", "leisure": "park", "name": "Praça Cardeal Arco Verde", "subway": "cardeal arco verde"}, "geometry": {"type": "Polygon", "coordinates": [[[-43.1807989, -22.964513799999995], [-43.180680900000006, -22.964484200000005], [-43.1805897, -22.964499], [-43.1804878, -22.964523700000004], [-43.180192, -22.9646435], [-43.1799084, -22.964800300000004], [-43.1808365, -22.965348599999995], [-43.1812388, -22.964721300000004], [-43.1807989, -22.964513799999995]]]}}, {"type": "Feature", "properties": {"osm_id": "way/562110661", "foot": "yes", "forestry": "yes", "leisure": "park", "name": "Praça Serzedelo Correa"}, "geometry": {"type": "Polygon", "coordinates": [[[-43.1833962, -22.969151699999994], [-43.1833801, -22.969180099999996], [-43.1833776, -22.96919799999999], [-43.1833811, -22.9692107], [-43.183390800000005, -22.969222399999992], [-43.1834102, -22.969235999999995], [-43.183651600000005, -22.9693886], [-43.1840114, -22.969611099999995], [-43.184040800000005, -22.969622600000005], [-43.1840653, -22.969626299999995], [-43.1840867, -22.9696229], [-43.1841123, -22.969614800000002], [-43.1844744, -22.969182599999996], [-43.1844813, -22.969170199999997], [-43.1844848, -22.969157899999992], [-43.184485, -22.96914509999999], [-43.1844761, -22.969129199999998], [-43.184126000000006, -22.968909599999993], [-43.183846100000004, -22.96873069999999], [-43.1838136, -22.9687128], [-43.1837851, -22.968703900000005], [-43.18375530000001, -22.968707399999996], [-43.1837271, -22.968728799999997], [-43.1833962, -22.969151699999994]]]}}, {"type": "Feature", "properties": {"osm_id": "way/586695372", "leisure": "park", "name": "Praça Dias da Rocha"}, "geometry": {"type": "Polygon", "coordinates": [[[-43.1884569, -22.973171899999997], [-43.1884968, -22.973258500000004], [-43.1887292, -22.9730895], [-43.1886668, -22.973017699999993], [-43.1884569, -22.973171899999997]]]}}, {"type": "Feature", "properties": {"osm_id": "way/588726782", "access": "yes", "leisure": "garden", "name": "Jardim Marbella"}, "geometry": {"type": "Polygon", "coordinates": [[[-43.1925174, -22.972974499999996], [-43.1924155, -22.9730011], [-43.192433, -22.973038099999997], [-43.1925322, -22.973014199999994], [-43.1925174, -22.972974499999996]]]}}, {"type": "Feature", "properties": {"osm_id": "way/588730903", "leisure": "swimming_pool"}, "geometry": {"type": "Polygon", "coordinates": [[[-43.1918107, -22.9730592], [-43.1917329, -22.9730789], [-43.1917544, -22.9731975], [-43.1918429, -22.9731728], [-43.1918107, -22.9730592]]]}}, {"type": "Feature", "properties": {"osm_id": "way/622502684", "natural": "wood"}, "geometry": {"type": "Polygon", "coordinates": [[[-43.1876622, -22.965264599999994], [-43.1876737, -22.9652204], [-43.187215, -22.9649265], [-43.1871051, -22.964990699999994], [-43.1875959, -22.9654624], [-43.1876622, -22.965264599999994]]]}}, {"type": "Feature", "properties": {"osm_id": "way/622505444", "intermittent": "yes", "natural": "water"}, "geometry": {"type": "Polygon", "coordinates": [[[-43.1877384, -22.965261599999998], [-43.1876521, -22.965194699999998], [-43.1876684, -22.965307599999996], [-43.1876859, -22.9653292], [-43.1877384, -22.965261599999998]]]}}, {"type": "Feature", "properties": {"osm_id": "way/1001113162", "natural": "scrub"}, "geometry": {"type": "Polygon", "coordinates": [[[-43.1843606, -22.961241299999998], [-43.1843589, -22.961257799999995], [-43.1843717, -22.96126880000001], [-43.1844168, -22.961291499999998], [-43.184423066483106, -22.96129274279476], [-43.18436413924736, -22.96123481904101], [-43.1843606, -22.961241299999998]]]}}, {"type": "Feature", "properties": {"osm_id": "way/1001113163", "natural": "scrub"}, "geometry": {"type": "Polygon", "coordinates": [[[-43.1838796, -22.961198999999997], [-43.18394940000001, -22.961200599999994], [-43.1839818, -22.9612084], [-43.1840141, -22.9612194], [-43.1840277, -22.961187999999996], [-43.18399540000001, -22.9611724], [-43.1839767, -22.961145700000003], [-43.183957063147666, -22.961127673984254], [-43.1838760657811, -22.961198334673398], [-43.1838796, -22.961198999999997]]]}}, {"type": "Feature", "properties": {"osm_id": "way/1041128654", "layer": "1", "leisure": "pitch", "location": "roof", "sport": "tennis"}, "geometry": {"type": "Polygon", "coordinates": [[[-43.1787014, -22.9667283], [-43.1788992, -22.966828999999997], [-43.1790051, -22.966883], [-43.1790804, -22.9667577], [-43.1789834, -22.966707899999992], [-43.1787762, -22.9666038], [-43.1787014, -22.9667283]]]}}, {"type": "Feature", "properties": {"osm_id": "way/1041128655", "leisure": "swimming_pool"}, "geometry": {"type": "Polygon", "coordinates": [[[-43.1794302, -22.967143299999996], [-43.1793289, -22.967089999999995], [-43.1792044, -22.9672905], [-43.1793057, -22.96734379999999], [-43.1794302, -22.967143299999996]]]}}, {"type": "Feature", "properties": {"osm_id": "way/1041756199", "leisure": "pitch", "location": "roof", "sport": "multi"}, "geometry": {"type": "Polygon", "coordinates": [[[-43.1879173, -22.967217900000005], [-43.1876731, -22.967105599999996], [-43.1876031, -22.967234699999995], [-43.1878473, -22.967347], [-43.1879173, -22.967217900000005]]]}}, {"type": "Feature", "properties": {"osm_id": "way/1047246085", "leisure": "pitch"}, "geometry": {"type": "Polygon", "coordinates": [[[-43.1932779, -22.973308799999995], [-43.1932535, -22.9731871], [-43.1930198, -22.973217099999996], [-43.1930503, -22.973348100000003], [-43.1932779, -22.973308799999995]]]}}, {"type": "Feature", "properties": {"osm_id": "way/1047246086", "leisure": "pitch"}, "geometry": {"type": "Polygon", "coordinates": [[[-43.1935524, -22.973290100000003], [-43.1935158, -22.973112299999993], [-43.1933653, -22.973134699999996], [-43.193404, -22.973306899999997], [-43.1935524, -22.973290100000003]]]}}, {"type": "Feature", "properties": {"osm_id": "way/1049095943", "addr:city": "Rio de Janeiro", "addr:housenumber": "98", "addr:postcode": "22041-012", "addr:street": "R. Santa Clara, 98 - Lj E", "addr:suburb": "Copacabana", "description": "A Suhcasa é uma imobiliária de aluguéis por temporada em Copacabana, especializada em aluguel de temporada e administração de imóveis no Rio de Janeiro. Atendemos hóspedes que buscam apartamento para alugar em Copacabana, por diária ou estadias mensais, c", "landuse": "commercial", "mobile": "+55 21 99005 1413", "name": "Suhcasa | Aluguel de Temporada em Copacabana"}, "geometry": {"type": "Polygon", "coordinates": [[[-43.1868895, -22.971446199999995], [-43.1868216, -22.9715212], [-43.1868886, -22.971572599999995], [-43.1868416, -22.971624600000006], [-43.1867027, -22.971518100000008], [-43.1866037, -22.971627499999997], [-43.1866719, -22.9716799], [-43.1868184, -22.9717922], [-43.1870324, -22.971555800000004], [-43.1868895, -22.971446199999995]]]}}, {"type": "Feature", "properties": {"osm_id": "way/1177120812", "leisure": "swimming_pool"}, "geometry": {"type": "Polygon", "coordinates": [[[-43.1859068, -22.9722428], [-43.1858356, -22.972323999999997], [-43.1858612, -22.972343699999993], [-43.1859338, -22.972266400000002], [-43.1859068, -22.9722428]]]}}, {"type": "Feature", "properties": {"osm_id": "way/1177120816", "landuse": "residential"}, "geometry": {"type": "Polygon", "coordinates": [[[-43.182767, -22.966946900000003], [-43.1828303, -22.966869200000005], [-43.1826647, -22.966746899999997], [-43.1824674, -22.966988699999998], [-43.1826341, -22.967107200000004], [-43.182767, -22.966946900000003]]]}}, {"type": "Feature", "properties": {"osm_id": "way/1177120821", "access": "private", "leisure": "swimming_pool"}, "geometry": {"type": "Polygon", "coordinates": [[[-43.189839, -22.970035299999996], [-43.1898218, -22.970052600000002], [-43.1898562, -22.9700817], [-43.1898734, -22.970064400000002], [-43.189839, -22.970035299999996]]]}}, {"type": "Feature", "properties": {"osm_id": "way/1177120823", "access": "private", "leisure": "swimming_pool"}, "geometry": {"type": "Polygon", "coordinates": [[[-43.1926275, -22.9748763], [-43.1926321, -22.974947300000007], [-43.1926791, -22.974946199999994], [-43.1926716, -22.9748731], [-43.1926275, -22.9748763]]]}}, {"type": "Feature", "properties": {"osm_id": "way/1339955786", "leisure": "swimming_pool", "location": "roof"}, "geometry": {"type": "Polygon", "coordinates": [[[-43.1791717, -22.967054], [-43.179118, -22.967140599999997], [-43.1791627, -22.967164099999998], [-43.1792164, -22.967077500000002], [-43.1791717, -22.967054]]]}}, {"type": "Feature", "properties": {"osm_id": "way/1341431760", "landuse": "grass"}, "geometry": {"type": "Polygon", "coordinates": [[[-43.1875732, -22.967638799999992], [-43.1874785, -22.967525899999995], [-43.1874286, -22.9674998], [-43.1873835, -22.9675153], [-43.1873672, -22.967553799999994], [-43.1874883, -22.9676934], [-43.1875274, -22.967727499999995], [-43.1875615, -22.967751299999993], [-43.1875889, -22.9677672], [-43.1876278, -22.9677863], [-43.1877169, -22.9678277], [-43.1877291, -22.9678315], [-43.187743, -22.967830800000012], [-43.1877543, -22.967825899999998], [-43.1877625, -22.967818499999993], [-43.1877673, -22.9678099], [-43.1877691, -22.967802000000002], [-43.1877688, -22.967794799999997], [-43.1877674, -22.967789500000002], [-43.18763220000001, -22.9676297], [-43.1875732, -22.967638799999992]]]}}, {"type": "Feature", "properties": {"osm_id": "way/1341620510", "landuse": "grass"}, "geometry": {"type": "Polygon", "coordinates": [[[-43.1878521, -22.9677244], [-43.1878631, -22.967709099999993], [-43.1878529, -22.967700299999997], [-43.1878372, -22.967713800000002], [-43.1878661, -22.9677499], [-43.1878799, -22.9677672], [-43.1878931, -22.9677836], [-43.1879069, -22.967768099999994], [-43.1878521, -22.9677244]]]}}, {"type": "Feature", "properties": {"osm_id": "way/1550793243", "access": "customers", "leisure": "swimming_pool", "location": "roof"}, "geometry": {"type": "Polygon", "coordinates": [[[-43.1872096, -22.967840699999996], [-43.1872601, -22.9678683], [-43.1872832, -22.96783429999999], [-43.1872298, -22.967808400000003], [-43.1872096, -22.967840699999996]]]}}, {"type": "Feature", "properties": {"osm_id": "node/3626002377", "natural": "tree"}, "geometry": {"type": "Point", "coordinates": [-43.1868747, -22.973812]}}, {"type": "Feature", "properties": {"osm_id": "node/3626002378", "natural": "tree"}, "geometry": {"type": "Point", "coordinates": [-43.1868269, -22.973950899999995]}}, {"type": "Feature", "properties": {"osm_id": "node/3626002379", "natural": "tree"}, "geometry": {"type": "Point", "coordinates": [-43.1865276, -22.974003399999994]}}, {"type": "Feature", "properties": {"osm_id": "node/3626002380", "natural": "tree"}, "geometry": {"type": "Point", "coordinates": [-43.1869935, -22.974194399999995]}}, {"type": "Feature", "properties": {"osm_id": "node/3626002381", "natural": "tree"}, "geometry": {"type": "Point", "coordinates": [-43.1870645, -22.974212799999997]}}, {"type": "Feature", "properties": {"osm_id": "node/3626002382", "natural": "tree"}, "geometry": {"type": "Point", "coordinates": [-43.1870538, -22.974285099999996]}}, {"type": "Feature", "properties": {"osm_id": "node/3626002386", "natural": "tree"}, "geometry": {"type": "Point", "coordinates": [-43.1871303, -22.974888200000002]}}, {"type": "Feature", "properties": {"osm_id": "node/3626002387", "natural": "tree"}, "geometry": {"type": "Point", "coordinates": [-43.1870699, -22.9747907]}}, {"type": "Feature", "properties": {"osm_id": "node/3626002388", "natural": "tree"}, "geometry": {"type": "Point", "coordinates": [-43.1873703, -22.9747586]}}, {"type": "Feature", "properties": {"osm_id": "node/3626002389", "natural": "tree"}, "geometry": {"type": "Point", "coordinates": [-43.187609, -22.97500309999999]}}, {"type": "Feature", "properties": {"osm_id": "node/3626002390", "natural": "tree"}, "geometry": {"type": "Point", "coordinates": [-43.1875192, -22.974930199999992]}}, {"type": "Feature", "properties": {"osm_id": "node/3626002391", "natural": "tree"}, "geometry": {"type": "Point", "coordinates": [-43.1876975, -22.975300599999997]}}, {"type": "Feature", "properties": {"osm_id": "node/3626002392", "natural": "tree"}, "geometry": {"type": "Point", "coordinates": [-43.1874374, -22.975324100000005]}}, {"type": "Feature", "properties": {"osm_id": "node/3626020093", "natural": "tree"}, "geometry": {"type": "Point", "coordinates": [-43.1874561, -22.9754204]}}, {"type": "Feature", "properties": {"osm_id": "node/3626020094", "natural": "tree"}, "geometry": {"type": "Point", "coordinates": [-43.1878424, -22.9755093]}}, {"type": "Feature", "properties": {"osm_id": "node/3626020095", "natural": "tree"}, "geometry": {"type": "Point", "coordinates": [-43.1878679, -22.975603099999997]}}, {"type": "Feature", "properties": {"osm_id": "node/3626020096", "natural": "tree"}, "geometry": {"type": "Point", "coordinates": [-43.18752450000001, -22.975553700000003]}}, {"type": "Feature", "properties": {"osm_id": "node/3626020097", "natural": "tree"}, "geometry": {"type": "Point", "coordinates": [-43.1876251, -22.975637699999996]}}, {"type": "Feature", "properties": {"osm_id": "node/3626020098", "natural": "tree"}, "geometry": {"type": "Point", "coordinates": [-43.1867682, -22.974823999999998]}}, {"type": "Feature", "properties": {"osm_id": "node/3626020099", "natural": "tree"}, "geometry": {"type": "Point", "coordinates": [-43.186639400000004, -22.974689399999995]}}, {"type": "Feature", "properties": {"osm_id": "node/3626025936", "natural": "tree"}, "geometry": {"type": "Point", "coordinates": [-43.1880943, -22.975781200000004]}}, {"type": "Feature", "properties": {"osm_id": "node/3626025937", "natural": "tree"}, "geometry": {"type": "Point", "coordinates": [-43.1881425, -22.975845599999992]}}, {"type": "Feature", "properties": {"osm_id": "node/3626025938", "natural": "tree"}, "geometry": {"type": "Point", "coordinates": [-43.1881187, -22.97595129999999]}}, {"type": "Feature", "properties": {"osm_id": "node/3626025939", "natural": "tree"}, "geometry": {"type": "Point", "coordinates": [-43.1884177, -22.9764613]}}, {"type": "Feature", "properties": {"osm_id": "node/3626025940", "natural": "tree"}, "geometry": {"type": "Point", "coordinates": [-43.1881147, -22.976568]}}, {"type": "Feature", "properties": {"osm_id": "node/3626025941", "natural": "tree"}, "geometry": {"type": "Point", "coordinates": [-43.1881039, -22.976414299999995]}}, {"type": "Feature", "properties": {"osm_id": "node/3626025942", "natural": "tree"}, "geometry": {"type": "Point", "coordinates": [-43.1880462, -22.9764353]}}, {"type": "Feature", "properties": {"osm_id": "node/3626025943", "natural": "tree"}, "geometry": {"type": "Point", "coordinates": [-43.1879751, -22.976317400000003]}}, {"type": "Feature", "properties": {"osm_id": "node/3626025944", "natural": "tree"}, "geometry": {"type": "Point", "coordinates": [-43.1878893, -22.9760359]}}, {"type": "Feature", "properties": {"osm_id": "node/3626025945", "natural": "tree"}, "geometry": {"type": "Point", "coordinates": [-43.1879879, -22.9762013]}}, {"type": "Feature", "properties": {"osm_id": "node/3626025946", "natural": "tree"}, "geometry": {"type": "Point", "coordinates": [-43.187937, -22.9762359]}}, {"type": "Feature", "properties": {"osm_id": "node/3626025948", "natural": "tree"}, "geometry": {"type": "Point", "coordinates": [-43.1885947, -22.976741500000006]}}, {"type": "Feature", "properties": {"osm_id": "node/3626025949", "natural": "tree"}, "geometry": {"type": "Point", "coordinates": [-43.1886766, -22.976993399999994]}}, {"type": "Feature", "properties": {"osm_id": "node/3626025950", "natural": "tree"}, "geometry": {"type": "Point", "coordinates": [-43.1886859, -22.97707119999999]}}, {"type": "Feature", "properties": {"osm_id": "node/3626025951", "natural": "tree"}, "geometry": {"type": "Point", "coordinates": [-43.1883761, -22.9769304]}}, {"type": "Feature", "properties": {"osm_id": "node/3626025952", "natural": "tree"}, "geometry": {"type": "Point", "coordinates": [-43.1883319, -22.976855099999995]}}, {"type": "Feature", "properties": {"osm_id": "node/3626025953", "natural": "tree"}, "geometry": {"type": "Point", "coordinates": [-43.188238, -22.97675020000001]}}, {"type": "Feature", "properties": {"osm_id": "node/3626025956", "natural": "tree"}, "geometry": {"type": "Point", "coordinates": [-43.1888485, -22.9773847]}}, {"type": "Feature", "properties": {"osm_id": "node/3626025957", "natural": "tree"}, "geometry": {"type": "Point", "coordinates": [-43.1885129, -22.977314699999997]}}, {"type": "Feature", "properties": {"osm_id": "node/3626025958", "natural": "tree"}, "geometry": {"type": "Point", "coordinates": [-43.188645, -22.977661100000006]}}, {"type": "Feature", "properties": {"osm_id": "node/3626025959", "natural": "tree"}, "geometry": {"type": "Point", "coordinates": [-43.188655100000005, -22.977708]}}, {"type": "Feature", "properties": {"osm_id": "node/3626025960", "natural": "tree"}, "geometry": {"type": "Point", "coordinates": [-43.1886926, -22.9777475]}}, {"type": "Feature", "properties": {"osm_id": "node/3626025961", "natural": "tree"}, "geometry": {"type": "Point", "coordinates": [-43.188698, -22.977799999999988]}}, {"type": "Feature", "properties": {"osm_id": "node/3626025968", "natural": "tree"}, "geometry": {"type": "Point", "coordinates": [-43.1888355, -22.978047000000004]}}, {"type": "Feature", "properties": {"osm_id": "node/3626025969", "natural": "tree"}, "geometry": {"type": "Point", "coordinates": [-43.188816, -22.9781439]}}, {"type": "Feature", "properties": {"osm_id": "node/3626025970", "natural": "tree"}, "geometry": {"type": "Point", "coordinates": [-43.188915300000005, -22.9781889]}}, {"type": "Feature", "properties": {"osm_id": "node/3626025971", "natural": "tree"}, "geometry": {"type": "Point", "coordinates": [-43.1886028, -22.978342199999993]}}, {"type": "Feature", "properties": {"osm_id": "node/3626025972", "natural": "tree"}, "geometry": {"type": "Point", "coordinates": [-43.1885482, -22.9782827]}}, {"type": "Feature", "properties": {"osm_id": "node/3626025973", "natural": "tree"}, "geometry": {"type": "Point", "coordinates": [-43.1885658, -22.978239699999996]}}, {"type": "Feature", "properties": {"osm_id": "node/3626025974", "natural": "tree"}, "geometry": {"type": "Point", "coordinates": [-43.1885238, -22.9781594]}}, {"type": "Feature", "properties": {"osm_id": "node/3626025975", "natural": "tree"}, "geometry": {"type": "Point", "coordinates": [-43.1885138, -22.97809880000001]}}, {"type": "Feature", "properties": {"osm_id": "node/3626025976", "natural": "tree"}, "geometry": {"type": "Point", "coordinates": [-43.1884871, -22.978041699999995]}}, {"type": "Feature", "properties": {"osm_id": "node/3626025977", "natural": "tree"}, "geometry": {"type": "Point", "coordinates": [-43.1884531, -22.9779696]}}, {"type": "Feature", "properties": {"osm_id": "node/3626025978", "natural": "tree"}, "geometry": {"type": "Point", "coordinates": [-43.1884323, -22.9779194]}}, {"type": "Feature", "properties": {"osm_id": "node/3626025979", "natural": "tree"}, "geometry": {"type": "Point", "coordinates": [-43.1884219, -22.97789359999999]}}, {"type": "Feature", "properties": {"osm_id": "node/3626025980", "natural": "tree"}, "geometry": {"type": "Point", "coordinates": [-43.1883816, -22.977813199999993]}}, {"type": "Feature", "properties": {"osm_id": "node/3626025981", "natural": "tree"}, "geometry": {"type": "Point", "coordinates": [-43.1883566, -22.977744900000005]}}, {"type": "Feature", "properties": {"osm_id": "node/3626025982", "natural": "tree"}, "geometry": {"type": "Point", "coordinates": [-43.1883266, -22.977673899999996]}}, {"type": "Feature", "properties": {"osm_id": "node/3626031353", "natural": "tree"}, "geometry": {"type": "Point", "coordinates": [-43.1891319, -22.977965799999996]}}, {"type": "Feature", "properties": {"osm_id": "node/3626031354", "natural": "tree"}, "geometry": {"type": "Point", "coordinates": [-43.1891963, -22.97810409999999]}}, {"type": "Feature", "properties": {"osm_id": "node/3626031355", "natural": "tree"}, "geometry": {"type": "Point", "coordinates": [-43.1893384, -22.978397899999994]}}, {"type": "Feature", "properties": {"osm_id": "node/3626031356", "natural": "tree"}, "geometry": {"type": "Point", "coordinates": [-43.1893612, -22.978490499999996]}}, {"type": "Feature", "properties": {"osm_id": "node/3626031357", "natural": "tree"}, "geometry": {"type": "Point", "coordinates": [-43.1889803, -22.978441100000005]}}, {"type": "Feature", "properties": {"osm_id": "node/3626031358", "natural": "tree"}, "geometry": {"type": "Point", "coordinates": [-43.18906220000001, -22.9786856]}}, {"type": "Feature", "properties": {"osm_id": "node/3626031359", "natural": "tree"}, "geometry": {"type": "Point", "coordinates": [-43.1891131, -22.978703899999992]}}, {"type": "Feature", "properties": {"osm_id": "node/3626031361", "natural": "tree"}, "geometry": {"type": "Point", "coordinates": [-43.1892164, -22.9790011]}}, {"type": "Feature", "properties": {"osm_id": "node/4293334870", "natural": "tree"}, "geometry": {"type": "Point", "coordinates": [-43.1792495, -22.965669999999996]}}, {"type": "Feature", "properties": {"osm_id": "node/4326256920", "natural": "tree"}, "geometry": {"type": "Point", "coordinates": [-43.1835119, -22.968349599999993]}}, {"type": "Feature", "properties": {"osm_id": "node/9805415761", "natural": "tree"}, "geometry": {"type": "Point", "coordinates": [-43.1802309, -22.968650600000004]}}, {"type": "Feature", "properties": {"osm_id": "node/9805415762", "natural": "tree"}, "geometry": {"type": "Point", "coordinates": [-43.180031, -22.968508999999997]}}, {"type": "Feature", "properties": {"osm_id": "node/9805415763", "natural": "tree"}, "geometry": {"type": "Point", "coordinates": [-43.1799647, -22.96848869999999]}}, {"type": "Feature", "properties": {"osm_id": "node/10923029191", "natural": "tree"}, "geometry": {"type": "Point", "coordinates": [-43.1898644, -22.967018999999993]}}, {"type": "Feature", "properties": {"osm_id": "node/12124306366", "natural": "tree"}, "geometry": {"type": "Point", "coordinates": [-43.1775113, -22.967083599999995]}}, {"type": "Feature", "properties": {"osm_id": "node/12124306367", "natural": "tree"}, "geometry": {"type": "Point", "coordinates": [-43.1778754, -22.967217100000003]}}, {"type": "Feature", "properties": {"osm_id": "node/12124306368", "natural": "tree"}, "geometry": {"type": "Point", "coordinates": [-43.1776938, -22.967127200000004]}}, {"type": "Feature", "properties": {"osm_id": "node/12124306369", "natural": "tree"}, "geometry": {"type": "Point", "coordinates": [-43.1787425, -22.9677418]}}, {"type": "Feature", "properties": {"osm_id": "node/12124306370", "natural": "tree"}, "geometry": {"type": "Point", "coordinates": [-43.1789747, -22.967862]}}, {"type": "Feature", "properties": {"osm_id": "node/12124306371", "natural": "tree"}, "geometry": {"type": "Point", "coordinates": [-43.179067, -22.967911399999995]}}, {"type": "Feature", "properties": {"osm_id": "node/12124306372", "natural": "tree"}, "geometry": {"type": "Point", "coordinates": [-43.1794404, -22.968118900000004]}}, {"type": "Feature", "properties": {"osm_id": "node/12124306373", "natural": "tree"}, "geometry": {"type": "Point", "coordinates": [-43.18011630000001, -22.9689605]}}, {"type": "Feature", "properties": {"osm_id": "node/12124306374", "natural": "tree"}, "geometry": {"type": "Point", "coordinates": [-43.1800778, -22.968891899999992]}}, {"type": "Feature", "properties": {"osm_id": "node/12124306375", "natural": "tree"}, "geometry": {"type": "Point", "coordinates": [-43.1799189, -22.9688301]}}, {"type": "Feature", "properties": {"osm_id": "node/12124306376", "natural": "tree"}, "geometry": {"type": "Point", "coordinates": [-43.1797987, -22.968747099999998]}}, {"type": "Feature", "properties": {"osm_id": "node/12124306377", "natural": "tree"}, "geometry": {"type": "Point", "coordinates": [-43.1796893, -22.968687900000003]}}, {"type": "Feature", "properties": {"osm_id": "node/12124306378", "natural": "tree"}, "geometry": {"type": "Point", "coordinates": [-43.1795073, -22.96861429999999]}}, {"type": "Feature", "properties": {"osm_id": "node/12124306379", "natural": "tree"}, "geometry": {"type": "Point", "coordinates": [-43.1793288, -22.968583199999998]}}, {"type": "Feature", "properties": {"osm_id": "node/12124306380", "natural": "tree"}, "geometry": {"type": "Point", "coordinates": [-43.1790734, -22.968344099999996]}}, {"type": "Feature", "properties": {"osm_id": "node/12124306381", "natural": "tree"}, "geometry": {"type": "Point", "coordinates": [-43.1791185, -22.96841520000001]}}, {"type": "Feature", "properties": {"osm_id": "node/12124306382", "natural": "tree"}, "geometry": {"type": "Point", "coordinates": [-43.1791743, -22.968480399999997]}}, {"type": "Feature", "properties": {"osm_id": "node/12124306383", "natural": "tree"}, "geometry": {"type": "Point", "coordinates": [-43.1810196, -22.9691107]}}, {"type": "Feature", "properties": {"osm_id": "node/12124306384", "natural": "tree"}, "geometry": {"type": "Point", "coordinates": [-43.1823172, -22.97001240000001]}}, {"type": "Feature", "properties": {"osm_id": "node/12124306385", "natural": "tree"}, "geometry": {"type": "Point", "coordinates": [-43.1832429, -22.97064320000001]}}, {"type": "Feature", "properties": {"osm_id": "node/12124306386", "natural": "tree"}, "geometry": {"type": "Point", "coordinates": [-43.1838251, -22.971115099999995]}}, {"type": "Feature", "properties": {"osm_id": "node/12124306387", "natural": "tree"}, "geometry": {"type": "Point", "coordinates": [-43.1838049, -22.971171199999997]}}, {"type": "Feature", "properties": {"osm_id": "node/12124306388", "natural": "tree"}, "geometry": {"type": "Point", "coordinates": [-43.1838521, -22.9712127]}}, {"type": "Feature", "properties": {"osm_id": "node/12124306389", "natural": "tree"}, "geometry": {"type": "Point", "coordinates": [-43.18434040000001, -22.971559900000006]}}, {"type": "Feature", "properties": {"osm_id": "node/12124306390", "natural": "tree"}, "geometry": {"type": "Point", "coordinates": [-43.1842469, -22.9715802]}}, {"type": "Feature", "properties": {"osm_id": "node/12124306391", "natural": "tree"}, "geometry": {"type": "Point", "coordinates": [-43.184293, -22.971629999999998]}}, {"type": "Feature", "properties": {"osm_id": "node/12124306392", "natural": "tree"}, "geometry": {"type": "Point", "coordinates": [-43.184367, -22.9715955]}}, {"type": "Feature", "properties": {"osm_id": "node/12124306393", "natural": "tree"}, "geometry": {"type": "Point", "coordinates": [-43.1837198, -22.971106300000002]}}, {"type": "Feature", "properties": {"osm_id": "node/12124306394", "natural": "tree"}, "geometry": {"type": "Point", "coordinates": [-43.1835197, -22.970859599999997]}}, {"type": "Feature", "properties": {"osm_id": "node/12124306395", "natural": "tree"}, "geometry": {"type": "Point", "coordinates": [-43.1839014, -22.971684899999996]}}, {"type": "Feature", "properties": {"osm_id": "node/12124306396", "natural": "tree"}, "geometry": {"type": "Point", "coordinates": [-43.1838508, -22.971716099999995]}}, {"type": "Feature", "properties": {"osm_id": "node/12124306397", "natural": "tree"}, "geometry": {"type": "Point", "coordinates": [-43.18358490000001, -22.971489599999998]}}, {"type": "Feature", "properties": {"osm_id": "node/12124306398", "natural": "tree"}, "geometry": {"type": "Point", "coordinates": [-43.1836218, -22.971502300000008]}}, {"type": "Feature", "properties": {"osm_id": "node/12124306399", "natural": "tree"}, "geometry": {"type": "Point", "coordinates": [-43.1836909, -22.9715892]}}, {"type": "Feature", "properties": {"osm_id": "node/12124306400", "natural": "tree"}, "geometry": {"type": "Point", "coordinates": [-43.1834293, -22.9712601]}}, {"type": "Feature", "properties": {"osm_id": "node/12124312333", "natural": "tree"}, "geometry": {"type": "Point", "coordinates": [-43.1890944, -22.9787025]}}, {"type": "Feature", "properties": {"osm_id": "node/12124312334", "natural": "tree"}, "geometry": {"type": "Point", "coordinates": [-43.189015, -22.9786669]}}, {"type": "Feature", "properties": {"osm_id": "node/12124312335", "natural": "tree"}, "geometry": {"type": "Point", "coordinates": [-43.1890343, -22.978724199999995]}}, {"type": "Feature", "properties": {"osm_id": "node/12124312336", "natural": "tree"}, "geometry": {"type": "Point", "coordinates": [-43.1891824, -22.979024499999998]}}, {"type": "Feature", "properties": {"osm_id": "node/12124312337", "natural": "tree"}, "geometry": {"type": "Point", "coordinates": [-43.1892166, -22.979028100000004]}}, {"type": "Feature", "properties": {"osm_id": "node/12124316701", "natural": "tree"}, "geometry": {"type": "Point", "coordinates": [-43.1835044, -22.9713129]}}, {"type": "Feature", "properties": {"osm_id": "node/12124316702", "natural": "tree"}, "geometry": {"type": "Point", "coordinates": [-43.1834769, -22.9713451]}}, {"type": "Feature", "properties": {"osm_id": "node/12124316703", "natural": "tree"}, "geometry": {"type": "Point", "coordinates": [-43.1830441, -22.971130500000005]}}, {"type": "Feature", "properties": {"osm_id": "node/12124316704", "natural": "tree"}, "geometry": {"type": "Point", "coordinates": [-43.1830478, -22.971173999999994]}}, {"type": "Feature", "properties": {"osm_id": "node/12124316707", "natural": "tree"}, "geometry": {"type": "Point", "coordinates": [-43.1821018, -22.9702723]}}, {"type": "Feature", "properties": {"osm_id": "node/12124316708", "natural": "tree"}, "geometry": {"type": "Point", "coordinates": [-43.1820327, -22.970237200000003]}}, {"type": "Feature", "properties": {"osm_id": "node/12124316709", "natural": "tree"}, "geometry": {"type": "Point", "coordinates": [-43.18206570000001, -22.9702961]}}, {"type": "Feature", "properties": {"osm_id": "node/12124316710", "natural": "tree"}, "geometry": {"type": "Point", "coordinates": [-43.1823135, -22.970045099999993]}}, {"type": "Feature", "properties": {"osm_id": "node/12124316711", "natural": "tree"}, "geometry": {"type": "Point", "coordinates": [-43.1800949, -22.9690064]}}, {"type": "Feature", "properties": {"osm_id": "node/12124316712", "natural": "tree"}, "geometry": {"type": "Point", "coordinates": [-43.1801313, -22.969061299999996]}}, {"type": "Feature", "properties": {"osm_id": "node/12124316713", "natural": "tree"}, "geometry": {"type": "Point", "coordinates": [-43.1808639, -22.969051200000003]}}, {"type": "Feature", "properties": {"osm_id": "node/12124316714", "natural": "tree"}, "geometry": {"type": "Point", "coordinates": [-43.1809145, -22.969079000000004]}}, {"type": "Feature", "properties": {"osm_id": "node/12124316715", "natural": "tree"}, "geometry": {"type": "Point", "coordinates": [-43.1810242, -22.969153899999995]}}, {"type": "Feature", "properties": {"osm_id": "node/12124316716", "natural": "tree"}, "geometry": {"type": "Point", "coordinates": [-43.1811763, -22.968924900000005]}}, {"type": "Feature", "properties": {"osm_id": "node/12124316717", "natural": "tree"}, "geometry": {"type": "Point", "coordinates": [-43.18469, -22.971948]}}, {"type": "Feature", "properties": {"osm_id": "node/12124316718", "natural": "tree"}, "geometry": {"type": "Point", "coordinates": [-43.1847138, -22.9719841]}}, {"type": "Feature", "properties": {"osm_id": "node/12124316719", "natural": "tree"}, "geometry": {"type": "Point", "coordinates": [-43.1852146, -22.972502800000004]}}, {"type": "Feature", "properties": {"osm_id": "node/12124316720", "natural": "tree"}, "geometry": {"type": "Point", "coordinates": [-43.1852447, -22.9725541]}}, {"type": "Feature", "properties": {"osm_id": "node/12124316721", "natural": "tree"}, "geometry": {"type": "Point", "coordinates": [-43.1850601, -22.972289399999998]}}, {"type": "Feature", "properties": {"osm_id": "node/12124316722", "natural": "tree"}, "geometry": {"type": "Point", "coordinates": [-43.1849807, -22.972183099999995]}}, {"type": "Feature", "properties": {"osm_id": "node/12124316723", "natural": "tree"}, "geometry": {"type": "Point", "coordinates": [-43.185143, -22.972365299999996]}}, {"type": "Feature", "properties": {"osm_id": "node/12124316724", "natural": "tree"}, "geometry": {"type": "Point", "coordinates": [-43.1855129, -22.972805000000005]}}, {"type": "Feature", "properties": {"osm_id": "node/12124316725", "natural": "tree"}, "geometry": {"type": "Point", "coordinates": [-43.1855601, -22.9728663]}}, {"type": "Feature", "properties": {"osm_id": "node/12124316726", "natural": "tree"}, "geometry": {"type": "Point", "coordinates": [-43.185633, -22.972935400000004]}}, {"type": "Feature", "properties": {"osm_id": "node/12124316727", "natural": "tree"}, "geometry": {"type": "Point", "coordinates": [-43.1856717, -22.972978899999998]}}, {"type": "Feature", "properties": {"osm_id": "node/12124316728", "natural": "tree"}, "geometry": {"type": "Point", "coordinates": [-43.185915, -22.973196400000003]}}, {"type": "Feature", "properties": {"osm_id": "node/12124316729", "natural": "tree"}, "geometry": {"type": "Point", "coordinates": [-43.1858734, -22.973259399999996]}}, {"type": "Feature", "properties": {"osm_id": "node/12124316730", "natural": "tree"}, "geometry": {"type": "Point", "coordinates": [-43.1859137, -22.973310800000004]}}, {"type": "Feature", "properties": {"osm_id": "node/12124316731", "natural": "tree"}, "geometry": {"type": "Point", "coordinates": [-43.1859783, -22.973339400000004]}}, {"type": "Feature", "properties": {"osm_id": "node/12124316732", "natural": "tree"}, "geometry": {"type": "Point", "coordinates": [-43.1852833, -22.973046100000005]}}, {"type": "Feature", "properties": {"osm_id": "node/12124316733", "natural": "tree"}, "geometry": {"type": "Point", "coordinates": [-43.1853477, -22.973099399999995]}}, {"type": "Feature", "properties": {"osm_id": "node/12124316734", "natural": "tree"}, "geometry": {"type": "Point", "coordinates": [-43.1854378, -22.9731962]}}, {"type": "Feature", "properties": {"osm_id": "node/12124316735", "natural": "tree"}, "geometry": {"type": "Point", "coordinates": [-43.1853734, -22.9732417]}}, {"type": "Feature", "properties": {"osm_id": "node/12124316736", "natural": "tree"}, "geometry": {"type": "Point", "coordinates": [-43.185253200000005, -22.9732831]}}, {"type": "Feature", "properties": {"osm_id": "node/12124316737", "natural": "tree"}, "geometry": {"type": "Point", "coordinates": [-43.1851811, -22.973192799999996]}}, {"type": "Feature", "properties": {"osm_id": "node/12124316738", "natural": "tree"}, "geometry": {"type": "Point", "coordinates": [-43.1852226, -22.973132]}}, {"type": "Feature", "properties": {"osm_id": "node/12124316739", "natural": "tree"}, "geometry": {"type": "Point", "coordinates": [-43.1852919, -22.973172499999997]}}, {"type": "Feature", "properties": {"osm_id": "node/12124316740", "natural": "tree"}, "geometry": {"type": "Point", "coordinates": [-43.185309, -22.9732377]}}, {"type": "Feature", "properties": {"osm_id": "node/12124316741", "natural": "tree"}, "geometry": {"type": "Point", "coordinates": [-43.1855064, -22.973373999999996]}}, {"type": "Feature", "properties": {"osm_id": "node/12124316742", "natural": "tree"}, "geometry": {"type": "Point", "coordinates": [-43.1855687, -22.973377999999997]}}, {"type": "Feature", "properties": {"osm_id": "node/12124316743", "natural": "tree"}, "geometry": {"type": "Point", "coordinates": [-43.1865804, -22.974022299999998]}}, {"type": "Feature", "properties": {"osm_id": "node/12124316744", "natural": "tree"}, "geometry": {"type": "Point", "coordinates": [-43.18669950000001, -22.974954500000003]}}, {"type": "Feature", "properties": {"osm_id": "node/12124316745", "natural": "tree"}, "geometry": {"type": "Point", "coordinates": [-43.1868012, -22.9749013]}}, {"type": "Feature", "properties": {"osm_id": "node/12124316746", "natural": "tree"}, "geometry": {"type": "Point", "coordinates": [-43.18678810000001, -22.974956999999996]}}, {"type": "Feature", "properties": {"osm_id": "node/12124316747", "natural": "tree"}, "geometry": {"type": "Point", "coordinates": [-43.1865665, -22.9747372]}}, {"type": "Feature", "properties": {"osm_id": "node/12124316748", "natural": "tree"}, "geometry": {"type": "Point", "coordinates": [-43.1865235, -22.97480629999999]}}, {"type": "Feature", "properties": {"osm_id": "node/12124316749", "natural": "tree"}, "geometry": {"type": "Point", "coordinates": [-43.1876765, -22.975669399999997]}}, {"type": "Feature", "properties": {"osm_id": "node/12124316750", "natural": "tree"}, "geometry": {"type": "Point", "coordinates": [-43.1876148, -22.9757097]}}, {"type": "Feature", "properties": {"osm_id": "node/12124316751", "natural": "tree"}, "geometry": {"type": "Point", "coordinates": [-43.188525500000004, -22.97738439999999]}}, {"type": "Feature", "properties": {"osm_id": "node/12124316752", "natural": "tree"}, "geometry": {"type": "Point", "coordinates": [-43.1889998, -22.9787435]}}, {"type": "Feature", "properties": {"osm_id": "node/12124316753", "natural": "tree"}, "geometry": {"type": "Point", "coordinates": [-43.18908750000001, -22.9787437]}}, {"type": "Feature", "properties": {"osm_id": "node/12124316754", "natural": "tree"}, "geometry": {"type": "Point", "coordinates": [-43.1893452, -22.978548]}}, {"type": "Feature", "properties": {"osm_id": "node/12124316755", "natural": "tree"}, "geometry": {"type": "Point", "coordinates": [-43.1891521, -22.978144999999998]}}, {"type": "Feature", "properties": {"osm_id": "node/12124316763", "natural": "tree"}, "geometry": {"type": "Point", "coordinates": [-43.18919300000001, -22.979030899999998]}}, {"type": "Feature", "properties": {"osm_id": "node/12124316764", "natural": "tree"}, "geometry": {"type": "Point", "coordinates": [-43.1892263, -22.979055499999994]}}, {"type": "Feature", "properties": {"osm_id": "node/12124316765", "natural": "tree"}, "geometry": {"type": "Point", "coordinates": [-43.1892499, -22.979119799999992]}}, {"type": "Feature", "properties": {"osm_id": "node/12124316769", "natural": "tree"}, "geometry": {"type": "Point", "coordinates": [-43.1893003, -22.978414599999997]}}, {"type": "Feature", "properties": {"osm_id": "node/12124316770", "natural": "tree"}, "geometry": {"type": "Point", "coordinates": [-43.18925850000001, -22.9784482]}}, {"type": "Feature", "properties": {"osm_id": "node/12124316771", "natural": "tree"}, "geometry": {"type": "Point", "coordinates": [-43.1893819, -22.9785124]}}, {"type": "Feature", "properties": {"osm_id": "node/12124316772", "natural": "tree"}, "geometry": {"type": "Point", "coordinates": [-43.1893808, -22.978547900000002]}}, {"type": "Feature", "properties": {"osm_id": "node/12124316773", "natural": "tree"}, "geometry": {"type": "Point", "coordinates": [-43.188883, -22.9782405]}}, {"type": "Feature", "properties": {"osm_id": "node/12124316774", "natural": "tree"}, "geometry": {"type": "Point", "coordinates": [-43.1888843, -22.97820769999999]}}, {"type": "Feature", "properties": {"osm_id": "node/12124316775", "natural": "tree"}, "geometry": {"type": "Point", "coordinates": [-43.1889183, -22.978250900000003]}}, {"type": "Feature", "properties": {"osm_id": "node/12124316776", "natural": "tree"}, "geometry": {"type": "Point", "coordinates": [-43.1888347, -22.9781953]}}, {"type": "Feature", "properties": {"osm_id": "node/12124316777", "natural": "tree"}, "geometry": {"type": "Point", "coordinates": [-43.1888787, -22.9781637]}}, {"type": "Feature", "properties": {"osm_id": "node/12124316778", "natural": "tree"}, "geometry": {"type": "Point", "coordinates": [-43.1889098, -22.978434199999995]}}, {"type": "Feature", "properties": {"osm_id": "node/12124316779", "natural": "tree"}, "geometry": {"type": "Point", "coordinates": [-43.1889205, -22.9784719]}}, {"type": "Feature", "properties": {"osm_id": "node/12124316780", "natural": "tree"}, "geometry": {"type": "Point", "coordinates": [-43.1890418, -22.978524200000003]}}, {"type": "Feature", "properties": {"osm_id": "node/12124316781", "natural": "tree"}, "geometry": {"type": "Point", "coordinates": [-43.1890085, -22.9786793]}}, {"type": "Feature", "properties": {"osm_id": "node/12124316782", "natural": "tree"}, "geometry": {"type": "Point", "coordinates": [-43.1890976, -22.9787119]}}, {"type": "Feature", "properties": {"osm_id": "node/12131079374", "natural": "tree"}, "geometry": {"type": "Point", "coordinates": [-43.1873904, -22.9747121]}}, {"type": "Feature", "properties": {"osm_id": "node/12131079375", "natural": "tree"}, "geometry": {"type": "Point", "coordinates": [-43.1873435, -22.9746396]}}, {"type": "Feature", "properties": {"osm_id": "node/12131079376", "natural": "tree"}, "geometry": {"type": "Point", "coordinates": [-43.1873387, -22.974787400000007]}}, {"type": "Feature", "properties": {"osm_id": "node/12131079377", "natural": "tree"}, "geometry": {"type": "Point", "coordinates": [-43.1871327, -22.974799100000002]}}, {"type": "Feature", "properties": {"osm_id": "node/12131079378", "natural": "tree"}, "geometry": {"type": "Point", "coordinates": [-43.1871695, -22.9748825]}}, {"type": "Feature", "properties": {"osm_id": "node/12131079379", "natural": "tree"}, "geometry": {"type": "Point", "coordinates": [-43.1873117, -22.975098799999998]}}, {"type": "Feature", "properties": {"osm_id": "node/12131079380", "natural": "tree"}, "geometry": {"type": "Point", "coordinates": [-43.1872557, -22.975129999999993]}}, {"type": "Feature", "properties": {"osm_id": "node/12131079381", "natural": "tree"}, "geometry": {"type": "Point", "coordinates": [-43.187415, -22.9753529]}}, {"type": "Feature", "properties": {"osm_id": "node/12392563685", "natural": "tree"}, "geometry": {"type": "Point", "coordinates": [-43.1872901, -22.966993900000006]}}, {"type": "Feature", "properties": {"osm_id": "node/12392563686", "natural": "tree"}, "geometry": {"type": "Point", "coordinates": [-43.1872304, -22.966918599999996]}}, {"type": "Feature", "properties": {"osm_id": "node/12392563687", "natural": "tree"}, "geometry": {"type": "Point", "coordinates": [-43.1871573, -22.966867400000005]}}, {"type": "Feature", "properties": {"osm_id": "node/12392563688", "natural": "tree"}, "geometry": {"type": "Point", "coordinates": [-43.187058, -22.966861799999997]}}, {"type": "Feature", "properties": {"osm_id": "node/12392563689", "natural": "tree"}, "geometry": {"type": "Point", "coordinates": [-43.186943400000004, -22.9668279]}}, {"type": "Feature", "properties": {"osm_id": "node/12392563690", "natural": "tree"}, "geometry": {"type": "Point", "coordinates": [-43.1868555, -22.966832199999995]}}, {"type": "Feature", "properties": {"osm_id": "node/12392563691", "natural": "tree"}, "geometry": {"type": "Point", "coordinates": [-43.1868111, -22.9669873]}}, {"type": "Feature", "properties": {"osm_id": "node/12392563692", "natural": "tree"}, "geometry": {"type": "Point", "coordinates": [-43.1870492, -22.966418900000004]}}, {"type": "Feature", "properties": {"osm_id": "node/12392563693", "natural": "tree"}, "geometry": {"type": "Point", "coordinates": [-43.187087, -22.9663953]}}, {"type": "Feature", "properties": {"osm_id": "node/12392563694", "natural": "tree"}, "geometry": {"type": "Point", "coordinates": [-43.1874617, -22.966319700000003]}}, {"type": "Feature", "properties": {"osm_id": "node/12392563695", "natural": "tree"}, "geometry": {"type": "Point", "coordinates": [-43.1876079, -22.9662852]}}, {"type": "Feature", "properties": {"osm_id": "node/12392563696", "natural": "tree"}, "geometry": {"type": "Point", "coordinates": [-43.1876837, -22.966238200000003]}}, {"type": "Feature", "properties": {"osm_id": "node/12392563697", "natural": "tree"}, "geometry": {"type": "Point", "coordinates": [-43.1877796, -22.9661858]}}, {"type": "Feature", "properties": {"osm_id": "node/12392563698", "natural": "tree"}, "geometry": {"type": "Point", "coordinates": [-43.1867972, -22.9665093]}}, {"type": "Feature", "properties": {"osm_id": "node/12392563699", "natural": "tree"}, "geometry": {"type": "Point", "coordinates": [-43.1872129, -22.966488299999998]}}, {"type": "Feature", "properties": {"osm_id": "node/12392563700", "natural": "tree"}, "geometry": {"type": "Point", "coordinates": [-43.186923300000004, -22.96659879999999]}}, {"type": "Feature", "properties": {"osm_id": "node/12392563701", "natural": "tree"}, "geometry": {"type": "Point", "coordinates": [-43.1870151, -22.966541999999997]}}, {"type": "Feature", "properties": {"osm_id": "node/12392563702", "natural": "tree"}, "geometry": {"type": "Point", "coordinates": [-43.1846547, -22.966414799999995]}}, {"type": "Feature", "properties": {"osm_id": "node/12392563703", "natural": "tree"}, "geometry": {"type": "Point", "coordinates": [-43.1847734, -22.966406600000003]}}, {"type": "Feature", "properties": {"osm_id": "node/12392563704", "natural": "tree"}, "geometry": {"type": "Point", "coordinates": [-43.1847915, -22.966481300000005]}}, {"type": "Feature", "properties": {"osm_id": "node/12392563705", "natural": "tree"}, "geometry": {"type": "Point", "coordinates": [-43.1849854, -22.9664692]}}, {"type": "Feature", "properties": {"osm_id": "node/12392563706", "natural": "tree"}, "geometry": {"type": "Point", "coordinates": [-43.1849516, -22.966553599999997]}}, {"type": "Feature", "properties": {"osm_id": "node/12392563707", "natural": "tree"}, "geometry": {"type": "Point", "coordinates": [-43.1850522, -22.966591]}}, {"type": "Feature", "properties": {"osm_id": "node/12392563708", "natural": "tree"}, "geometry": {"type": "Point", "coordinates": [-43.1851075, -22.9666202]}}, {"type": "Feature", "properties": {"osm_id": "node/12392563709", "natural": "tree"}, "geometry": {"type": "Point", "coordinates": [-43.18518310000001, -22.966584800000003]}}, {"type": "Feature", "properties": {"osm_id": "node/12392563710", "natural": "tree"}, "geometry": {"type": "Point", "coordinates": [-43.1852469, -22.966618600000004]}}, {"type": "Feature", "properties": {"osm_id": "node/12392563711", "natural": "tree"}, "geometry": {"type": "Point", "coordinates": [-43.1854337, -22.966712199999993]}}, {"type": "Feature", "properties": {"osm_id": "node/12392563712", "natural": "tree"}, "geometry": {"type": "Point", "coordinates": [-43.1855029, -22.966751099999996]}}, {"type": "Feature", "properties": {"osm_id": "node/12392563713", "natural": "tree"}, "geometry": {"type": "Point", "coordinates": [-43.1856091, -22.966808399999998]}}, {"type": "Feature", "properties": {"osm_id": "node/12392563714", "natural": "tree"}, "geometry": {"type": "Point", "coordinates": [-43.185862, -22.966925499999995]}}, {"type": "Feature", "properties": {"osm_id": "node/12392563715", "natural": "tree"}, "geometry": {"type": "Point", "coordinates": [-43.1859889, -22.966998400000005]}}, {"type": "Feature", "properties": {"osm_id": "node/12392563716", "natural": "tree"}, "geometry": {"type": "Point", "coordinates": [-43.1860046, -22.967089000000005]}}, {"type": "Feature", "properties": {"osm_id": "node/12392563717", "natural": "tree"}, "geometry": {"type": "Point", "coordinates": [-43.1858531, -22.967011199999995]}}, {"type": "Feature", "properties": {"osm_id": "node/12392563718", "natural": "tree"}, "geometry": {"type": "Point", "coordinates": [-43.1857444, -22.966959999999997]}}, {"type": "Feature", "properties": {"osm_id": "node/12392563719", "natural": "tree"}, "geometry": {"type": "Point", "coordinates": [-43.1856432, -22.966900100000004]}}, {"type": "Feature", "properties": {"osm_id": "node/12392563720", "natural": "tree"}, "geometry": {"type": "Point", "coordinates": [-43.185377, -22.9667803]}}, {"type": "Feature", "properties": {"osm_id": "node/12392563721", "natural": "tree"}, "geometry": {"type": "Point", "coordinates": [-43.1854641, -22.966819199999996]}}, {"type": "Feature", "properties": {"osm_id": "node/12392563722", "natural": "tree"}, "geometry": {"type": "Point", "coordinates": [-43.1852771, -22.966730899999995]}}, {"type": "Feature", "properties": {"osm_id": "node/12394897797", "natural": "tree"}, "geometry": {"type": "Point", "coordinates": [-43.1786264, -22.967352899999998]}}, {"type": "Feature", "properties": {"osm_id": "node/12394897798", "natural": "tree"}, "geometry": {"type": "Point", "coordinates": [-43.17873230000001, -22.967399899999997]}}, {"type": "Feature", "properties": {"osm_id": "node/12394897799", "natural": "tree"}, "geometry": {"type": "Point", "coordinates": [-43.1788126, -22.967425899999988]}}, {"type": "Feature", "properties": {"osm_id": "node/12394913305", "natural": "tree"}, "geometry": {"type": "Point", "coordinates": [-43.1787103, -22.9673273]}}, {"type": "Feature", "properties": {"osm_id": "node/12394913306", "natural": "tree"}, "geometry": {"type": "Point", "coordinates": [-43.1783831, -22.967226699999994]}}, {"type": "Feature", "properties": {"osm_id": "node/12394913307", "natural": "tree"}, "geometry": {"type": "Point", "coordinates": [-43.1784274, -22.967148299999998]}}, {"type": "Feature", "properties": {"osm_id": "node/12394913308", "natural": "tree"}, "geometry": {"type": "Point", "coordinates": [-43.1782564, -22.967416199999995]}}, {"type": "Feature", "properties": {"osm_id": "node/12394913309", "natural": "tree"}, "geometry": {"type": "Point", "coordinates": [-43.1783677, -22.967476700000002]}}, {"type": "Feature", "properties": {"osm_id": "node/12394913310", "natural": "tree"}, "geometry": {"type": "Point", "coordinates": [-43.1784307, -22.967550199999994]}}, {"type": "Feature", "properties": {"osm_id": "node/12394913311", "natural": "tree"}, "geometry": {"type": "Point", "coordinates": [-43.1786487, -22.9676947]}}, {"type": "Feature", "properties": {"osm_id": "node/12394913312", "natural": "tree"}, "geometry": {"type": "Point", "coordinates": [-43.1794976, -22.9671773]}}, {"type": "Feature", "properties": {"osm_id": "node/12394913313", "natural": "tree"}, "geometry": {"type": "Point", "coordinates": [-43.1794526, -22.9672705]}}, {"type": "Feature", "properties": {"osm_id": "node/12394913314", "natural": "tree"}, "geometry": {"type": "Point", "coordinates": [-43.1793547, -22.967402700000008]}}, {"type": "Feature", "properties": {"osm_id": "node/12394945824", "natural": "tree"}, "geometry": {"type": "Point", "coordinates": [-43.1874223, -22.967211199999998]}}, {"type": "Feature", "properties": {"osm_id": "node/12394945825", "natural": "tree"}, "geometry": {"type": "Point", "coordinates": [-43.1874649, -22.967252400000003]}}, {"type": "Feature", "properties": {"osm_id": "node/12394945826", "natural": "tree"}, "geometry": {"type": "Point", "coordinates": [-43.1875373, -22.96737829999999]}}, {"type": "Feature", "properties": {"osm_id": "node/12394945827", "natural": "tree"}, "geometry": {"type": "Point", "coordinates": [-43.1875272, -22.9673137]}}, {"type": "Feature", "properties": {"osm_id": "node/12394945828", "natural": "tree"}, "geometry": {"type": "Point", "coordinates": [-43.1874915, -22.96739549999999]}}, {"type": "Feature", "properties": {"osm_id": "node/12394945829", "natural": "tree"}, "geometry": {"type": "Point", "coordinates": [-43.1872882, -22.9676518]}}, {"type": "Feature", "properties": {"osm_id": "node/12396497795", "natural": "tree"}, "geometry": {"type": "Point", "coordinates": [-43.1791799, -22.9676934]}}, {"type": "Feature", "properties": {"osm_id": "node/12396497796", "natural": "tree"}, "geometry": {"type": "Point", "coordinates": [-43.1795535, -22.967824800000002]}}, {"type": "Feature", "properties": {"osm_id": "node/12396497797", "natural": "tree"}, "geometry": {"type": "Point", "coordinates": [-43.1794683, -22.96785319999999]}}, {"type": "Feature", "properties": {"osm_id": "node/12396497798", "natural": "tree"}, "geometry": {"type": "Point", "coordinates": [-43.1799958, -22.9668248]}}, {"type": "Feature", "properties": {"osm_id": "node/12396497799", "natural": "tree"}, "geometry": {"type": "Point", "coordinates": [-43.1801017, -22.966866799999995]}}, {"type": "Feature", "properties": {"osm_id": "node/12396497800", "natural": "tree"}, "geometry": {"type": "Point", "coordinates": [-43.1801554, -22.966901299999993]}}, {"type": "Feature", "properties": {"osm_id": "node/12396508901", "natural": "tree"}, "geometry": {"type": "Point", "coordinates": [-43.1802157, -22.966929099999998]}}, {"type": "Feature", "properties": {"osm_id": "node/12396508902", "natural": "tree"}, "geometry": {"type": "Point", "coordinates": [-43.1790677, -22.9663204]}}, {"type": "Feature", "properties": {"osm_id": "node/12396508903", "natural": "tree"}, "geometry": {"type": "Point", "coordinates": [-43.1792045, -22.966376499999996]}}, {"type": "Feature", "properties": {"osm_id": "node/12396508904", "natural": "tree"}, "geometry": {"type": "Point", "coordinates": [-43.1792897, -22.9664241]}}, {"type": "Feature", "properties": {"osm_id": "node/12396508905", "natural": "tree"}, "geometry": {"type": "Point", "coordinates": [-43.1793273, -22.966445700000005]}}, {"type": "Feature", "properties": {"osm_id": "node/12396508906", "natural": "tree"}, "geometry": {"type": "Point", "coordinates": [-43.1794433, -22.9665241]}}, {"type": "Feature", "properties": {"osm_id": "node/12396508907", "natural": "tree"}, "geometry": {"type": "Point", "coordinates": [-43.1794982, -22.966558700000004]}}, {"type": "Feature", "properties": {"osm_id": "node/12396508908", "natural": "tree"}, "geometry": {"type": "Point", "coordinates": [-43.1799066, -22.966898200000003]}}, {"type": "Feature", "properties": {"osm_id": "node/12396508909", "natural": "tree"}, "geometry": {"type": "Point", "coordinates": [-43.1800447, -22.966990899999992]}}, {"type": "Feature", "properties": {"osm_id": "node/12396508910", "natural": "tree"}, "geometry": {"type": "Point", "coordinates": [-43.1802017, -22.967043899999997]}}, {"type": "Feature", "properties": {"osm_id": "node/12396508911", "natural": "tree"}, "geometry": {"type": "Point", "coordinates": [-43.1795968, -22.966759900000003]}}, {"type": "Feature", "properties": {"osm_id": "node/12396508912", "natural": "tree"}, "geometry": {"type": "Point", "coordinates": [-43.1796793, -22.966801899999993]}}, {"type": "Feature", "properties": {"osm_id": "node/12396636635", "natural": "tree"}, "geometry": {"type": "Point", "coordinates": [-43.1776187, -22.9675971]}}, {"type": "Feature", "properties": {"osm_id": "node/12396636636", "natural": "tree"}, "geometry": {"type": "Point", "coordinates": [-43.1776556, -22.9675027]}}, {"type": "Feature", "properties": {"osm_id": "node/12396636637", "natural": "tree"}, "geometry": {"type": "Point", "coordinates": [-43.1776804, -22.967510700000005]}}, {"type": "Feature", "properties": {"osm_id": "node/12396636638", "natural": "tree"}, "geometry": {"type": "Point", "coordinates": [-43.1776623, -22.967566899999998]}}, {"type": "Feature", "properties": {"osm_id": "node/12396636639", "natural": "tree"}, "geometry": {"type": "Point", "coordinates": [-43.1776415, -22.967588499999998]}}, {"type": "Feature", "properties": {"osm_id": "node/12396636640", "natural": "tree"}, "geometry": {"type": "Point", "coordinates": [-43.1776408, -22.967617499999992]}}, {"type": "Feature", "properties": {"osm_id": "node/12396636641", "natural": "tree"}, "geometry": {"type": "Point", "coordinates": [-43.1776153, -22.9676323]}}, {"type": "Feature", "properties": {"osm_id": "node/12396636642", "natural": "tree"}, "geometry": {"type": "Point", "coordinates": [-43.1776502, -22.967642199999993]}}, {"type": "Feature", "properties": {"osm_id": "node/12396636643", "natural": "tree"}, "geometry": {"type": "Point", "coordinates": [-43.177673, -22.967629200000005]}}, {"type": "Feature", "properties": {"osm_id": "node/12396636644", "natural": "tree"}, "geometry": {"type": "Point", "coordinates": [-43.1776918, -22.967613200000002]}}, {"type": "Feature", "properties": {"osm_id": "node/12396636645", "natural": "tree"}, "geometry": {"type": "Point", "coordinates": [-43.1777018, -22.967595899999996]}}, {"type": "Feature", "properties": {"osm_id": "node/12396636646", "natural": "tree"}, "geometry": {"type": "Point", "coordinates": [-43.1776945, -22.967570600000002]}}, {"type": "Feature", "properties": {"osm_id": "node/12396636647", "natural": "tree"}, "geometry": {"type": "Point", "coordinates": [-43.177734, -22.9675385]}}, {"type": "Feature", "properties": {"osm_id": "node/12396636648", "natural": "tree"}, "geometry": {"type": "Point", "coordinates": [-43.17768910000001, -22.967540299999992]}}, {"type": "Feature", "properties": {"osm_id": "node/12396636649", "natural": "tree"}, "geometry": {"type": "Point", "coordinates": [-43.1779486, -22.96766319999999]}}, {"type": "Feature", "properties": {"osm_id": "node/12396636650", "natural": "tree"}, "geometry": {"type": "Point", "coordinates": [-43.1779131, -22.967716299999996]}}, {"type": "Feature", "properties": {"osm_id": "node/12396636651", "natural": "tree"}, "geometry": {"type": "Point", "coordinates": [-43.1778715, -22.967748999999994]}}, {"type": "Feature", "properties": {"osm_id": "node/12396636652", "natural": "tree"}, "geometry": {"type": "Point", "coordinates": [-43.177909, -22.9676799]}}, {"type": "Feature", "properties": {"osm_id": "node/12396636653", "natural": "tree"}, "geometry": {"type": "Point", "coordinates": [-43.1778789, -22.967714399999988]}}, {"type": "Feature", "properties": {"osm_id": "node/12396636654", "natural": "tree"}, "geometry": {"type": "Point", "coordinates": [-43.1778836, -22.9677669]}}, {"type": "Feature", "properties": {"osm_id": "node/12396636655", "natural": "tree"}, "geometry": {"type": "Point", "coordinates": [-43.1779902, -22.9677688]}}, {"type": "Feature", "properties": {"osm_id": "node/12396636656", "natural": "tree"}, "geometry": {"type": "Point", "coordinates": [-43.1780016, -22.967795900000002]}}, {"type": "Feature", "properties": {"osm_id": "node/12396636657", "natural": "tree"}, "geometry": {"type": "Point", "coordinates": [-43.1780425, -22.967815099999996]}}, {"type": "Feature", "properties": {"osm_id": "node/12396636658", "natural": "tree"}, "geometry": {"type": "Point", "coordinates": [-43.1781947, -22.967882400000004]}}, {"type": "Feature", "properties": {"osm_id": "node/12396636659", "natural": "tree"}, "geometry": {"type": "Point", "coordinates": [-43.1783268, -22.9679194]}}, {"type": "Feature", "properties": {"osm_id": "node/12396636660", "natural": "tree"}, "geometry": {"type": "Point", "coordinates": [-43.178277800000004, -22.9679244]}}, {"type": "Feature", "properties": {"osm_id": "node/12396636661", "natural": "tree"}, "geometry": {"type": "Point", "coordinates": [-43.1782275, -22.967902100000007]}}, {"type": "Feature", "properties": {"osm_id": "node/12396636662", "natural": "tree"}, "geometry": {"type": "Point", "coordinates": [-43.178253, -22.96787429999999]}}, {"type": "Feature", "properties": {"osm_id": "node/12396636663", "natural": "tree"}, "geometry": {"type": "Point", "coordinates": [-43.17829530000001, -22.96787309999999]}}, {"type": "Feature", "properties": {"osm_id": "node/12396636664", "natural": "tree"}, "geometry": {"type": "Point", "coordinates": [-43.1783328, -22.967878000000002]}}, {"type": "Feature", "properties": {"osm_id": "node/12396636665", "natural": "tree"}, "geometry": {"type": "Point", "coordinates": [-43.179175, -22.968381200000003]}}, {"type": "Feature", "properties": {"osm_id": "node/12396636666", "natural": "tree"}, "geometry": {"type": "Point", "coordinates": [-43.1791777, -22.968351599999995]}}, {"type": "Feature", "properties": {"osm_id": "node/12396636667", "natural": "tree"}, "geometry": {"type": "Point", "coordinates": [-43.1791475, -22.968403400000003]}}, {"type": "Feature", "properties": {"osm_id": "node/12396636668", "natural": "tree"}, "geometry": {"type": "Point", "coordinates": [-43.179104, -22.9683257]}}, {"type": "Feature", "properties": {"osm_id": "node/12396636669", "natural": "tree"}, "geometry": {"type": "Point", "coordinates": [-43.1791254, -22.9683596]}}, {"type": "Feature", "properties": {"osm_id": "node/12396636670", "natural": "tree"}, "geometry": {"type": "Point", "coordinates": [-43.1791093, -22.968384900000004]}}, {"type": "Feature", "properties": {"osm_id": "node/12396636671", "natural": "tree"}, "geometry": {"type": "Point", "coordinates": [-43.1790496, -22.968321300000003]}}, {"type": "Feature", "properties": {"osm_id": "node/12396636672", "natural": "tree"}, "geometry": {"type": "Point", "coordinates": [-43.1793232, -22.968537400000002]}}, {"type": "Feature", "properties": {"osm_id": "node/12396636673", "natural": "tree"}, "geometry": {"type": "Point", "coordinates": [-43.1793782, -22.968571400000002]}}, {"type": "Feature", "properties": {"osm_id": "node/12396636674", "natural": "tree"}, "geometry": {"type": "Point", "coordinates": [-43.1795593, -22.968616400000002]}}, {"type": "Feature", "properties": {"osm_id": "node/12396636675", "natural": "tree"}, "geometry": {"type": "Point", "coordinates": [-43.1795217, -22.968585600000004]}}, {"type": "Feature", "properties": {"osm_id": "node/12396636676", "natural": "tree"}, "geometry": {"type": "Point", "coordinates": [-43.179576, -22.9685955]}}, {"type": "Feature", "properties": {"osm_id": "node/12396636677", "natural": "tree"}, "geometry": {"type": "Point", "coordinates": [-43.1796136, -22.9686078]}}, {"type": "Feature", "properties": {"osm_id": "node/12396636678", "natural": "tree"}, "geometry": {"type": "Point", "coordinates": [-43.1796746, -22.968660899999996]}}, {"type": "Feature", "properties": {"osm_id": "node/12396636679", "natural": "tree"}, "geometry": {"type": "Point", "coordinates": [-43.1796451, -22.9686461]}}, {"type": "Feature", "properties": {"osm_id": "node/12396636680", "natural": "tree"}, "geometry": {"type": "Point", "coordinates": [-43.1797269, -22.968665799999993]}}, {"type": "Feature", "properties": {"osm_id": "node/12396636681", "natural": "tree"}, "geometry": {"type": "Point", "coordinates": [-43.1797517, -22.968687399999997]}}, {"type": "Feature", "properties": {"osm_id": "node/12396636682", "natural": "tree"}, "geometry": {"type": "Point", "coordinates": [-43.1797645, -22.9687208]}}, {"type": "Feature", "properties": {"osm_id": "node/12396636683", "natural": "tree"}, "geometry": {"type": "Point", "coordinates": [-43.1798027, -22.968712800000006]}}, {"type": "Feature", "properties": {"osm_id": "node/12396636684", "natural": "tree"}, "geometry": {"type": "Point", "coordinates": [-43.1798422, -22.9687362]}}, {"type": "Feature", "properties": {"osm_id": "node/12396636685", "natural": "tree"}, "geometry": {"type": "Point", "coordinates": [-43.1798945, -22.9687918]}}, {"type": "Feature", "properties": {"osm_id": "node/12396636686", "natural": "tree"}, "geometry": {"type": "Point", "coordinates": [-43.1798463, -22.968765899999998]}}, {"type": "Feature", "properties": {"osm_id": "node/12396636687", "natural": "tree"}, "geometry": {"type": "Point", "coordinates": [-43.1798778, -22.9687547]}}, {"type": "Feature", "properties": {"osm_id": "node/12396636688", "natural": "tree"}, "geometry": {"type": "Point", "coordinates": [-43.1799227, -22.968784400000004]}}, {"type": "Feature", "properties": {"osm_id": "node/12396636689", "natural": "tree"}, "geometry": {"type": "Point", "coordinates": [-43.179967000000005, -22.968815899999996]}}, {"type": "Feature", "properties": {"osm_id": "node/12396636690", "natural": "tree"}, "geometry": {"type": "Point", "coordinates": [-43.1800172, -22.968845499999997]}}, {"type": "Feature", "properties": {"osm_id": "node/12396636691", "natural": "tree"}, "geometry": {"type": "Point", "coordinates": [-43.18002930000001, -22.968876400000003]}}, {"type": "Feature", "properties": {"osm_id": "node/12396636692", "natural": "tree"}, "geometry": {"type": "Point", "coordinates": [-43.1799837, -22.968845500000004]}}, {"type": "Feature", "properties": {"osm_id": "node/12396636693", "natural": "tree"}, "geometry": {"type": "Point", "coordinates": [-43.1800615, -22.968917100000002]}}, {"type": "Feature", "properties": {"osm_id": "node/12396636694", "natural": "tree"}, "geometry": {"type": "Point", "coordinates": [-43.1801131, -22.968905400000004]}}, {"type": "Feature", "properties": {"osm_id": "node/12396636695", "natural": "tree"}, "geometry": {"type": "Point", "coordinates": [-43.180154, -22.968932599999995]}}, {"type": "Feature", "properties": {"osm_id": "node/12396636696", "natural": "tree"}, "geometry": {"type": "Point", "coordinates": [-43.1801768, -22.968955399999995]}}, {"type": "Feature", "properties": {"osm_id": "node/12396636697", "natural": "tree"}, "geometry": {"type": "Point", "coordinates": [-43.1801413, -22.968987499999997]}}, {"type": "Feature", "properties": {"osm_id": "node/12396636698", "natural": "tree"}, "geometry": {"type": "Point", "coordinates": [-43.1812356, -22.969735799999995]}}, {"type": "Feature", "properties": {"osm_id": "node/12396636699", "natural": "tree"}, "geometry": {"type": "Point", "coordinates": [-43.1818745, -22.970170999999997]}}, {"type": "Feature", "properties": {"osm_id": "node/12396636700", "natural": "tree"}, "geometry": {"type": "Point", "coordinates": [-43.18200060000001, -22.9701181]}}, {"type": "Feature", "properties": {"osm_id": "node/12396636701", "natural": "tree"}, "geometry": {"type": "Point", "coordinates": [-43.181811, -22.9699908]}}, {"type": "Feature", "properties": {"osm_id": "node/12400955720", "natural": "tree"}, "geometry": {"type": "Point", "coordinates": [-43.1797168, -22.96667779999999]}}, {"type": "Feature", "properties": {"osm_id": "node/12400955721", "natural": "tree"}, "geometry": {"type": "Point", "coordinates": [-43.1797819, -22.9667161]}}, {"type": "Feature", "properties": {"osm_id": "node/12400955722", "natural": "tree"}, "geometry": {"type": "Point", "coordinates": [-43.1798764, -22.966757499999996]}}, {"type": "Feature", "properties": {"osm_id": "node/12400955723", "natural": "tree"}, "geometry": {"type": "Point", "coordinates": [-43.1799321, -22.966784000000004]}}, {"type": "Feature", "properties": {"osm_id": "node/12408397887", "natural": "tree"}, "geometry": {"type": "Point", "coordinates": [-43.1823461, -22.9700559]}}, {"type": "Feature", "properties": {"osm_id": "node/12408397888", "natural": "tree"}, "geometry": {"type": "Point", "coordinates": [-43.182512, -22.9700608]}}, {"type": "Feature", "properties": {"osm_id": "node/12408397889", "natural": "tree"}, "geometry": {"type": "Point", "coordinates": [-43.1825142, -22.970100899999995]}}, {"type": "Feature", "properties": {"osm_id": "node/12408397890", "natural": "tree"}, "geometry": {"type": "Point", "coordinates": [-43.182481200000005, -22.9700818]}}, {"type": "Feature", "properties": {"osm_id": "node/12408444761", "natural": "tree"}, "geometry": {"type": "Point", "coordinates": [-43.1873877, -22.9671538]}}, {"type": "Feature", "properties": {"osm_id": "node/12408496256", "natural": "tree"}, "geometry": {"type": "Point", "coordinates": [-43.1870902, -22.97431729999999]}}, {"type": "Feature", "properties": {"osm_id": "node/12408496257", "natural": "tree"}, "geometry": {"type": "Point", "coordinates": [-43.1865518, -22.9736475]}}, {"type": "Feature", "properties": {"osm_id": "node/12408496258", "natural": "tree"}, "geometry": {"type": "Point", "coordinates": [-43.1866423, -22.973735099999995]}}, {"type": "Feature", "properties": {"osm_id": "node/12408496259", "natural": "tree"}, "geometry": {"type": "Point", "coordinates": [-43.1862802, -22.973226399999998]}}, {"type": "Feature", "properties": {"osm_id": "node/12408496260", "natural": "tree"}, "geometry": {"type": "Point", "coordinates": [-43.1863037, -22.9732937]}}, {"type": "Feature", "properties": {"osm_id": "node/12408496261", "natural": "tree"}, "geometry": {"type": "Point", "coordinates": [-43.1865545, -22.97351409999999]}}, {"type": "Feature", "properties": {"osm_id": "node/12408496262", "natural": "tree"}, "geometry": {"type": "Point", "coordinates": [-43.1864458, -22.973422100000004]}}, {"type": "Feature", "properties": {"osm_id": "node/12408496263", "natural": "tree"}, "geometry": {"type": "Point", "coordinates": [-43.1861696, -22.97303939999999]}}, {"type": "Feature", "properties": {"osm_id": "node/12408496264", "natural": "tree"}, "geometry": {"type": "Point", "coordinates": [-43.1862427, -22.973121499999998]}}, {"type": "Feature", "properties": {"osm_id": "node/12408496265", "natural": "tree"}, "geometry": {"type": "Point", "coordinates": [-43.1861702, -22.972712800000007]}}, {"type": "Feature", "properties": {"osm_id": "node/12408496266", "natural": "tree"}, "geometry": {"type": "Point", "coordinates": [-43.1859885, -22.9729684]}}, {"type": "Feature", "properties": {"osm_id": "node/12408496267", "natural": "tree"}, "geometry": {"type": "Point", "coordinates": [-43.1860871, -22.9727992]}}, {"type": "Feature", "properties": {"osm_id": "node/12408496268", "natural": "tree"}, "geometry": {"type": "Point", "coordinates": [-43.1855614, -22.972345400000002]}}, {"type": "Feature", "properties": {"osm_id": "node/12408496269", "natural": "tree"}, "geometry": {"type": "Point", "coordinates": [-43.1856056, -22.972386800000002]}}, {"type": "Feature", "properties": {"osm_id": "node/12408496270", "natural": "tree"}, "geometry": {"type": "Point", "coordinates": [-43.1856298, -22.972464600000002]}}, {"type": "Feature", "properties": {"osm_id": "node/12408496271", "natural": "tree"}, "geometry": {"type": "Point", "coordinates": [-43.1855931, -22.97246330000001]}}, {"type": "Feature", "properties": {"osm_id": "node/12408496272", "natural": "tree"}, "geometry": {"type": "Point", "coordinates": [-43.1857379, -22.972596499999995]}}, {"type": "Feature", "properties": {"osm_id": "node/12408496273", "natural": "tree"}, "geometry": {"type": "Point", "coordinates": [-43.1852461, -22.9721751]}}, {"type": "Feature", "properties": {"osm_id": "node/12408496274", "natural": "tree"}, "geometry": {"type": "Point", "coordinates": [-43.1853632, -22.972116299999996]}}, {"type": "Feature", "properties": {"osm_id": "node/12408496275", "natural": "tree"}, "geometry": {"type": "Point", "coordinates": [-43.1852472, -22.972100699999995]}}, {"type": "Feature", "properties": {"osm_id": "node/12408496276", "natural": "tree"}, "geometry": {"type": "Point", "coordinates": [-43.1853238, -22.972218299999987]}}, {"type": "Feature", "properties": {"osm_id": "node/12408496277", "natural": "tree"}, "geometry": {"type": "Point", "coordinates": [-43.1847539, -22.971502]}}, {"type": "Feature", "properties": {"osm_id": "node/12408496278", "natural": "tree"}, "geometry": {"type": "Point", "coordinates": [-43.1846382, -22.9715121]}}, {"type": "Feature", "properties": {"osm_id": "node/12408496279", "natural": "tree"}, "geometry": {"type": "Point", "coordinates": [-43.1843662, -22.971667699999998]}}, {"type": "Feature", "properties": {"osm_id": "node/12408496280", "natural": "tree"}, "geometry": {"type": "Point", "coordinates": [-43.1844608, -22.971673900000006]}}, {"type": "Feature", "properties": {"osm_id": "node/12408496281", "natural": "tree"}, "geometry": {"type": "Point", "coordinates": [-43.1844211, -22.9716545]}}, {"type": "Feature", "properties": {"osm_id": "node/12408496282", "natural": "tree"}, "geometry": {"type": "Point", "coordinates": [-43.184095, -22.971450700000002]}}, {"type": "Feature", "properties": {"osm_id": "node/12408496283", "natural": "tree"}, "geometry": {"type": "Point", "coordinates": [-43.1841355, -22.971482600000005]}}, {"type": "Feature", "properties": {"osm_id": "node/12408496284", "natural": "tree"}, "geometry": {"type": "Point", "coordinates": [-43.1841093, -22.971358899999995]}}, {"type": "Feature", "properties": {"osm_id": "node/12408496285", "natural": "tree"}, "geometry": {"type": "Point", "coordinates": [-43.1841423, -22.971384599999993]}}, {"type": "Feature", "properties": {"osm_id": "node/12408496286", "natural": "tree"}, "geometry": {"type": "Point", "coordinates": [-43.1841693, -22.9714421]}}, {"type": "Feature", "properties": {"osm_id": "node/12408496287", "natural": "tree"}, "geometry": {"type": "Point", "coordinates": [-43.1842031, -22.971445999999997]}}, {"type": "Feature", "properties": {"osm_id": "node/12408496288", "natural": "tree"}, "geometry": {"type": "Point", "coordinates": [-43.18340830000001, -22.970777099999992]}}, {"type": "Feature", "properties": {"osm_id": "node/12408496289", "natural": "tree"}, "geometry": {"type": "Point", "coordinates": [-43.1834355, -22.970830499999998]}}, {"type": "Feature", "properties": {"osm_id": "node/12408496290", "natural": "tree"}, "geometry": {"type": "Point", "coordinates": [-43.1804591, -22.968805399999994]}}, {"type": "Feature", "properties": {"osm_id": "node/12408496291", "natural": "tree"}, "geometry": {"type": "Point", "coordinates": [-43.1805698, -22.9688381]}}, {"type": "Feature", "properties": {"osm_id": "node/12408496292", "natural": "tree"}, "geometry": {"type": "Point", "coordinates": [-43.1797812, -22.967962599999996]}}, {"type": "Feature", "properties": {"osm_id": "node/12408496293", "natural": "tree"}, "geometry": {"type": "Point", "coordinates": [-43.1799797, -22.968183]}}, {"type": "Feature", "properties": {"osm_id": "node/12408496294", "natural": "tree"}, "geometry": {"type": "Point", "coordinates": [-43.180097, -22.9682034]}}, {"type": "Feature", "properties": {"osm_id": "node/12408496295", "natural": "tree"}, "geometry": {"type": "Point", "coordinates": [-43.1802773, -22.968377499999992]}}, {"type": "Feature", "properties": {"osm_id": "node/12408496296", "natural": "tree"}, "geometry": {"type": "Point", "coordinates": [-43.1803178, -22.968344199999997]}}, {"type": "Feature", "properties": {"osm_id": "node/12408496297", "natural": "tree"}, "geometry": {"type": "Point", "coordinates": [-43.1803901, -22.9683942]}}, {"type": "Feature", "properties": {"osm_id": "node/12408496298", "natural": "tree"}, "geometry": {"type": "Point", "coordinates": [-43.1807297, -22.968547999999995]}}, {"type": "Feature", "properties": {"osm_id": "node/12408496299", "natural": "tree"}, "geometry": {"type": "Point", "coordinates": [-43.1806946, -22.9686137]}}, {"type": "Feature", "properties": {"osm_id": "node/12408496300", "natural": "tree"}, "geometry": {"type": "Point", "coordinates": [-43.1808063, -22.9686186]}}, {"type": "Feature", "properties": {"osm_id": "node/12408503601", "natural": "tree"}, "geometry": {"type": "Point", "coordinates": [-43.1812087, -22.9689283]}}, {"type": "Feature", "properties": {"osm_id": "node/12408503602", "natural": "tree"}, "geometry": {"type": "Point", "coordinates": [-43.1812023, -22.9688842]}}, {"type": "Feature", "properties": {"osm_id": "node/12408503603", "natural": "tree"}, "geometry": {"type": "Point", "coordinates": [-43.1811012, -22.968850899999996]}}, {"type": "Feature", "properties": {"osm_id": "node/12408503604", "natural": "tree"}, "geometry": {"type": "Point", "coordinates": [-43.1811448, -22.96883029999999]}}, {"type": "Feature", "properties": {"osm_id": "node/12408503605", "natural": "tree"}, "geometry": {"type": "Point", "coordinates": [-43.18115550000001, -22.968852799999997]}}, {"type": "Feature", "properties": {"osm_id": "node/12408503606", "natural": "tree"}, "geometry": {"type": "Point", "coordinates": [-43.1811246, -22.9688891]}}, {"type": "Feature", "properties": {"osm_id": "node/12408503607", "natural": "tree"}, "geometry": {"type": "Point", "coordinates": [-43.1809436, -22.968753800000005]}}, {"type": "Feature", "properties": {"osm_id": "node/12408503608", "natural": "tree"}, "geometry": {"type": "Point", "coordinates": [-43.1810064, -22.968737199999996]}}, {"type": "Feature", "properties": {"osm_id": "node/12408503609", "natural": "tree"}, "geometry": {"type": "Point", "coordinates": [-43.18104900000001, -22.9687607]}}, {"type": "Feature", "properties": {"osm_id": "node/12408503610", "natural": "tree"}, "geometry": {"type": "Point", "coordinates": [-43.181081, -22.9687744]}}, {"type": "Feature", "properties": {"osm_id": "node/12408503611", "natural": "tree"}, "geometry": {"type": "Point", "coordinates": [-43.1815419, -22.9694428]}}, {"type": "Feature", "properties": {"osm_id": "node/12408503612", "natural": "tree"}, "geometry": {"type": "Point", "coordinates": [-43.1815003, -22.969420300000003]}}, {"type": "Feature", "properties": {"osm_id": "node/12408503613", "natural": "tree"}, "geometry": {"type": "Point", "coordinates": [-43.181363, -22.969326200000005]}}, {"type": "Feature", "properties": {"osm_id": "node/12408503614", "natural": "tree"}, "geometry": {"type": "Point", "coordinates": [-43.18139600000001, -22.969378100000004]}}, {"type": "Feature", "properties": {"osm_id": "node/12408503615", "natural": "tree"}, "geometry": {"type": "Point", "coordinates": [-43.1816856, -22.969195800000005]}}, {"type": "Feature", "properties": {"osm_id": "node/12408503616", "natural": "tree"}, "geometry": {"type": "Point", "coordinates": [-43.1820496, -22.96942219999999]}}, {"type": "Feature", "properties": {"osm_id": "node/12408503617", "natural": "tree"}, "geometry": {"type": "Point", "coordinates": [-43.1822572, -22.969615299999994]}}, {"type": "Feature", "properties": {"osm_id": "node/12408503618", "natural": "tree"}, "geometry": {"type": "Point", "coordinates": [-43.1822135, -22.969583899999996]}}, {"type": "Feature", "properties": {"osm_id": "node/12408503619", "natural": "tree"}, "geometry": {"type": "Point", "coordinates": [-43.1826223, -22.9698721]}}, {"type": "Feature", "properties": {"osm_id": "node/12408503620", "natural": "tree"}, "geometry": {"type": "Point", "coordinates": [-43.1825211, -22.969794599999997]}}, {"type": "Feature", "properties": {"osm_id": "node/12408503621", "natural": "tree"}, "geometry": {"type": "Point", "coordinates": [-43.1838778, -22.971727600000005]}}, {"type": "Feature", "properties": {"osm_id": "node/12408503622", "natural": "tree"}, "geometry": {"type": "Point", "coordinates": [-43.1838914, -22.971631499999997]}}, {"type": "Feature", "properties": {"osm_id": "node/12408503623", "natural": "tree"}, "geometry": {"type": "Point", "coordinates": [-43.1838998, -22.97165950000001]}}, {"type": "Feature", "properties": {"osm_id": "node/12408503624", "natural": "tree"}, "geometry": {"type": "Point", "coordinates": [-43.1839247, -22.971640099999995]}}, {"type": "Feature", "properties": {"osm_id": "node/12408503625", "natural": "tree"}, "geometry": {"type": "Point", "coordinates": [-43.1839382, -22.971679399999992]}}, {"type": "Feature", "properties": {"osm_id": "node/12408503626", "natural": "tree"}, "geometry": {"type": "Point", "coordinates": [-43.1839615, -22.9716591]}}, {"type": "Feature", "properties": {"osm_id": "node/12408503627", "natural": "tree"}, "geometry": {"type": "Point", "coordinates": [-43.1820521, -22.970262100000006]}}, {"type": "Feature", "properties": {"osm_id": "node/12408503628", "natural": "tree"}, "geometry": {"type": "Point", "coordinates": [-43.1820986, -22.970224899999995]}}, {"type": "Feature", "properties": {"osm_id": "node/12408503629", "natural": "tree"}, "geometry": {"type": "Point", "coordinates": [-43.1823485, -22.970409300000004]}}, {"type": "Feature", "properties": {"osm_id": "node/12408503630", "natural": "tree"}, "geometry": {"type": "Point", "coordinates": [-43.1823474, -22.970443299999996]}}, {"type": "Feature", "properties": {"osm_id": "node/12408503631", "natural": "tree"}, "geometry": {"type": "Point", "coordinates": [-43.182697600000004, -22.970668200000006]}}, {"type": "Feature", "properties": {"osm_id": "node/12408503632", "natural": "tree"}, "geometry": {"type": "Point", "coordinates": [-43.1826655, -22.970675899999996]}}, {"type": "Feature", "properties": {"osm_id": "node/12408503633", "natural": "tree"}, "geometry": {"type": "Point", "coordinates": [-43.1833785, -22.971157899999998]}}, {"type": "Feature", "properties": {"osm_id": "node/12408503634", "natural": "tree"}, "geometry": {"type": "Point", "coordinates": [-43.1834935, -22.971240200000004]}}, {"type": "Feature", "properties": {"osm_id": "node/12408503635", "natural": "tree"}, "geometry": {"type": "Point", "coordinates": [-43.18349510000001, -22.971281799999993]}}, {"type": "Feature", "properties": {"osm_id": "node/12408503636", "natural": "tree"}, "geometry": {"type": "Point", "coordinates": [-43.1834621, -22.971262199999998]}}, {"type": "Feature", "properties": {"osm_id": "node/12408503637", "natural": "tree"}, "geometry": {"type": "Point", "coordinates": [-43.1855714, -22.9733338]}}, {"type": "Feature", "properties": {"osm_id": "node/12408503638", "natural": "tree"}, "geometry": {"type": "Point", "coordinates": [-43.1855252, -22.973321500000008]}}, {"type": "Feature", "properties": {"osm_id": "node/12408503639", "natural": "tree"}, "geometry": {"type": "Point", "coordinates": [-43.1852613, -22.9731335]}}, {"type": "Feature", "properties": {"osm_id": "node/12408503640", "natural": "tree"}, "geometry": {"type": "Point", "coordinates": [-43.1852668, -22.973151399999992]}}, {"type": "Feature", "properties": {"osm_id": "node/12408503641", "natural": "tree"}, "geometry": {"type": "Point", "coordinates": [-43.1852258, -22.97316929999999]}}, {"type": "Feature", "properties": {"osm_id": "node/12408503642", "natural": "tree"}, "geometry": {"type": "Point", "coordinates": [-43.1852152, -22.973233499999996]}}, {"type": "Feature", "properties": {"osm_id": "node/12408503643", "natural": "tree"}, "geometry": {"type": "Point", "coordinates": [-43.1852587, -22.973237]}}, {"type": "Feature", "properties": {"osm_id": "node/12408503644", "natural": "tree"}, "geometry": {"type": "Point", "coordinates": [-43.1853352, -22.9732479]}}, {"type": "Feature", "properties": {"osm_id": "node/12408503645", "natural": "tree"}, "geometry": {"type": "Point", "coordinates": [-43.1854235, -22.973169700000003]}}, {"type": "Feature", "properties": {"osm_id": "node/12408503646", "natural": "tree"}, "geometry": {"type": "Point", "coordinates": [-43.1854678, -22.973188000000004]}}, {"type": "Feature", "properties": {"osm_id": "node/12408503647", "natural": "tree"}, "geometry": {"type": "Point", "coordinates": [-43.1852368, -22.973082599999998]}}, {"type": "Feature", "properties": {"osm_id": "node/12408503648", "natural": "tree"}, "geometry": {"type": "Point", "coordinates": [-43.185317, -22.973038600000002]}}, {"type": "Feature", "properties": {"osm_id": "node/12408503649", "natural": "tree"}, "geometry": {"type": "Point", "coordinates": [-43.1852875, -22.973075599999998]}}, {"type": "Feature", "properties": {"osm_id": "node/12408503650", "natural": "tree"}, "geometry": {"type": "Point", "coordinates": [-43.1853348, -22.973077500000002]}}, {"type": "Feature", "properties": {"osm_id": "node/12408503651", "natural": "tree"}, "geometry": {"type": "Point", "coordinates": [-43.1853141, -22.9731086]}}, {"type": "Feature", "properties": {"osm_id": "node/12408503652", "natural": "tree"}, "geometry": {"type": "Point", "coordinates": [-43.1853225, -22.973182899999998]}}, {"type": "Feature", "properties": {"osm_id": "node/12408503653", "natural": "tree"}, "geometry": {"type": "Point", "coordinates": [-43.1853136, -22.9731557]}}, {"type": "Feature", "properties": {"osm_id": "node/12408503654", "natural": "tree"}, "geometry": {"type": "Point", "coordinates": [-43.185377, -22.973095800000007]}}, {"type": "Feature", "properties": {"osm_id": "node/12408503655", "natural": "tree"}, "geometry": {"type": "Point", "coordinates": [-43.1853745, -22.9731355]}}, {"type": "Feature", "properties": {"osm_id": "node/12408503656", "natural": "tree"}, "geometry": {"type": "Point", "coordinates": [-43.1853842, -22.973175900000008]}}, {"type": "Feature", "properties": {"osm_id": "node/12410096494", "natural": "tree"}, "geometry": {"type": "Point", "coordinates": [-43.1857438, -22.972529399999996]}}, {"type": "Feature", "properties": {"osm_id": "node/12410100301", "natural": "tree"}, "geometry": {"type": "Point", "coordinates": [-43.1873685, -22.974653200000002]}}, {"type": "Feature", "properties": {"osm_id": "node/12410100302", "natural": "tree"}, "geometry": {"type": "Point", "coordinates": [-43.1781985, -22.967077999999997]}}, {"type": "Feature", "properties": {"osm_id": "node/12410100303", "natural": "tree"}, "geometry": {"type": "Point", "coordinates": [-43.1781601, -22.967064199999996]}}, {"type": "Feature", "properties": {"osm_id": "node/12410100304", "natural": "tree"}, "geometry": {"type": "Point", "coordinates": [-43.1780558, -22.9670241]}}, {"type": "Feature", "properties": {"osm_id": "node/12410100305", "natural": "tree"}, "geometry": {"type": "Point", "coordinates": [-43.1781005, -22.967079899999998]}}, {"type": "Feature", "properties": {"osm_id": "node/12410100306", "natural": "tree"}, "geometry": {"type": "Point", "coordinates": [-43.178142, -22.967090699999996]}}, {"type": "Feature", "properties": {"osm_id": "node/12410100379", "natural": "tree"}, "geometry": {"type": "Point", "coordinates": [-43.1773658, -22.966964]}}, {"type": "Feature", "properties": {"osm_id": "node/12410100380", "natural": "tree"}, "geometry": {"type": "Point", "coordinates": [-43.1810291, -22.968445400000004]}}, {"type": "Feature", "properties": {"osm_id": "node/12410100381", "natural": "tree"}, "geometry": {"type": "Point", "coordinates": [-43.1812233, -22.9683509]}}, {"type": "Feature", "properties": {"osm_id": "node/12410100382", "natural": "tree"}, "geometry": {"type": "Point", "coordinates": [-43.1810806, -22.968516600000008]}}, {"type": "Feature", "properties": {"osm_id": "node/12410100383", "natural": "tree"}, "geometry": {"type": "Point", "coordinates": [-43.1837683, -22.9701327]}}, {"type": "Feature", "properties": {"osm_id": "node/12410100384", "natural": "tree"}, "geometry": {"type": "Point", "coordinates": [-43.18372, -22.970284599999996]}}, {"type": "Feature", "properties": {"osm_id": "node/12410100385", "natural": "tree"}, "geometry": {"type": "Point", "coordinates": [-43.1836268, -22.970405600000003]}}, {"type": "Feature", "properties": {"osm_id": "node/12410100386", "natural": "tree"}, "geometry": {"type": "Point", "coordinates": [-43.1853233, -22.9711687]}}, {"type": "Feature", "properties": {"osm_id": "node/12410100387", "natural": "tree"}, "geometry": {"type": "Point", "coordinates": [-43.18525220000001, -22.9712218]}}, {"type": "Feature", "properties": {"osm_id": "node/12410100388", "natural": "tree"}, "geometry": {"type": "Point", "coordinates": [-43.185144300000005, -22.971349]}}, {"type": "Feature", "properties": {"osm_id": "node/12410100389", "natural": "tree"}, "geometry": {"type": "Point", "coordinates": [-43.1850182, -22.971504600000003]}}, {"type": "Feature", "properties": {"osm_id": "node/12410100390", "natural": "tree"}, "geometry": {"type": "Point", "coordinates": [-43.1878613, -22.974641400000003]}}, {"type": "Feature", "properties": {"osm_id": "node/12410100391", "natural": "tree"}, "geometry": {"type": "Point", "coordinates": [-43.1876957, -22.97473159999999]}}, {"type": "Feature", "properties": {"osm_id": "node/12410100392", "natural": "tree"}, "geometry": {"type": "Point", "coordinates": [-43.1887948, -22.975991700000005]}}, {"type": "Feature", "properties": {"osm_id": "node/12410100393", "natural": "tree"}, "geometry": {"type": "Point", "coordinates": [-43.1887239, -22.975997100000004]}}, {"type": "Feature", "properties": {"osm_id": "node/12410100394", "natural": "tree"}, "geometry": {"type": "Point", "coordinates": [-43.1886242, -22.976007199999998]}}, {"type": "Feature", "properties": {"osm_id": "node/12410100395", "natural": "tree"}, "geometry": {"type": "Point", "coordinates": [-43.1884831, -22.9760165]}}, {"type": "Feature", "properties": {"osm_id": "node/12410100396", "natural": "tree"}, "geometry": {"type": "Point", "coordinates": [-43.190095, -22.979890000000005]}}, {"type": "Feature", "properties": {"osm_id": "node/12410100397", "natural": "tree"}, "geometry": {"type": "Point", "coordinates": [-43.1900038, -22.979207099999993]}}, {"type": "Feature", "properties": {"osm_id": "node/12410100398", "natural": "tree"}, "geometry": {"type": "Point", "coordinates": [-43.1901373, -22.979778800000002]}}, {"type": "Feature", "properties": {"osm_id": "node/12410100399", "natural": "tree"}, "geometry": {"type": "Point", "coordinates": [-43.1909872, -22.979633399999994]}}, {"type": "Feature", "properties": {"osm_id": "node/12410100400", "natural": "tree"}, "geometry": {"type": "Point", "coordinates": [-43.1910108, -22.979717399999995]}}, {"type": "Feature", "properties": {"osm_id": "node/12410100402", "natural": "tree"}, "geometry": {"type": "Point", "coordinates": [-43.1908503, -22.979905599999995]}}, {"type": "Feature", "properties": {"osm_id": "node/12410100404", "natural": "tree"}, "geometry": {"type": "Point", "coordinates": [-43.1904169, -22.9799118]}}, {"type": "Feature", "properties": {"osm_id": "node/12410100405", "natural": "tree"}, "geometry": {"type": "Point", "coordinates": [-43.19051410000001, -22.979915699999992]}}, {"type": "Feature", "properties": {"osm_id": "node/12410100406", "natural": "tree"}, "geometry": {"type": "Point", "coordinates": [-43.1904507, -22.9799678]}}, {"type": "Feature", "properties": {"osm_id": "node/12410100407", "natural": "tree"}, "geometry": {"type": "Point", "coordinates": [-43.1902454, -22.979960799999997]}}, {"type": "Feature", "properties": {"osm_id": "node/12410100408", "natural": "tree"}, "geometry": {"type": "Point", "coordinates": [-43.1901753, -22.979964699999996]}}, {"type": "Feature", "properties": {"osm_id": "node/12410100409", "natural": "tree"}, "geometry": {"type": "Point", "coordinates": [-43.1900562, -22.9799694]}}, {"type": "Feature", "properties": {"osm_id": "node/12410100411", "natural": "tree"}, "geometry": {"type": "Point", "coordinates": [-43.1903569, -22.980262599999996]}}, {"type": "Feature", "properties": {"osm_id": "node/12410100456", "natural": "tree"}, "geometry": {"type": "Point", "coordinates": [-43.1830763, -22.9705612]}}, {"type": "Feature", "properties": {"osm_id": "node/12410100457", "natural": "tree"}, "geometry": {"type": "Point", "coordinates": [-43.1833941, -22.97039699999999]}}, {"type": "Feature", "properties": {"osm_id": "node/12410100458", "natural": "tree"}, "geometry": {"type": "Point", "coordinates": [-43.1834096, -22.970437099999998]}}, {"type": "Feature", "properties": {"osm_id": "node/12410100459", "natural": "tree"}, "geometry": {"type": "Point", "coordinates": [-43.1834196, -22.970465499999996]}}, {"type": "Feature", "properties": {"osm_id": "node/12410100460", "natural": "tree"}, "geometry": {"type": "Point", "coordinates": [-43.1827968, -22.970025900000003]}}, {"type": "Feature", "properties": {"osm_id": "node/12410100461", "natural": "tree"}, "geometry": {"type": "Point", "coordinates": [-43.182858, -22.969945100000007]}}, {"type": "Feature", "properties": {"osm_id": "node/12410100462", "natural": "tree"}, "geometry": {"type": "Point", "coordinates": [-43.1829405, -22.970016100000002]}}, {"type": "Feature", "properties": {"osm_id": "node/12410100463", "natural": "tree"}, "geometry": {"type": "Point", "coordinates": [-43.1831977, -22.97060979999999]}}, {"type": "Feature", "properties": {"osm_id": "node/12410100464", "natural": "tree"}, "geometry": {"type": "Point", "coordinates": [-43.1835627, -22.970643299999995]}}, {"type": "Feature", "properties": {"osm_id": "node/12410100465", "natural": "tree"}, "geometry": {"type": "Point", "coordinates": [-43.1836379, -22.970594299999995]}}, {"type": "Feature", "properties": {"osm_id": "node/12410100466", "natural": "tree"}, "geometry": {"type": "Point", "coordinates": [-43.1838045, -22.97074950000001]}}, {"type": "Feature", "properties": {"osm_id": "node/12410100467", "natural": "tree"}, "geometry": {"type": "Point", "coordinates": [-43.1838763, -22.970774200000005]}}, {"type": "Feature", "properties": {"osm_id": "node/12410100468", "natural": "tree"}, "geometry": {"type": "Point", "coordinates": [-43.1838495, -22.97080879999999]}}, {"type": "Feature", "properties": {"osm_id": "node/12410100469", "natural": "tree"}, "geometry": {"type": "Point", "coordinates": [-43.1842918, -22.971110300000003]}}, {"type": "Feature", "properties": {"osm_id": "node/12410100470", "natural": "tree"}, "geometry": {"type": "Point", "coordinates": [-43.1840124, -22.9709036]}}, {"type": "Feature", "properties": {"osm_id": "node/12410100471", "natural": "tree"}, "geometry": {"type": "Point", "coordinates": [-43.1841066, -22.9709883]}}, {"type": "Feature", "properties": {"osm_id": "node/12410100472", "natural": "tree"}, "geometry": {"type": "Point", "coordinates": [-43.1841662, -22.971039799999996]}}, {"type": "Feature", "properties": {"osm_id": "node/12410100473", "natural": "tree"}, "geometry": {"type": "Point", "coordinates": [-43.1842029, -22.9711133]}}, {"type": "Feature", "properties": {"osm_id": "node/12410100474", "natural": "tree"}, "geometry": {"type": "Point", "coordinates": [-43.1842194, -22.971160800000003]}}, {"type": "Feature", "properties": {"osm_id": "node/12410100475", "natural": "tree"}, "geometry": {"type": "Point", "coordinates": [-43.1843291, -22.9712524]}}, {"type": "Feature", "properties": {"osm_id": "node/12410100476", "natural": "tree"}, "geometry": {"type": "Point", "coordinates": [-43.1848861, -22.971683]}}, {"type": "Feature", "properties": {"osm_id": "node/12410100477", "natural": "tree"}, "geometry": {"type": "Point", "coordinates": [-43.1848586, -22.971744700000006]}}, {"type": "Feature", "properties": {"osm_id": "node/12410100478", "natural": "tree"}, "geometry": {"type": "Point", "coordinates": [-43.18487, -22.9717132]}}, {"type": "Feature", "properties": {"osm_id": "node/12410100479", "natural": "tree"}, "geometry": {"type": "Point", "coordinates": [-43.1849418, -22.971697800000005]}}, {"type": "Feature", "properties": {"osm_id": "node/12410100480", "natural": "tree"}, "geometry": {"type": "Point", "coordinates": [-43.184915, -22.9717379]}}, {"type": "Feature", "properties": {"osm_id": "node/12410100481", "natural": "tree"}, "geometry": {"type": "Point", "coordinates": [-43.1849981, -22.97181639999999]}}, {"type": "Feature", "properties": {"osm_id": "node/12410100482", "natural": "tree"}, "geometry": {"type": "Point", "coordinates": [-43.1859566, -22.9730239]}}, {"type": "Feature", "properties": {"osm_id": "node/12410100483", "natural": "tree"}, "geometry": {"type": "Point", "coordinates": [-43.187440900000006, -22.974767400000005]}}, {"type": "Feature", "properties": {"osm_id": "node/12410100484", "natural": "tree"}, "geometry": {"type": "Point", "coordinates": [-43.1875898, -22.974913700000002]}}, {"type": "Feature", "properties": {"osm_id": "node/12410100485", "natural": "tree"}, "geometry": {"type": "Point", "coordinates": [-43.1872914, -22.975183499999993]}}, {"type": "Feature", "properties": {"osm_id": "node/12410100486", "natural": "tree"}, "geometry": {"type": "Point", "coordinates": [-43.1873457, -22.975142699999992]}}, {"type": "Feature", "properties": {"osm_id": "node/12410100487", "natural": "tree"}, "geometry": {"type": "Point", "coordinates": [-43.1877903, -22.975308799999997]}}, {"type": "Feature", "properties": {"osm_id": "node/12410100488", "natural": "tree"}, "geometry": {"type": "Point", "coordinates": [-43.1876562, -22.975219899999992]}}, {"type": "Feature", "properties": {"osm_id": "node/12410100489", "natural": "tree"}, "geometry": {"type": "Point", "coordinates": [-43.1877206, -22.9751656]}}, {"type": "Feature", "properties": {"osm_id": "node/12410100490", "natural": "tree"}, "geometry": {"type": "Point", "coordinates": [-43.1876964, -22.97513409999999]}}, {"type": "Feature", "properties": {"osm_id": "node/12410100491", "natural": "tree"}, "geometry": {"type": "Point", "coordinates": [-43.1876542, -22.97509579999999]}}, {"type": "Feature", "properties": {"osm_id": "node/12410100492", "natural": "tree"}, "geometry": {"type": "Point", "coordinates": [-43.1875978, -22.9751149]}}, {"type": "Feature", "properties": {"osm_id": "node/12410100493", "natural": "tree"}, "geometry": {"type": "Point", "coordinates": [-43.1876387, -22.975150099999997]}}, {"type": "Feature", "properties": {"osm_id": "node/12410100494", "natural": "tree"}, "geometry": {"type": "Point", "coordinates": [-43.18819920000001, -22.975944999999996]}}, {"type": "Feature", "properties": {"osm_id": "node/12410233653", "natural": "tree"}, "geometry": {"type": "Point", "coordinates": [-43.1830172, -22.97018269999999]}}, {"type": "Feature", "properties": {"osm_id": "node/12410233654", "natural": "tree"}, "geometry": {"type": "Point", "coordinates": [-43.1830555, -22.970205299999996]}}, {"type": "Feature", "properties": {"osm_id": "node/12410233655", "natural": "tree"}, "geometry": {"type": "Point", "coordinates": [-43.1831013, -22.9702415]}}, {"type": "Feature", "properties": {"osm_id": "node/12487059199", "natural": "tree"}, "geometry": {"type": "Point", "coordinates": [-43.1866557, -22.973654300000003]}}, {"type": "Feature", "properties": {"osm_id": "node/12487059200", "natural": "tree"}, "geometry": {"type": "Point", "coordinates": [-43.18078880000001, -22.968925399999996]}}, {"type": "Feature", "properties": {"osm_id": "node/12487072001", "natural": "tree"}, "geometry": {"type": "Point", "coordinates": [-43.1807872, -22.9689944]}}, {"type": "Feature", "properties": {"osm_id": "node/12487072002", "natural": "tree"}, "geometry": {"type": "Point", "coordinates": [-43.1793179, -22.968024999999997]}}, {"type": "Feature", "properties": {"osm_id": "node/12487072003", "natural": "tree"}, "geometry": {"type": "Point", "coordinates": [-43.1792897, -22.968100899999996]}}, {"type": "Feature", "properties": {"osm_id": "node/12487072004", "natural": "tree"}, "geometry": {"type": "Point", "coordinates": [-43.1793849, -22.96817009999999]}}, {"type": "Feature", "properties": {"osm_id": "node/12487072005", "natural": "tree"}, "geometry": {"type": "Point", "coordinates": [-43.1799979, -22.968531899999988]}}, {"type": "Feature", "properties": {"osm_id": "node/12487072006", "natural": "tree"}, "geometry": {"type": "Point", "coordinates": [-43.1800394, -22.968567099999998]}}, {"type": "Feature", "properties": {"osm_id": "node/12487072007", "natural": "tree"}, "geometry": {"type": "Point", "coordinates": [-43.1801097, -22.968556899999992]}}, {"type": "Feature", "properties": {"osm_id": "node/12487072008", "natural": "tree"}, "geometry": {"type": "Point", "coordinates": [-43.18427590000001, -22.971569500000005]}}, {"type": "Feature", "properties": {"osm_id": "node/12487072009", "natural": "tree"}, "geometry": {"type": "Point", "coordinates": [-43.1843147, -22.971611099999993]}}, {"type": "Feature", "properties": {"osm_id": "node/12487072010", "natural": "tree"}, "geometry": {"type": "Point", "coordinates": [-43.184345, -22.9716342]}}, {"type": "Feature", "properties": {"osm_id": "node/12487072011", "natural": "tree"}, "geometry": {"type": "Point", "coordinates": [-43.1865604, -22.973967599999998]}}, {"type": "Feature", "properties": {"osm_id": "node/12487072012", "natural": "tree"}, "geometry": {"type": "Point", "coordinates": [-43.1889604, -22.978559199999996]}}, {"type": "Feature", "properties": {"osm_id": "node/12487072013", "natural": "tree"}, "geometry": {"type": "Point", "coordinates": [-43.1845851, -22.971774399999994]}}, {"type": "Feature", "properties": {"osm_id": "node/12487072014", "natural": "tree"}, "geometry": {"type": "Point", "coordinates": [-43.1845864, -22.9718281]}}, {"type": "Feature", "properties": {"osm_id": "node/12487072015", "natural": "tree"}, "geometry": {"type": "Point", "coordinates": [-43.1845441, -22.9718398]}}, {"type": "Feature", "properties": {"osm_id": "node/12487072016", "natural": "tree"}, "geometry": {"type": "Point", "coordinates": [-43.1845086, -22.971812600000003]}}, {"type": "Feature", "properties": {"osm_id": "node/12487072017", "natural": "tree"}, "geometry": {"type": "Point", "coordinates": [-43.1850196, -22.9722275]}}, {"type": "Feature", "properties": {"osm_id": "node/12487072018", "natural": "tree"}, "geometry": {"type": "Point", "coordinates": [-43.1852341, -22.972418900000008]}}, {"type": "Feature", "properties": {"osm_id": "node/12487072019", "natural": "tree"}, "geometry": {"type": "Point", "coordinates": [-43.1858674, -22.973180600000003]}}, {"type": "Feature", "properties": {"osm_id": "node/12487072024", "natural": "tree"}, "geometry": {"type": "Point", "coordinates": [-43.1877782, -22.9760194]}}, {"type": "Feature", "properties": {"osm_id": "node/12487072025", "natural": "tree"}, "geometry": {"type": "Point", "coordinates": [-43.1878124, -22.97603670000001]}}, {"type": "Feature", "properties": {"osm_id": "node/12487072026", "natural": "tree"}, "geometry": {"type": "Point", "coordinates": [-43.1880042, -22.976360800000002]}}, {"type": "Feature", "properties": {"osm_id": "node/12487072032", "natural": "tree"}, "geometry": {"type": "Point", "coordinates": [-43.1883407, -22.977706]}}, {"type": "Feature", "properties": {"osm_id": "node/12487072033", "natural": "tree"}, "geometry": {"type": "Point", "coordinates": [-43.1883496, -22.977769699999996]}}, {"type": "Feature", "properties": {"osm_id": "node/12487072034", "natural": "tree"}, "geometry": {"type": "Point", "coordinates": [-43.1884024, -22.9778413]}}, {"type": "Feature", "properties": {"osm_id": "node/12487072035", "natural": "tree"}, "geometry": {"type": "Point", "coordinates": [-43.188364, -22.977854100000002]}}, {"type": "Feature", "properties": {"osm_id": "node/12487072036", "natural": "tree"}, "geometry": {"type": "Point", "coordinates": [-43.1883969, -22.9778654]}}, {"type": "Feature", "properties": {"osm_id": "node/12487072037", "natural": "tree"}, "geometry": {"type": "Point", "coordinates": [-43.1883851, -22.977925299999992]}}, {"type": "Feature", "properties": {"osm_id": "node/12487072038", "natural": "tree"}, "geometry": {"type": "Point", "coordinates": [-43.1884345, -22.977950600000003]}}, {"type": "Feature", "properties": {"osm_id": "node/12487072039", "natural": "tree"}, "geometry": {"type": "Point", "coordinates": [-43.1884708, -22.97799729999999]}}, {"type": "Feature", "properties": {"osm_id": "node/12487072040", "natural": "tree"}, "geometry": {"type": "Point", "coordinates": [-43.1884873, -22.978076600000005]}}, {"type": "Feature", "properties": {"osm_id": "node/12487072041", "natural": "tree"}, "geometry": {"type": "Point", "coordinates": [-43.1886195, -22.978365899999996]}}, {"type": "Feature", "properties": {"osm_id": "node/12487072042", "natural": "tree"}, "geometry": {"type": "Point", "coordinates": [-43.1885828, -22.978298699999996]}}, {"type": "Feature", "properties": {"osm_id": "node/12487072043", "natural": "tree"}, "geometry": {"type": "Point", "coordinates": [-43.1885511, -22.97819790000001]}}, {"type": "Feature", "properties": {"osm_id": "node/12487072044", "natural": "tree"}, "geometry": {"type": "Point", "coordinates": [-43.1885502, -22.978161000000004]}}, {"type": "Feature", "properties": {"osm_id": "node/12487072045", "natural": "tree"}, "geometry": {"type": "Point", "coordinates": [-43.1884856, -22.978137599999997]}}, {"type": "Feature", "properties": {"osm_id": "node/12487072046", "natural": "tree"}, "geometry": {"type": "Point", "coordinates": [-43.1884712, -22.978108899999995]}}, {"type": "Feature", "properties": {"osm_id": "node/12487072047", "natural": "tree"}, "geometry": {"type": "Point", "coordinates": [-43.1884603, -22.978067599999996]}}, {"type": "Feature", "properties": {"osm_id": "node/12487072048", "natural": "tree"}, "geometry": {"type": "Point", "coordinates": [-43.1884556, -22.978030700000005]}}, {"type": "Feature", "properties": {"osm_id": "node/12487072049", "natural": "tree"}, "geometry": {"type": "Point", "coordinates": [-43.188439100000004, -22.978005000000003]}}]}