{"type": "FeatureCollection", "features": [{"type": "Feature", "properties": {"osm_id": "way/14819490", "foot": "no", "highway": "secondary", "lanes": "2", "name": "Rua Figueiredo de Magalhães", "oneway": "yes", "surface": "asphalt"}, "geometry": {"type": "LineString", "coordinates": [[-43.1845398, -22.971962400000002], [-43.18455720000001, -22.9719444], [-43.1845711, -22.9719309], [-43.184581300000005, -22.971919599999996], [-43.1846019, -22.971893], [-43.1846989, -22.971784600000003]]}}, {"type": "Feature", "properties": {"osm_id": "way/15017128", "description": "Avenida Atlântica (pista junto aos prédios)", "highway": "trunk", "lanes": "3", "lanes:backward:conditional": "3 @ (Mo-Fr 7:00-10:00)", "lit": "yes", "maxspeed": "70", "maxspeed:type": "sign", "name": "Avenida Atlântica", "oneway": "yes", "oneway:conditional": "-1 @ (Mo-Fr 07:00-10:00)", "parking:condition:right": "ticket", "parking:lane:left": "no_parking", "parking:lane:right": "perpendicular", "sidewalk:left": "yes", "sidewalk:right": "separate", "surface": "asphalt"}, "geometry": {"type": "LineString", "coordinates": [[-43.17737784802561, -22.966866873529437], [-43.1779597, -22.967180899999995], [-43.1780719, -22.9672453], [-43.1781963, -22.967308899999995]]}}, {"type": "Feature", "properties": {"osm_id": "way/15240246", "bicycle": "designated", "highway": "tertiary", "lanes": "3", "lit": "yes", "name": "Praça Cardeal Arcoverde", "oneway": "yes", "parking:lane:both": "no_parking", "postal_code": "22040-030", "sidewalk": "both", "surface": "asphalt"}, "geometry": {"type": "LineString", "coordinates": [[-43.1798255, -22.964782999999994], [-43.1801831, -22.9646182], [-43.180239, -22.964595], [-43.1802862, -22.964571999999997], [-43.1803252, -22.9645531], [-43.1803302, -22.964550699999993], [-43.1804285, -22.9645108], [-43.1805137, -22.964482899999997], [-43.1806041, -22.9644558], [-43.1806962, -22.964446699999996], [-43.1808152, -22.964448]]}}, {"type": "Feature", "properties": {"osm_id": "way/15240247", "cycleway:left": "lane", "cycleway:left:oneway": "no", "cycleway:right": "no", "highway": "tertiary", "lanes": "3", "layer": "-1", "name": "Túnel Major Rubens Vaz", "oneway": "yes", "oneway:bicycle": "no", "sidewalk": "both", "surface": "asphalt", "tunnel": "yes", "wikidata": "Q10386032"}, "geometry": {"type": "LineString", "coordinates": [[-43.1903736, -22.9696876], [-43.1904018, -22.969732399999998], [-43.190504, -22.969890699999997], [-43.1906717, -22.970169799999994], [-43.1908621, -22.9705106], [-43.1911719, -22.971035400000005], [-43.19138110000001, -22.971444099999996]]}}, {"type": "Feature", "properties": {"osm_id": "way/15240253", "alt_name": "Avenida Pompeu Loureiro", "bicycle": "yes", "cycleway:left": "lane", "foot": "yes", "highway": "tertiary", "lanes": "4", "maxspeed": "60", "name": "Rua Pompeu Loureiro", "oneway": "yes", "surface": "asphalt"}, "geometry": {"type": "LineString", "coordinates": [[-43.19138110000001, -22.971444099999996], [-43.1914765, -22.9716595], [-43.1915638, -22.971841099999995], [-43.191599700000005, -22.9719157], [-43.1918067, -22.972209699999993], [-43.191854, -22.972288099999997], [-43.19205240000001, -22.972619399999992], [-43.19234, -22.973143]]}}, {"type": "Feature", "properties": {"osm_id": "way/15240255", "bicycle": "designated", "highway": "residential", "maxspeed": "30", "name": "Rua Constante Ramos", "oneway": "yes", "parking:left": "street_side", "parking:left:orientation": "perpendicular", "parking:right": "no", "sidewalk": "both", "surface": "asphalt"}, "geometry": {"type": "LineString", "coordinates": [[-43.191854, -22.972288099999997], [-43.1915552, -22.9724774], [-43.1909359, -22.972845499999984], [-43.1908224, -22.9729138], [-43.1898926, -22.9734559], [-43.1890221, -22.973951300000003], [-43.1889086, -22.974016799999998]]}}, {"type": "Feature", "properties": {"osm_id": "way/15240256", "bicycle": "designated", "highway": "residential", "maxspeed": "30", "name": "Rua Constante Ramos", "oneway": "no", "source": "Bing", "surface": "asphalt"}, "geometry": {"type": "LineString", "coordinates": [[-43.1924995, -22.971965], [-43.1919752, -22.9722289], [-43.191854, -22.972288099999997]]}}, {"type": "Feature", "properties": {"osm_id": "way/15289773", "cycleway": "shared_lane", "highway": "residential", "name": "Praça Eugênio Jardim", "oneway": "yes", "postal_code": "22061-040", "surface": "asphalt"}, "geometry": {"type": "LineString", "coordinates": [[-43.1938063, -22.9769873], [-43.19372, -22.976602999999997], [-43.193675, -22.976397199999994], [-43.19361140000001, -22.976154599999994]]}}, {"type": "Feature", "properties": {"osm_id": "way/15289979", "cycleway:left": "lane", "cycleway:left:oneway": "no", "cycleway:right": "no", "highway": "residential", "lanes": "2", "lit": "yes", "maxspeed": "30", "name": "Rua Xavier da Silveira", "oneway": "yes", "oneway:bicycle": "no", "sidewalk": "both", "surface": "asphalt"}, "geometry": {"type": "LineString", "coordinates": [[-43.193778, -22.976039399999998], [-43.1937411, -22.976080599999996], [-43.1937195, -22.976101799999995], [-43.1936898, -22.976127899999998], [-43.1936682, -22.976139400000005], [-43.19361140000001, -22.976154599999994], [-43.1935078, -22.976185999999995], [-43.1933312, -22.976236799999995], [-43.1928983, -22.976346900000003], [-43.1928188, -22.976373799999998], [-43.1926306, -22.976418399999993], [-43.1924972, -22.976435499999997], [-43.1914382, -22.976677899999995], [-43.1904891, -22.976891299999995], [-43.19031780000001, -22.976926899999995], [-43.19019120000001, -22.97695849999999], [-43.1894399, -22.977143799999993], [-43.1887786, -22.9772914], [-43.1887066, -22.977307599999993], [-43.1886391, -22.977335100000005]]}}, {"type": "Feature", "properties": {"osm_id": "way/15469494", "bicycle": "designated", "highway": "residential", "maxspeed": "30", "name": "Rua Cinco de Julho", "oneway": "yes", "sidewalk": "both", "surface": "asphalt"}, "geometry": {"type": "LineString", "coordinates": [[-43.1915552, -22.9724774], [-43.1907858, -22.971665599999998], [-43.19068690000001, -22.971561199999996], [-43.1899208, -22.970732399999996], [-43.1888203, -22.969709599999998]]}}, {"type": "Feature", "properties": {"osm_id": "way/15469557", "highway": "pedestrian", "lit": "yes", "name": "Rua Dias da Rocha", "surface": "asphalt"}, "geometry": {"type": "LineString", "coordinates": [[-43.1884269, -22.973249799999994], [-43.1886982, -22.973057600000004]]}}, {"type": "Feature", "properties": {"osm_id": "way/15469624", "bicycle": "designated", "highway": "residential", "maxspeed": "30", "name": "Rua Barão de Ipanema", "oneway": "yes", "parking:both": "lane", "parking:both:orientation": "parallel", "sidewalk": "both", "surface": "asphalt"}, "geometry": {"type": "LineString", "coordinates": [[-43.1876544, -22.975458599999996], [-43.1877044, -22.975437099999997], [-43.1877289, -22.9754288], [-43.18778410000001, -22.975411500000007], [-43.1884489, -22.975214500000003], [-43.1893207, -22.974963099999997], [-43.1894923, -22.974912599999996], [-43.1896583, -22.974863200000005], [-43.1905222, -22.9746064], [-43.1908893, -22.974494400000005], [-43.1914475, -22.974324099999997], [-43.1915423, -22.974295199999993], [-43.1922946, -22.974078999999996], [-43.1926196, -22.973989399999997], [-43.1927289, -22.973959200000003]]}}, {"type": "Feature", "properties": {"osm_id": "way/15469696", "bicycle": "designated", "highway": "residential", "maxspeed": "30", "name": "Rua Leopoldo Miguez", "oneway": "yes", "parking:left": "lane", "parking:left:orientation": "perpendicular", "parking:right": "street_side", "parking:right:orientation": "parallel", "sidewalk": "both", "surface": "asphalt"}, "geometry": {"type": "LineString", "coordinates": [[-43.1916963, -22.977720200000004], [-43.1914382, -22.976677899999995], [-43.1912304, -22.975793299999996], [-43.1905222, -22.9746064], [-43.1898926, -22.9734559]]}}, {"type": "Feature", "properties": {"osm_id": "way/15469789", "highway": "primary", "lanes": "2", "name": "Rua Bolívar", "oneway": "yes", "surface": "asphalt"}, "geometry": {"type": "LineString", "coordinates": [[-43.1880086, -22.976052399999993], [-43.1880697, -22.9760375], [-43.1881592, -22.976023100000003], [-43.188956100000006, -22.97596369999999], [-43.1891382, -22.97595], [-43.1898489, -22.975896999999993], [-43.1900286, -22.975883300000003]]}}, {"type": "Feature", "properties": {"osm_id": "way/15469929", "bicycle": "designated", "highway": "residential", "maxspeed": "30", "name": "Rua Domingos Ferreira", "oneway": "yes", "surface": "asphalt"}, "geometry": {"type": "LineString", "coordinates": [[-43.1839939, -22.96991969999999], [-43.1853153, -22.971047699999996], [-43.1853419, -22.971078499999997], [-43.1856123, -22.971313699999996], [-43.1865848, -22.97219619999999], [-43.1879682, -22.974486499999994], [-43.188002700000006, -22.9745436], [-43.1884489, -22.975214500000003], [-43.188956100000006, -22.97596369999999]]}}, {"type": "Feature", "properties": {"osm_id": "way/15761907", "bicycle": "designated", "highway": "residential", "lanes": "1", "lit": "yes", "maxspeed": "30", "name": "Rua Hilário de Gouveia", "oneway": "yes", "parking:both": "street_side", "parking:both:fee": "no", "parking:both:orientation": "parallel", "surface": "asphalt"}, "geometry": {"type": "LineString", "coordinates": [[-43.185225, -22.9666431], [-43.185214, -22.966669199999995], [-43.185203, -22.966694499999996], [-43.1851912, -22.966721400000004], [-43.1851825, -22.966735900000007], [-43.1847863, -22.967222400000004]]}}, {"type": "Feature", "properties": {"osm_id": "way/15762086", "bicycle": "designated", "highway": "residential", "lanes": "1", "lit": "yes", "maxspeed": "30", "name": "Rua Paula Freitas", "old_name": "Rua Itororó", "oneway": "yes", "parking:both": "street_side", "parking:both:fee": "yes", "parking:both:orientation": "parallel", "sidewalk": "both", "surface": "asphalt"}, "geometry": {"type": "LineString", "coordinates": [[-43.1817293, -22.96944609999999], [-43.1818167, -22.969343600000002], [-43.1828045, -22.968148499999995], [-43.1829077, -22.96803439999999]]}}, {"type": "Feature", "properties": {"osm_id": "way/15762196", "bicycle": "designated", "highway": "residential", "lanes": "1", "lit": "yes", "maxspeed": "30", "name": "Rua República do Peru", "oneway": "yes", "parking:both": "street_side", "parking:both:fee": "no", "parking:both:orientation": "parallel", "surface": "asphalt"}, "geometry": {"type": "LineString", "coordinates": [[-43.1808252, -22.9686959], [-43.1818518, -22.967554299999993], [-43.1819594, -22.967425399999996], [-43.1820468, -22.967316], [-43.182545100000006, -22.966719099999995], [-43.18262810000001, -22.966618000000008], [-43.1833293, -22.9658349], [-43.183409, -22.9657457]]}}, {"type": "Feature", "properties": {"osm_id": "way/19112525", "IPP:CodLogradouro": "075291", "hgv": "no", "highway": "residential", "lanes": "1", "lit": "yes", "name": "Ladeira do Leme", "old_name": "Rua Coelho Cintra", "oneway": "yes", "parking:lane:both": "no_parking", "postal_code": "22011-080", "psv": "no", "surface": "concrete"}, "geometry": {"type": "LineString", "coordinates": [[-43.18016603889707, -22.96443476812842], [-43.1801936, -22.9644919], [-43.1802198, -22.964511299999998], [-43.180257, -22.964528999999995], [-43.1803252, -22.9645531]]}}, {"type": "Feature", "properties": {"osm_id": "way/29625606", "bicycle": "designated", "highway": "residential", "lit": "yes", "maxspeed": "30", "name": "Rua Djalma Ulrich", "oneway": "yes", "surface": "asphalt"}, "geometry": {"type": "LineString", "coordinates": [[-43.1893354, -22.9791813], [-43.1894617, -22.9791526], [-43.1899268, -22.979041499999994], [-43.1906771, -22.978874699999995], [-43.1908374, -22.978838999999997], [-43.1910646, -22.978790599999996], [-43.191508, -22.978696000000003], [-43.1915657, -22.978685000000002], [-43.191729300000006, -22.9786537], [-43.1917841, -22.978639500000007], [-43.1918311, -22.978627300000003], [-43.1918757, -22.9786159], [-43.1919191, -22.978576299999993]]}}, {"type": "Feature", "properties": {"osm_id": "way/29626093", "bicycle": "designated", "highway": "residential", "maxspeed": "30", "name": "Rua Aires Saldanha", "oneway": "yes", "surface": "asphalt"}, "geometry": {"type": "LineString", "coordinates": [[-43.1891382, -22.97595], [-43.1894399, -22.977143799999993], [-43.1897066, -22.978151399999994], [-43.1899268, -22.979041499999994], [-43.1901602, -22.979950399999993]]}}, {"type": "Feature", "properties": {"osm_id": "way/30149874", "cycleway:left": "no", "cycleway:right": "shared_lane", "cycleway:right:oneway": "no", "highway": "residential", "name": "Rua Rodolfo Dantas", "oneway": "yes", "sidewalk": "both", "surface": "asphalt"}, "geometry": {"type": "LineString", "coordinates": [[-43.179425, -22.9652581], [-43.1791402, -22.96572889999999], [-43.1788952, -22.966119800000005], [-43.1788095, -22.966257099999993], [-43.1787469, -22.966365099999997], [-43.1782682, -22.9671893]]}}, {"type": "Feature", "properties": {"osm_id": "way/30149889", "highway": "residential", "maxspeed": "30", "name": "Rua Inhangá", "oneway": "no", "sidewalk": "both", "surface": "asphalt"}, "geometry": {"type": "LineString", "coordinates": [[-43.1811887, -22.965784299999996], [-43.1814033, -22.9663173]]}}, {"type": "Feature", "properties": {"osm_id": "way/30149896", "bicycle": "designated", "highway": "residential", "maxspeed": "30", "name": "Rua Fernando Mendes", "oneway": "yes", "surface": "asphalt"}, "geometry": {"type": "LineString", "coordinates": [[-43.1797612, -22.9682093], [-43.1798483, -22.968100900000003], [-43.1804579, -22.9673107], [-43.1805762, -22.9671574]]}}, {"type": "Feature", "properties": {"osm_id": "way/30149959", "highway": "service", "oneway": "yes"}, "geometry": {"type": "LineString", "coordinates": [[-43.1817896, -22.969489799999995], [-43.1818539, -22.969632699999995], [-43.1819105, -22.969756699999998], [-43.181917600000006, -22.969766899999996], [-43.181931, -22.969780400000005], [-43.1821875, -22.9699529], [-43.1822277, -22.9699726], [-43.1822462, -22.9699759], [-43.1822646, -22.969974499999996], [-43.1823538, -22.969956599999996], [-43.1824226, -22.969931900000002]]}}, {"type": "Feature", "properties": {"osm_id": "way/30149969", "highway": "service", "oneway": "yes"}, "geometry": {"type": "LineString", "coordinates": [[-43.1830341, -22.9706748], [-43.1829871, -22.9705637], [-43.1829129, -22.970404900000002], [-43.1829043, -22.9703852], [-43.1828926, -22.970370300000003], [-43.1826254, -22.9701774], [-43.1826097, -22.970171199999996], [-43.1825911, -22.9701677], [-43.1825057, -22.970172300000005], [-43.1824598, -22.970184299999996], [-43.1824035, -22.97019729999999]]}}, {"type": "Feature", "properties": {"osm_id": "way/30149989", "highway": "service", "oneway": "yes", "source": "Bing"}, "geometry": {"type": "LineString", "coordinates": [[-43.1868893, -22.974716899999997], [-43.1868843, -22.974658100000003], [-43.1868723, -22.974516099999995], [-43.1868696, -22.9744531], [-43.1868549, -22.974395099999995], [-43.1866859, -22.9741574], [-43.1866604, -22.974134600000003], [-43.1866222, -22.9741148], [-43.1865934, -22.9741074], [-43.1864837, -22.9740868], [-43.1864276, -22.9740757]]}}, {"type": "Feature", "properties": {"osm_id": "way/30149994", "highway": "service", "oneway": "yes", "source": "Bing"}, "geometry": {"type": "LineString", "coordinates": [[-43.1860607, -22.973258899999998], [-43.186079, -22.9733666], [-43.1860964, -22.9734781], [-43.1861033, -22.9735283], [-43.1861101, -22.9735437], [-43.1863167, -22.973796899999996], [-43.1863511, -22.9738168], [-43.1863704, -22.973823600000003], [-43.1863855, -22.973829], [-43.1864096, -22.973836999999996], [-43.1864364, -22.973842200000004], [-43.1864627, -22.9738416], [-43.1865494, -22.973843399999996]]}}, {"type": "Feature", "properties": {"osm_id": "way/30789633", "access": "private", "alt_name": "Rua Luiz Renato Caldas", "cycleway:both": "no", "highway": "residential", "lit": "yes", "maxspeed:type": "BR:urban", "name": "Rua General Azevedo Pimentel", "oneway": "no", "surface": "paved"}, "geometry": {"type": "LineString", "coordinates": [[-43.1805122, -22.965982800000006], [-43.1805511, -22.9659197]]}}, {"type": "Feature", "properties": {"osm_id": "way/30789675", "access": "private", "highway": "residential", "lit": "yes", "name": "Rua Otaviano Hudson", "oneway": "no", "surface": "cobblestone"}, "geometry": {"type": "LineString", "coordinates": [[-43.1818198, -22.9637311], [-43.1816537, -22.963922499999995]]}}, {"type": "Feature", "properties": {"osm_id": "way/30969241", "bicycle": "designated", "highway": "secondary", "lanes": "3", "name": "Rua Siqueira Campos", "old_name": "Rua Barroso", "oneway": "yes", "surface": "asphalt"}, "geometry": {"type": "LineString", "coordinates": [[-43.1861948, -22.967138400000007], [-43.1860278, -22.967345399999992], [-43.1858102, -22.967615], [-43.1854908, -22.96802050000001], [-43.1853276, -22.9682171], [-43.1852437, -22.968324000000006]]}}, {"type": "Feature", "properties": {"osm_id": "way/30969242", "bicycle": "designated", "cycleway:right": "shared_lane", "foot": "no", "highway": "secondary", "lanes": "2", "name": "Rua Siqueira Campos", "old_name": "Rua Barroso", "oneway": "yes", "surface": "asphalt"}, "geometry": {"type": "LineString", "coordinates": [[-43.1833929, -22.970645599999997], [-43.183302, -22.970750800000005], [-43.1832634, -22.970786599999993], [-43.1832262, -22.9708035], [-43.1831984, -22.970809599999995]]}}, {"type": "Feature", "properties": {"osm_id": "way/30969253", "description": "Avenida Atlântica (pista junto aos prédios)", "highway": "trunk", "lanes": "3", "lanes:backward:conditional": "3 @ (Mo-Fr 7:00-10:00)", "lit": "yes", "maxspeed": "70", "maxspeed:type": "sign", "name": "Avenida Atlântica", "oneway": "yes", "oneway:conditional": "-1 @ (Mo-Fr 07:00-10:00)", "sidewalk:left": "yes", "sidewalk:right": "separate", "surface": "asphalt", "wikidata": "Q3375901", "wikipedia": "pt:Avenida Atlântica"}, "geometry": {"type": "LineString", "coordinates": [[-43.1880086, -22.976052399999993], [-43.1880847, -22.9762077], [-43.1882845, -22.976589199999996], [-43.1883824, -22.976789200000002], [-43.1886391, -22.977335100000005], [-43.1887083, -22.977494000000007], [-43.18886770000001, -22.9778595], [-43.1889839, -22.978133600000003], [-43.189043500000004, -22.9782964], [-43.1891007, -22.978455799999995], [-43.189171, -22.9786524], [-43.1893354, -22.9791813], [-43.18939216736025, -22.979344871497265]]}}, {"type": "Feature", "properties": {"osm_id": "way/30969384", "description": "Avenida Atlântica (pista junto à orla)", "hgv:conditional": "no @ (Mo-Fr 6:00-19:00,17:00-20:00)", "highway": "trunk", "lanes": "3", "lit": "yes", "maxspeed": "70", "name": "Avenida Atlântica", "oneway": "yes", "surface": "asphalt", "vehicle:conditional": "no @ (Su,PH 07:00-18:00)", "wikidata": "Q3375901", "wikipedia": "pt:Avenida Atlântica"}, "geometry": {"type": "LineString", "coordinates": [[-43.18901466949972, -22.978973869399518], [-43.188864, -22.978534599999996], [-43.1887927, -22.9783319], [-43.1886184, -22.977894299999992], [-43.1885584, -22.977736], [-43.1884774, -22.9775566], [-43.1883573, -22.977288], [-43.1883153, -22.977190499999992], [-43.187943, -22.976452699999996], [-43.1877027, -22.9760369], [-43.1872303, -22.975229200000005], [-43.1872031, -22.975191700000003], [-43.1871077, -22.975041199999996], [-43.1868893, -22.974716899999997], [-43.1864276, -22.9740757], [-43.1857613, -22.973246599999992], [-43.1856628, -22.9731337], [-43.18536, -22.9727886], [-43.1849001, -22.972300600000004], [-43.1845398, -22.971962400000002]]}}, {"type": "Feature", "properties": {"osm_id": "way/30969386", "description": "Avenida Atlântica (pista junto à orla)", "hgv:conditional": "no @ (Mo-Fr 6:00-19:00,17:00-20:00)", "highway": "trunk", "lanes": "3", "lit": "yes", "maxspeed": "70", "maxspeed:type": "sign", "name": "Avenida Atlântica", "oneway": "yes", "sidewalk:left": "yes", "sidewalk:right": "separate", "surface": "asphalt", "vehicle:conditional": "no @ (Su,PH 07:00-18:00)"}, "geometry": {"type": "LineString", "coordinates": [[-43.1845398, -22.971962400000002], [-43.1844931, -22.971915100000004], [-43.1844121, -22.971833899999996], [-43.1843826, -22.971806599999997], [-43.1840039, -22.9714617], [-43.1835994, -22.9711167], [-43.1834203, -22.970971099999996], [-43.1833712, -22.9709359], [-43.1831984, -22.970809599999995], [-43.1830341, -22.9706748], [-43.1824035, -22.97019729999999], [-43.1814125, -22.96952370000001], [-43.1805932, -22.968992399999998], [-43.1805021, -22.96893529999999], [-43.180465100000006, -22.9689088], [-43.179881200000004, -22.968550999999998], [-43.1793008, -22.968204599999993], [-43.1787041, -22.967856099999995], [-43.1782761, -22.967613099999994], [-43.1782225, -22.9675837], [-43.177958, -22.967441499999996], [-43.17718959342514, -22.967031080605626]]}}, {"type": "Feature", "properties": {"osm_id": "way/30969387", "highway": "secondary", "lanes": "3", "name": "Rua Figueiredo de Magalhães", "oneway": "yes", "surface": "asphalt"}, "geometry": {"type": "LineString", "coordinates": [[-43.1880796, -22.967824599999997], [-43.1881955, -22.967679599999993], [-43.188299, -22.9675457], [-43.1884367, -22.967360799999998], [-43.1884609, -22.967329699999997], [-43.188497, -22.9672824], [-43.1885181, -22.9672566], [-43.1885333, -22.967236200000002], [-43.1889666, -22.96671139999999], [-43.1893285, -22.9662858], [-43.1893649, -22.9662508], [-43.189411344299835, -22.96619582685481]]}}, {"type": "Feature", "properties": {"osm_id": "way/37319455", "cycleway:right": "no", "highway": "secondary", "lanes": "4", "lanes:psv:forward:conditional": "2 @ (Mo-Fr 06:00-21:00; Sa 06:00-14:00)", "lit": "yes", "maxspeed": "60", "name": "Rua Barata Ribeiro", "oneway": "yes", "parking:lane:left": "parallel", "parking:lane:left:conditional": "no_parking @ (Mo-Fr 06:00-21:00; Sa 06:00-14:00)", "parking:lane:right": "no_stopping", "surface": "asphalt"}, "geometry": {"type": "LineString", "coordinates": [[-43.17979305575561, -22.964760125121504], [-43.1798255, -22.964782999999994]]}}, {"type": "Feature", "properties": {"osm_id": "way/41425840", "bicycle": "designated", "highway": "residential", "maxspeed": "30", "name": "Rua Décio Vilares", "oneway": "yes", "surface": "asphalt"}, "geometry": {"type": "LineString", "coordinates": [[-43.1895608, -22.967328], [-43.1894571, -22.96724809999999], [-43.189435700000004, -22.9672249], [-43.1894284, -22.967192399999988], [-43.1894349, -22.967158999999995], [-43.1894487, -22.967135399999997], [-43.1896132, -22.9669518], [-43.18987882240864, -22.96665529592637]]}}, {"type": "Feature", "properties": {"osm_id": "way/41425841", "highway": "residential", "maxspeed": "30", "name": "Rua Capelão Álvares da Silva", "oneway": "yes", "surface": "asphalt"}, "geometry": {"type": "LineString", "coordinates": [[-43.18919520000001, -22.967728300000005], [-43.188626, -22.967333400000005], [-43.1886127, -22.967324199999997], [-43.1885181, -22.9672566]]}}, {"type": "Feature", "properties": {"osm_id": "way/41440880", "highway": "footway", "tactile_paving": "yes"}, "geometry": {"type": "LineString", "coordinates": [[-43.1799997, -22.964891399999985], [-43.1800219, -22.9648519], [-43.1800351, -22.964840299999995], [-43.1800548, -22.964833], [-43.1805385, -22.9647274]]}}, {"type": "Feature", "properties": {"osm_id": "way/42161072", "bicycle": "designated", "highway": "residential", "lanes": "1", "lit": "yes", "maxspeed": "30", "name": "Rua Joseph Bloch", "oneway": "yes", "source": "survey", "surface": "asphalt"}, "geometry": {"type": "LineString", "coordinates": [[-43.1889666, -22.96671139999999], [-43.1889312, -22.96668349999999], [-43.18821, -22.966115999999996], [-43.1881066, -22.966000199999996], [-43.1880469, -22.965935299999995]]}}, {"type": "Feature", "properties": {"osm_id": "way/42161073", "highway": "residential", "maxspeed": "30", "name": "Rua Ministro Alfredo Valadão", "oneway": "yes", "surface": "asphalt"}, "geometry": {"type": "LineString", "coordinates": [[-43.1885374, -22.96553829999999], [-43.1892409, -22.966144100000005], [-43.1893185, -22.9662109], [-43.1893649, -22.9662508]]}}, {"type": "Feature", "properties": {"osm_id": "way/42161338", "highway": "residential", "lanes": "2", "maxspeed": "30", "name": "Ladeira dos Tabajaras", "old_name": "Ladeira do Barroso", "oneway": "yes", "surface": "asphalt"}, "geometry": {"type": "LineString", "coordinates": [[-43.1866458, -22.966695000000005], [-43.1866184, -22.966647], [-43.18661550000001, -22.9666237], [-43.1866231, -22.966593499999995], [-43.1866807, -22.966495599999995], [-43.1867878, -22.966325900000005], [-43.1869904, -22.966079899999993], [-43.1870863, -22.965961799999995], [-43.1874573, -22.9656069], [-43.1875596, -22.96550299999999], [-43.187618, -22.9654397]]}}, {"type": "Feature", "properties": {"osm_id": "way/42161339", "highway": "residential", "lit": "yes", "maxspeed": "30", "name": "Rua Assis Brasil", "oneway": "no", "parking:condition:right": "free", "parking:lane:left": "no_parking", "parking:lane:right": "parallel", "surface": "cobblestone"}, "geometry": {"type": "LineString", "coordinates": [[-43.1805737, -22.964168499999992], [-43.1804734, -22.9642881]]}}, {"type": "Feature", "properties": {"osm_id": "way/42292908", "bicycle": "no", "footway": "sidewalk", "highway": "footway", "lit": "yes", "name": "Calçadão de Copacabana", "surface": "cobblestone"}, "geometry": {"type": "LineString", "coordinates": [[-43.177100464250344, -22.967108824248427], [-43.1771769, -22.9671494], [-43.1775214, -22.967332300000002], [-43.1779175, -22.96755949999999], [-43.1781487, -22.9676921], [-43.17838390000001, -22.967824000000004], [-43.1791694, -22.968264599999998], [-43.1793267, -22.9683529], [-43.1796029, -22.9685248], [-43.1803896, -22.969014500000004], [-43.1804178, -22.969028299999998], [-43.180467300000004, -22.969059500000004], [-43.1809089, -22.969337500000005], [-43.1810452, -22.969423399999997], [-43.1811158, -22.9694709], [-43.1815303, -22.969749899999993], [-43.1819743, -22.97004879999999], [-43.1823818, -22.970325399999997], [-43.1825199, -22.97041919999999], [-43.1827714, -22.9706115], [-43.182985, -22.970774799999994], [-43.1831032, -22.970865100000005], [-43.1832922, -22.9710156], [-43.183314, -22.9710341], [-43.1833812, -22.9710912], [-43.1835728, -22.971253799999992], [-43.1837684, -22.971419800000007], [-43.1839589, -22.971584699999998], [-43.1841333, -22.971735700000004], [-43.1843019, -22.971881699999997], [-43.1845034, -22.972065400000005], [-43.1846857, -22.97224959999999], [-43.1850554, -22.97262329999999], [-43.1856693, -22.973315599999996], [-43.1856943, -22.973345700000003], [-43.1857322, -22.973391300000003], [-43.1861732, -22.973940699999996], [-43.1862565, -22.974044399999993], [-43.1864498, -22.974311999999998], [-43.186805, -22.974803799999997], [-43.1870711, -22.975192100000005], [-43.1870799, -22.975205], [-43.1871049, -22.975246300000006], [-43.1872827, -22.9755284], [-43.18730790000001, -22.975567699999992], [-43.1874479, -22.975820200000005], [-43.187597, -22.976089199999993], [-43.1876684, -22.9762227], [-43.1880821, -22.976995899999995], [-43.1881074, -22.9770483], [-43.1883735, -22.977599999999995], [-43.1886871, -22.978398099999996], [-43.1887444, -22.978543999999996], [-43.188752, -22.9785659], [-43.18883255590159, -22.978794888503298]]}}, {"type": "Feature", "properties": {"osm_id": "way/42419097", "IPP:Codigo": "1'27", "IPP:Fonte": "www.rio.rj.gov.br/ipp/ - IPP/DPE- SMAC", "bicycle": "designated", "foot": "use_sidepath", "highway": "cycleway", "lit": "yes", "name": "Orla Copacabana", "oneway": "no", "segregated": "yes", "sidewalk": "separate", "source": "Yahoo;survey;IPP;Bing", "surface": "asphalt"}, "geometry": {"type": "LineString", "coordinates": [[-43.188906674738504, -22.978867732433315], [-43.1888989, -22.978843899999998], [-43.188792, -22.978554400000004], [-43.1886584, -22.97819519999999], [-43.1885345, -22.977881300000004], [-43.1883544, -22.977465600000006], [-43.18815420000001, -22.977039299999998], [-43.1879799, -22.976688299999996], [-43.187812, -22.976370200000005], [-43.1876436, -22.976065699999996], [-43.18752330000001, -22.975854], [-43.1873409, -22.975541899999996], [-43.1871414, -22.975228], [-43.1870381, -22.9750633], [-43.1868713, -22.974815100000004], [-43.1865842, -22.974404300000003], [-43.1863394, -22.974074199999993], [-43.1861643, -22.9738458], [-43.1860065, -22.973646700000003], [-43.1857054, -22.973289499999993], [-43.1854146, -22.972958599999995], [-43.1850949, -22.972612799999997], [-43.1849283, -22.972436700000003], [-43.1846781, -22.972184099999996], [-43.1844541, -22.971966600000002], [-43.1843296, -22.9718538], [-43.1839844, -22.971536100000005], [-43.1836526, -22.9712501], [-43.1833256, -22.97098219999999], [-43.1829778, -22.9707038], [-43.1826541, -22.970461099999998], [-43.1820878, -22.97006040000001], [-43.1815144, -22.969672899999992], [-43.1809786, -22.969317600000004], [-43.1804218, -22.96896990000001], [-43.17989, -22.9686394], [-43.1792683, -22.968265799999994], [-43.1789376, -22.968072499999995], [-43.1783242, -22.967723799999998], [-43.1781795, -22.967644199999995], [-43.1775368, -22.967287399999996], [-43.17713717288756, -22.967076804860724]]}}, {"type": "Feature", "properties": {"osm_id": "way/42432241", "access": "private", "cycleway:both": "no", "highway": "residential", "name": "Rua General Barbosa Lima", "surface": "paved"}, "geometry": {"type": "LineString", "coordinates": [[-43.1805745, -22.9664809], [-43.1805097, -22.96638439999999], [-43.1804598, -22.966341999999994], [-43.1802928, -22.966246899999998], [-43.1802151, -22.966221600000004], [-43.1801265, -22.966206099999994], [-43.1800682, -22.9662061], [-43.1800105, -22.966219700000003], [-43.1799569, -22.966249400000002], [-43.1799247, -22.96627339999999], [-43.1799093, -22.966306199999995], [-43.1799114, -22.966378000000002], [-43.1799294, -22.96642469999999], [-43.1801721, -22.966656800000003], [-43.18027000000001, -22.9667235], [-43.1804028, -22.9667778], [-43.1805678, -22.966814899999996], [-43.180663, -22.966816100000003], [-43.1807483, -22.966802699999988], [-43.1808078, -22.966758100000003], [-43.1808561, -22.96669509999999], [-43.180887, -22.966616099999996], [-43.180891, -22.966485200000008], [-43.1808561, -22.966262900000004], [-43.1808333, -22.9661913], [-43.1807805, -22.966130999999994], [-43.1805122, -22.965982800000006], [-43.18009380000001, -22.965785299999997]]}}, {"type": "Feature", "properties": {"osm_id": "way/58740874", "highway": "secondary", "lanes": "3", "name": "Rua Figueiredo de Magalhães", "oneway": "yes", "surface": "asphalt"}, "geometry": {"type": "LineString", "coordinates": [[-43.1867913, -22.9692945], [-43.1868696, -22.969209100000008], [-43.1870259, -22.969034099999995], [-43.1873717, -22.968632999999997], [-43.1878434, -22.968097299999997], [-43.1878998, -22.968034399999993]]}}, {"type": "Feature", "properties": {"osm_id": "way/59877200", "bicycle": "designated", "cycleway:right": "shared_lane", "highway": "secondary", "lanes": "3", "name": "Rua Siqueira Campos", "old_name": "Rua Barroso", "oneway": "yes", "surface": "asphalt"}, "geometry": {"type": "LineString", "coordinates": [[-43.1852437, -22.968324000000006], [-43.1851372, -22.968461999999995], [-43.1850961, -22.968515300000004], [-43.1849749, -22.9686724], [-43.1847289, -22.96899120000001], [-43.1846193, -22.9691333]]}}, {"type": "Feature", "properties": {"osm_id": "way/59877201", "bicycle": "designated", "cycleway:right": "shared_lane", "highway": "secondary", "lanes": "3", "name": "Rua Siqueira Campos", "old_name": "Rua Barroso", "oneway": "yes", "surface": "asphalt"}, "geometry": {"type": "LineString", "coordinates": [[-43.1846193, -22.9691333], [-43.1845196, -22.96925780000001], [-43.1842971, -22.9695354], [-43.1841279, -22.969746499999996], [-43.1839939, -22.96991969999999], [-43.183479, -22.9705456], [-43.1833929, -22.970645599999997]]}}, {"type": "Feature", "properties": {"osm_id": "way/59877209", "cycleway:right": "no", "highway": "secondary", "lanes": "4", "lanes:psv:forward:conditional": "2 @ (Mo-Fr 06:00-21:00; Sa 06:00-14:00)", "maxspeed": "60", "name": "Rua Barata Ribeiro", "oneway": "yes", "parking:lane:left": "parallel", "parking:lane:left:conditional": "no_parking @ (Mo-Fr 06:00-21:00; Sa 06:00-14:00)", "surface": "asphalt"}, "geometry": {"type": "LineString", "coordinates": [[-43.1798255, -22.964782999999994], [-43.1799997, -22.964891399999985], [-43.1802118, -22.965027200000005], [-43.1807719, -22.96538599999999], [-43.1808494, -22.9654356], [-43.1811458, -22.965638100000003], [-43.1816119, -22.9659536], [-43.1816739, -22.9659956]]}}, {"type": "Feature", "properties": {"osm_id": "way/61015378", "IPP:CADASTRAL": "287E", "IPP:CODIGO": "22980", "IPP:COD_QUADRA": "287E22980", "area": "yes", "highway": "pedestrian", "landuse": "grass", "source": "IPP"}, "geometry": {"type": "LineString", "coordinates": [[-43.1937351, -22.976305600000003], [-43.1937568, -22.976298100000005], [-43.1937986, -22.976290299999995], [-43.1938638, -22.976293799999993], [-43.1938783, -22.976287700000004], [-43.193774, -22.976179299999995], [-43.1937343, -22.9761664], [-43.1937101, -22.976160300000004], [-43.1936702, -22.976177999999994], [-43.1936473, -22.9761879], [-43.19365400000001, -22.976220999999995], [-43.1936917, -22.976332599999996], [-43.1937351, -22.976305600000003]]}}, {"type": "Feature", "properties": {"osm_id": "way/72145308", "highway": "residential", "name": "Rua Carvalho de Mendonça", "oneway": "yes", "postal_code": "22020-050", "source": "Yahoo;IPP", "surface": "paved"}, "geometry": {"type": "LineString", "coordinates": [[-43.17884539049202, -22.96558677167997], [-43.1791402, -22.96572889999999]]}}, {"type": "Feature", "properties": {"osm_id": "way/72145310", "cycleway:left": "lane", "cycleway:left:oneway": "no", "cycleway:right": "no", "highway": "tertiary", "lanes": "2", "lit": "yes", "name": "Rua Rodolfo Dantas", "oneway": "yes", "oneway:bicycle": "no", "sidewalk": "both", "surface": "asphalt"}, "geometry": {"type": "LineString", "coordinates": [[-43.179425, -22.9652581], [-43.1797477, -22.9648491], [-43.1798255, -22.964782999999994]]}}, {"type": "Feature", "properties": {"osm_id": "way/72145316", "cycleway:right": "no", "highway": "secondary", "lanes": "4", "lanes:psv:forward:conditional": "2 @ (Mo-Fr 06:00-21:00;Sa 06:00-14:00)", "lit": "yes", "maxspeed": "60", "name": "Avenida Nossa Senhora de Copacabana", "oneway": "yes", "sidewalk": "both", "surface": "asphalt"}, "geometry": {"type": "LineString", "coordinates": [[-43.1814562, -22.967183400000003], [-43.1805762, -22.9671574], [-43.180443, -22.9671335], [-43.1803197, -22.9670883], [-43.1789583, -22.966339000000005], [-43.1788095, -22.966257099999993], [-43.1786796, -22.966185600000003], [-43.178360333432444, -22.966009879618227]]}}, {"type": "Feature", "properties": {"osm_id": "way/72145323", "bicycle": "designated", "highway": "residential", "lit": "yes", "maxspeed": "30", "name": "Rua Marechal Mascarenhas de Morais", "oneway": "no", "parking:both": "lane", "parking:both:fee": "no", "parking:both:orientation": "parallel", "surface": "sett"}, "geometry": {"type": "LineString", "coordinates": [[-43.1823791, -22.965222199999992], [-43.18245430000001, -22.965128799999995], [-43.182718900000005, -22.964800299999997]]}}, {"type": "Feature", "properties": {"osm_id": "way/72145324", "cycleway:right": "no", "highway": "secondary", "lanes": "4", "lanes:psv:forward:conditional": "2 @ (Mo-Fr 06:00-21:00; Sa 06:00-14:00)", "lit": "yes", "maxspeed": "60", "name": "Rua Barata Ribeiro", "note": "Right lane exclusive for psv", "oneway": "yes", "parking:lane:left": "parallel", "parking:lane:left:conditional": "no_parking @ (Mo-Fr 06:00-21:00; Sa 06:00-14:00)", "sidewalk": "both", "surface": "paved"}, "geometry": {"type": "LineString", "coordinates": [[-43.1816739, -22.9659956], [-43.1825277, -22.96655249999999], [-43.18262810000001, -22.966618000000008], [-43.1834793, -22.9671732], [-43.1835746, -22.967235399999993], [-43.1842904, -22.9677022], [-43.1843795, -22.967758800000002], [-43.1848251, -22.968050899999994], [-43.1851645, -22.968272400000004], [-43.1852437, -22.968324000000006]]}}, {"type": "Feature", "properties": {"osm_id": "way/72145325", "bicycle": "designated", "highway": "residential", "maxspeed": "30", "name": "Rua Marechal Mascarenhas de Morais", "oneway": "yes", "surface": "asphalt"}, "geometry": {"type": "LineString", "coordinates": [[-43.1816739, -22.9659956], [-43.1814033, -22.9663173]]}}, {"type": "Feature", "properties": {"osm_id": "way/72145327", "bicycle": "designated", "highway": "residential", "maxspeed": "30", "name": "Rua Inhangá", "oneway": "yes", "sidewalk": "both", "surface": "asphalt"}, "geometry": {"type": "LineString", "coordinates": [[-43.1814033, -22.9663173], [-43.1815937, -22.9668877], [-43.1815977, -22.966954399999995], [-43.1815883, -22.9670025], [-43.1815642, -22.9670482], [-43.1815217, -22.967101400000004], [-43.1814562, -22.967183400000003]]}}, {"type": "Feature", "properties": {"osm_id": "way/72157014", "highway": "residential", "name": "Rua Almirante Gonçalves", "oneway": "yes"}, "geometry": {"type": "LineString", "coordinates": [[-43.1907891, -22.979927899999993], [-43.1901602, -22.979950399999993]]}}, {"type": "Feature", "properties": {"osm_id": "way/72157016", "access": "private", "highway": "living_street"}, "geometry": {"type": "LineString", "coordinates": [[-43.1921101, -22.973648299999994], [-43.1922568, -22.973987599999997]]}}, {"type": "Feature", "properties": {"osm_id": "way/72157017", "highway": "residential", "lanes": "1", "name": "Praça Eugênio Jardim", "oneway": "yes", "surface": "asphalt"}, "geometry": {"type": "LineString", "coordinates": [[-43.193675, -22.976397199999994], [-43.1937598, -22.976335099999996], [-43.1938082, -22.976316000000004], [-43.1938494, -22.9763097], [-43.1939708, -22.976302699999994]]}}, {"type": "Feature", "properties": {"osm_id": "way/72157018", "cycleway:both": "no", "highway": "residential", "lit": "yes", "maxspeed:type": "BR:urban", "name": "Travessa Cristiano Lacorte", "oneway": "yes", "surface": "asphalt"}, "geometry": {"type": "LineString", "coordinates": [[-43.1912687, -22.9778239], [-43.1913984, -22.978296599999993], [-43.191508, -22.978696000000003]]}}, {"type": "Feature", "properties": {"osm_id": "way/72157019", "highway": "service", "source": "Bing"}, "geometry": {"type": "LineString", "coordinates": [[-43.1917574, -22.9733536], [-43.1922423, -22.97318690000001], [-43.19234, -22.973143]]}}, {"type": "Feature", "properties": {"osm_id": "way/72157020", "highway": "residential", "name": "Travessa Frederico Pamplona", "source": "Bing"}, "geometry": {"type": "LineString", "coordinates": [[-43.1927571, -22.972310300000004], [-43.1926287, -22.972369099999998], [-43.19205240000001, -22.972619399999992]]}}, {"type": "Feature", "properties": {"osm_id": "way/72157021", "access": "private", "highway": "residential", "name": "Travessa Maria Amelia", "source": "Bing"}, "geometry": {"type": "LineString", "coordinates": [[-43.19369660000001, -22.973668400000008], [-43.193013, -22.9737379]]}}, {"type": "Feature", "properties": {"osm_id": "way/72157022", "highway": "residential", "name": "Rua Emilio Berla"}, "geometry": {"type": "LineString", "coordinates": [[-43.1945778, -22.973847800000005], [-43.194026300000004, -22.973899899999996], [-43.1931493, -22.973983299999993]]}}, {"type": "Feature", "properties": {"osm_id": "way/72157023", "highway": "residential", "name": "Travessa Santa Leocádia", "oneway": "no", "source": "Bing", "surface": "paving_stones"}, "geometry": {"type": "LineString", "coordinates": [[-43.1943132, -22.974147200000004], [-43.1932096, -22.9742396]]}}, {"type": "Feature", "properties": {"osm_id": "way/72157024", "access": "private", "foot": "yes", "highway": "living_street", "name": "Travessa Angrense"}, "geometry": {"type": "LineString", "coordinates": [[-43.1880546, -22.971415899999997], [-43.1876333, -22.971875600000004]]}}, {"type": "Feature", "properties": {"osm_id": "way/72157025", "access": "private", "highway": "living_street", "name": "Rua 5 de Julho"}, "geometry": {"type": "LineString", "coordinates": [[-43.1888056, -22.969074699999993], [-43.1884838, -22.96946], [-43.1883765, -22.969588400000006]]}}, {"type": "Feature", "properties": {"osm_id": "way/72157026", "access": "private", "highway": "living_street", "name": "Rua 5 de Julho"}, "geometry": {"type": "LineString", "coordinates": [[-43.1884838, -22.96946], [-43.18873750000001, -22.969647400000003]]}}, {"type": "Feature", "properties": {"osm_id": "way/72157027", "bicycle": "designated", "highway": "residential", "maxspeed": "30", "name": "Rua Raimundo Corrêa", "oneway": "yes", "sidewalk": "both", "surface": "asphalt"}, "geometry": {"type": "LineString", "coordinates": [[-43.1899208, -22.970732399999996], [-43.1892723, -22.971302199999997]]}}, {"type": "Feature", "properties": {"osm_id": "way/72157028", "bicycle": "designated", "highway": "residential", "lanes": "1", "lit": "yes", "maxspeed": "30", "name": "Praça Serzedelo Correia", "oneway": "yes", "parking:both": "lane", "parking:both:fee": "yes", "parking:both:orientation": "parallel", "surface": "asphalt"}, "geometry": {"type": "LineString", "coordinates": [[-43.1832993, -22.969216699999993], [-43.1838231, -22.9695547]]}}, {"type": "Feature", "properties": {"osm_id": "way/72157029", "cycleway:both": "no", "highway": "secondary", "lanes": "2", "name": "Rua Santa Clara", "oneway": "yes", "sidewalk": "both", "surface": "asphalt"}, "geometry": {"type": "LineString", "coordinates": [[-43.19079426461637, -22.96755504193365], [-43.1904185, -22.9679885], [-43.1895228, -22.968925599999995], [-43.1894318, -22.969020799999996], [-43.1888203, -22.969709599999998], [-43.1883233, -22.970258199999996], [-43.1882871, -22.970298099999997], [-43.18735110000001, -22.971373499999995], [-43.1872333, -22.971499499999997]]}}, {"type": "Feature", "properties": {"osm_id": "way/72157032", "highway": "residential", "lanes": "1", "lit": "yes", "maxspeed": "30", "name": "Travessa Santa Margarida", "oneway": "yes", "source": "survey", "surface": "asphalt"}, "geometry": {"type": "LineString", "coordinates": [[-43.187618, -22.9654397], [-43.1878218, -22.965516499999996], [-43.187895600000004, -22.965540000000004], [-43.1879345, -22.965547399999995], [-43.1879646, -22.965548], [-43.1879955, -22.965541799999993], [-43.1880444, -22.965517099999992], [-43.1881718, -22.965423899999998], [-43.1882094, -22.96540969999999], [-43.1882308, -22.9654115], [-43.1882496, -22.96541709999999], [-43.1882791, -22.965426399999995], [-43.188324, -22.965444299999998], [-43.188438, -22.965494899999996], [-43.1885374, -22.96553829999999]]}}, {"type": "Feature", "properties": {"osm_id": "way/72157033", "bicycle": "designated", "highway": "residential", "maxspeed": "30", "name": "Rua Edmundo Lins", "old_name": "Travessa Miranda", "oneway": "yes", "sidewalk": "both", "surface": "asphalt"}, "geometry": {"type": "LineString", "coordinates": [[-43.1854908, -22.96802050000001], [-43.1870259, -22.969034099999995]]}}, {"type": "Feature", "properties": {"osm_id": "way/72157034", "bicycle": "designated", "highway": "residential", "maxspeed": "30", "name": "Rua Silva Castro", "old_name": "Travessa Avaré", "oneway": "yes", "surface": "asphalt"}, "geometry": {"type": "LineString", "coordinates": [[-43.1873717, -22.968632999999997], [-43.1858707, -22.967654500000002], [-43.1858102, -22.967615]]}}, {"type": "Feature", "properties": {"osm_id": "way/75035870", "bicycle": "designated", "highway": "residential", "lit": "yes", "maxspeed": "30", "name": "Rua Marechal Mascarenhas de Morais", "oneway": "yes", "parking:both": "street_side", "parking:both:fee": "no", "parking:both:orientation": "parallel", "surface": "asphalt"}, "geometry": {"type": "LineString", "coordinates": [[-43.1823791, -22.965222199999992], [-43.1817422, -22.965920699999998], [-43.1816739, -22.9659956]]}}, {"type": "Feature", "properties": {"osm_id": "way/75035871", "bicycle": "designated", "highway": "residential", "lanes": "1", "lit": "yes", "maxspeed": "30", "name": "Rua Conrado Niemeyer", "note": "There is a slight spelling difference between IGBE data (Neimeyer) and OSM data (Niemeyer). Needs verification from street sign.", "oneway": "yes", "parking:left": "street_side", "parking:left:fee": "no", "parking:left:orientation": "parallel", "parking:right": "no", "parking:right:restriction": "no_parking", "surface": "asphalt"}, "geometry": {"type": "LineString", "coordinates": [[-43.1837385, -22.9653753], [-43.1832339, -22.9651164], [-43.1829764, -22.964968199999998], [-43.182718900000005, -22.964800299999997]]}}, {"type": "Feature", "properties": {"osm_id": "way/75035872", "access": "private", "bicycle": "designated", "highway": "residential", "lit": "yes", "maxspeed": "30", "name": "Rua Marechal Mascarenhas de Morais", "oneway": "no", "parking:condition:left": "free", "parking:lane:left": "parallel", "parking:lane:right": "no_parking", "surface": "sett"}, "geometry": {"type": "LineString", "coordinates": [[-43.1827892, -22.9647178], [-43.18286640000001, -22.96462559999999], [-43.1828758, -22.9645861], [-43.1828678, -22.964536699999996], [-43.1828436, -22.964490999999995], [-43.1827457, -22.9643576], [-43.1827296, -22.964310699999995], [-43.1827289, -22.964267200000002], [-43.182743, -22.964237799999992], [-43.1827719, -22.964210099999995], [-43.1828081, -22.964195199999995], [-43.1828658, -22.964194], [-43.18291200000001, -22.9642076], [-43.1829456, -22.9642274], [-43.1832939, -22.964524099999995], [-43.1837241, -22.964853399999992], [-43.1837817, -22.964880599999997], [-43.1838246, -22.964883699999998], [-43.1838609, -22.96487069999999], [-43.1838729, -22.964841699999997], [-43.1838736, -22.964811400000002], [-43.1838635, -22.9647707], [-43.1837797, -22.964612], [-43.1837697, -22.9645706], [-43.1837676, -22.964528], [-43.18377900000001, -22.964307599999994], [-43.183773, -22.9642582], [-43.1837516, -22.964222399999997], [-43.1836905, -22.964153299999992], [-43.1836389, -22.964084699999997], [-43.1836315, -22.964068099999988], [-43.1836302, -22.964049499999998], [-43.1836563, -22.963964299999994], [-43.183663, -22.9639304], [-43.183661, -22.963893900000002], [-43.1836449, -22.9638557], [-43.1836174, -22.963821099999993], [-43.1833197, -22.963551300000002]]}}, {"type": "Feature", "properties": {"osm_id": "way/75035873", "bicycle": "designated", "highway": "residential", "lanes": "1", "lit": "yes", "maxspeed": "30", "name": "Rua República do Peru", "oneway": "yes", "parking:both": "street_side", "parking:both:fee": "no", "parking:both:orientation": "parallel", "surface": "asphalt"}, "geometry": {"type": "LineString", "coordinates": [[-43.183409, -22.9657457], [-43.1834836, -22.965661900000004], [-43.1837385, -22.9653753]]}}, {"type": "Feature", "properties": {"osm_id": "way/75035874", "highway": "residential", "lanes": "1", "lit": "yes", "maxspeed": "30", "name": "Rua República do Peru", "oneway": "no", "parking:both": "yes", "parking:both:orientation": "parallel", "parking:condition:both": "free", "surface": "asphalt"}, "geometry": {"type": "LineString", "coordinates": [[-43.1837385, -22.9653753], [-43.183868600000004, -22.965222000000004]]}}, {"type": "Feature", "properties": {"osm_id": "way/75035875", "highway": "residential", "lanes": "1", "lit": "yes", "maxspeed": "30", "name": "Rua Assis Brasil", "oneway": "yes", "surface": "asphalt"}, "geometry": {"type": "LineString", "coordinates": [[-43.1803302, -22.964550699999993], [-43.1803584, -22.964492699999997], [-43.1803812, -22.964441099999995], [-43.180445, -22.9643342], [-43.1804734, -22.9642881]]}}, {"type": "Feature", "properties": {"osm_id": "way/75035876", "access": "private", "highway": "residential", "lanes": "1", "lit": "yes", "maxspeed": "30", "name": "Rua Maracanaú", "oneway": "yes", "parking:condition:left": "free", "parking:lane:left": "parallel", "parking:lane:right": "no_parking", "surface": "asphalt"}, "geometry": {"type": "LineString", "coordinates": [[-43.18114583010657, -22.963580074095596], [-43.1816537, -22.963922499999995]]}}, {"type": "Feature", "properties": {"osm_id": "way/75035877", "highway": "residential", "lit": "yes", "maxspeed": "30", "name": "Rua Otaviano Hudson", "oneway": "no", "surface": "asphalt"}, "geometry": {"type": "LineString", "coordinates": [[-43.18117, -22.9644714], [-43.1810762, -22.9645795]]}}, {"type": "Feature", "properties": {"osm_id": "way/75035878", "cycleway:both": "no", "highway": "residential", "lanes": "1", "lit": "yes", "maxspeed": "30", "maxspeed:type": "sign", "name": "Praça Cardeal Arcoverde", "oneway": "yes", "parking:both": "lane", "parking:both:fee": "no", "parking:both:orientation": "parallel", "sidewalk": "both", "surface": "paved"}, "geometry": {"type": "LineString", "coordinates": [[-43.1808494, -22.9654356], [-43.1813491, -22.9647085]]}}, {"type": "Feature", "properties": {"osm_id": "way/75035882", "alt_name": "Rua Tonelero", "highway": "residential", "lit": "yes", "maxspeed": "30", "name": "Rua Guimarães Natal", "oneway": "yes", "parking:condition:left": "free", "parking:condition:right": "free", "parking:lane:left": "perpendicular", "parking:lane:right": "parallel", "surface": "asphalt"}, "geometry": {"type": "LineString", "coordinates": [[-43.1804734, -22.9642881], [-43.1805185, -22.964307999999992], [-43.18057180000001, -22.964329099999997], [-43.1806167, -22.964350700000004], [-43.1808152, -22.964448]]}}, {"type": "Feature", "properties": {"osm_id": "way/75551404", "bicycle": "designated", "highway": "residential", "lanes": "1", "lit": "yes", "maxspeed": "30", "name": "Rua Hilário de Gouveia", "oneway": "yes", "parking:lane:both": "no_parking", "surface": "asphalt"}, "geometry": {"type": "LineString", "coordinates": [[-43.1842219, -22.967963299999997], [-43.1838447, -22.9684655], [-43.1837721, -22.968585600000004], [-43.183713, -22.968672799999997], [-43.18360460000001, -22.968815300000006], [-43.1834197, -22.9690584], [-43.1832993, -22.969216699999993], [-43.1827113, -22.969989499999997], [-43.1826357, -22.9700776]]}}, {"type": "Feature", "properties": {"osm_id": "way/75551405", "bicycle": "designated", "highway": "residential", "lanes": "1", "lit": "yes", "maxspeed": "30", "name": "Rua Hilário de Gouveia", "oneway": "yes", "parking:left": "street_side", "parking:left:fee": "yes", "parking:left:orientation": "perpendicular", "parking:right": "street_side", "parking:right:access": "private", "parking:right:capacity": "3", "parking:right:orientation": "parallel", "surface": "asphalt"}, "geometry": {"type": "LineString", "coordinates": [[-43.1843795, -22.967758800000002], [-43.1842219, -22.967963299999997]]}}, {"type": "Feature", "properties": {"osm_id": "way/75551406", "bicycle": "designated", "highway": "residential", "lanes": "1", "lit": "yes", "maxspeed": "30", "name": "Praça Serzedelo Correia", "oneway": "yes", "parking:both": "lane", "parking:both:orientation": "parallel", "parking:left:fee": "yes", "parking:right:access": "private", "parking:right:capacity": "10", "surface": "asphalt"}, "geometry": {"type": "LineString", "coordinates": [[-43.1838231, -22.9695547], [-43.1840262, -22.9696876], [-43.1841279, -22.969746499999996]]}}, {"type": "Feature", "properties": {"osm_id": "way/75551408", "bicycle": "designated", "highway": "residential", "lanes": "1", "lit": "yes", "maxspeed": "30", "name": "Rua Paula Freitas", "old_name": "Rua Itororó", "oneway": "yes", "parking:both": "street_side", "parking:both:fee": "no", "parking:both:orientation": "parallel", "surface": "asphalt"}, "geometry": {"type": "LineString", "coordinates": [[-43.1829077, -22.96803439999999], [-43.1830143, -22.967907200000006], [-43.1835118, -22.967310300000005], [-43.1835746, -22.967235399999993], [-43.1843854, -22.966239700000003]]}}, {"type": "Feature", "properties": {"osm_id": "way/75551410", "bicycle": "designated", "highway": "residential", "lanes": "1", "lit": "yes", "maxspeed": "30", "name": "Rua Hilário de Gouveia", "oneway": "yes", "parking:both": "street_side", "parking:both:access": "private", "parking:both:orientation": "parallel", "parking:right:capacity": "5", "surface": "asphalt"}, "geometry": {"type": "LineString", "coordinates": [[-43.1847863, -22.967222400000004], [-43.1844575, -22.96765909999999], [-43.1843795, -22.967758800000002]]}}, {"type": "Feature", "properties": {"osm_id": "way/105184921", "bicycle": "designated", "foot": "no", "highway": "residential", "maxspeed": "30", "name": "Rua República do Peru", "oneway": "yes", "surface": "asphalt"}, "geometry": {"type": "LineString", "coordinates": [[-43.1805932, -22.968992399999998], [-43.1807318, -22.968808400000004]]}}, {"type": "Feature", "properties": {"osm_id": "way/113813713", "highway": "service", "name": "Túnel de Serviço"}, "geometry": {"type": "LineString", "coordinates": [[-43.1914765, -22.9716595], [-43.1915855, -22.9715892]]}}, {"type": "Feature", "properties": {"osm_id": "way/113813714", "access": "private", "highway": "service", "layer": "-1", "name": "Túnel de Serviço", "tunnel": "yes"}, "geometry": {"type": "LineString", "coordinates": [[-43.19300041302574, -22.978050004857117], [-43.1929987, -22.977989899999997]]}}, {"type": "Feature", "properties": {"osm_id": "way/126433417", "highway": "service", "lanes": "1", "lit": "yes", "name": "Rua Siqueira Campos", "oneway": "yes", "surface": "cobblestone"}, "geometry": {"type": "LineString", "coordinates": [[-43.187992, -22.9659691], [-43.187961900000005, -22.966026099999997], [-43.1879485, -22.9660489], [-43.1879237, -22.966076599999994], [-43.1878929, -22.966101400000003], [-43.1874567, -22.9663427], [-43.18703, -22.966562900000003]]}}, {"type": "Feature", "properties": {"osm_id": "way/134216629", "cycleway:right": "no", "highway": "secondary", "lanes": "4", "lanes:psv:forward:conditional": "2 @ (Mo-Fr 06:00-21:00; Sa 06:00-14:00)", "lit": "yes", "maxspeed": "60", "name": "Avenida Nossa Senhora de Copacabana", "oneway": "yes", "sidewalk": "both", "surface": "asphalt"}, "geometry": {"type": "LineString", "coordinates": [[-43.1840063, -22.968739699999997], [-43.1838511, -22.968640099999995], [-43.1837721, -22.968585600000004], [-43.1836413, -22.968505399999994], [-43.1830609, -22.968132699999998], [-43.1829077, -22.96803439999999], [-43.1827662, -22.967943500000004], [-43.1821018, -22.967516899999993], [-43.1819594, -22.967425399999996], [-43.1818176, -22.9673344], [-43.1816725, -22.967241299999998], [-43.1815679, -22.9672028], [-43.1814562, -22.967183400000003]]}}, {"type": "Feature", "properties": {"osm_id": "way/164103413", "highway": "secondary", "lanes": "4", "lanes:psv:forward:conditional": "2 @ (Mo-Fr 6:00-21:00;Sa 6:00-14:00)", "maxspeed": "60", "name": "Avenida Nossa Senhora de Copacabana", "oneway": "yes", "surface": "asphalt"}, "geometry": {"type": "LineString", "coordinates": [[-43.1900286, -22.975883300000003], [-43.1899484, -22.975720299999992], [-43.1895751, -22.9750533], [-43.1894923, -22.974912599999996], [-43.1894611, -22.9748634], [-43.1894155, -22.9747931], [-43.1890049, -22.974161599999995], [-43.1889086, -22.974016799999998]]}}, {"type": "Feature", "properties": {"osm_id": "way/167986520", "bicycle": "designated", "highway": "residential", "maxspeed": "30", "name": "Rua Dias da Rocha", "oneway": "no", "sidewalk": "both", "surface": "asphalt"}, "geometry": {"type": "LineString", "coordinates": [[-43.1886982, -22.973057600000004], [-43.1899433, -22.972142800000004], [-43.1900291, -22.972079799999996]]}}, {"type": "Feature", "properties": {"osm_id": "way/172664327", "bicycle": "designated", "highway": "residential", "maxspeed": "30", "name": "Rua Dias da Rocha", "oneway": "yes", "surface": "asphalt"}, "geometry": {"type": "LineString", "coordinates": [[-43.1900291, -22.972079799999996], [-43.19068690000001, -22.971561199999996]]}}, {"type": "Feature", "properties": {"osm_id": "way/179723261", "highway": "secondary", "lanes": "4", "lanes:psv:forward:conditional": "2 @ (Mo-Fr 6:00-21:00;Sa 6:00-14:00)", "lit": "yes", "maxspeed": "60", "name": "Rua Barata Ribeiro", "oneway": "yes", "parking:lane:left": "parallel", "parking:lane:left:conditional": "no_parking @ (Mo-Fr 6:00-21:00;Sa 6:00-14:00)", "surface": "asphalt"}, "geometry": {"type": "LineString", "coordinates": [[-43.1867913, -22.9692945], [-43.1868384, -22.969325599999998], [-43.186923300000004, -22.969381999999996], [-43.1873309, -22.969651499999998], [-43.1875214, -22.9697748], [-43.1882308, -22.970255299999994], [-43.1882871, -22.970298099999997], [-43.1886167, -22.970634], [-43.1892107, -22.97123949999999], [-43.1892723, -22.971302199999997], [-43.1899462, -22.9719947], [-43.1900291, -22.972079799999996], [-43.1906704, -22.972756699999994], [-43.1907588, -22.972848], [-43.1908224, -22.9729138], [-43.1909019, -22.973046], [-43.1910512, -22.97334439999999], [-43.1911705, -22.973582699999994], [-43.1915149, -22.974242700000005], [-43.1915423, -22.974295199999993], [-43.1922442, -22.975631299999993], [-43.1922824, -22.975703899999992], [-43.1924674, -22.976332399999986], [-43.1924972, -22.976435499999997], [-43.1927407, -22.977344700000007], [-43.1927734, -22.977453399999995]]}}, {"type": "Feature", "properties": {"osm_id": "way/179729526", "highway": "cycleway"}, "geometry": {"type": "LineString", "coordinates": [[-43.189369107329924, -22.96615431329526], [-43.1893185, -22.9662109], [-43.1892152, -22.96632649999999], [-43.1889312, -22.96668349999999], [-43.1888976, -22.966725800000003], [-43.1884954, -22.9672088], [-43.1884583, -22.967253400000004], [-43.1884176, -22.9673026]]}}, {"type": "Feature", "properties": {"osm_id": "way/179731687", "highway": "residential", "name": "Rua Maestro Francisco Braga", "oneway": "no", "surface": "asphalt"}, "geometry": {"type": "LineString", "coordinates": [[-43.1899367, -22.9676231], [-43.1898293, -22.967755999999994], [-43.1895638, -22.9680846], [-43.1895198, -22.968163399999995], [-43.1895015, -22.9682211]]}}, {"type": "Feature", "properties": {"osm_id": "way/179731691", "bicycle": "designated", "highway": "residential", "maxspeed": "30", "name": "Rua Anita Garibaldi", "oneway": "yes", "sidewalk": "both", "surface": "asphalt"}, "geometry": {"type": "LineString", "coordinates": [[-43.1895608, -22.967328], [-43.1894256, -22.9674777], [-43.18919520000001, -22.967728300000005], [-43.1886432, -22.968403599999988], [-43.18858780000001, -22.968472800000004]]}}, {"type": "Feature", "properties": {"osm_id": "way/179731692", "bicycle": "designated", "highway": "residential", "maxspeed": "30", "name": "Praça Edmundo Bittencourt", "oneway": "yes", "surface": "asphalt"}, "geometry": {"type": "LineString", "coordinates": [[-43.1899367, -22.9676231], [-43.1896494, -22.967397199999994], [-43.1895608, -22.967328]]}}, {"type": "Feature", "properties": {"osm_id": "way/206236135", "access": "private", "fixme": "resurvey", "highway": "residential", "name": "Travessa Jaú", "source": "IPP"}, "geometry": {"type": "LineString", "coordinates": [[-43.1861414, -22.9662171], [-43.1858119, -22.9667706]]}}, {"type": "Feature", "properties": {"osm_id": "way/206237389", "access": "private", "highway": "service", "layer": "-1", "name": "Túnel de Serviço", "tunnel": "yes"}, "geometry": {"type": "LineString", "coordinates": [[-43.1916239, -22.971568299999998], [-43.1924537, -22.9711378], [-43.1924813, -22.9711226]]}}, {"type": "Feature", "properties": {"osm_id": "way/206237390", "cycleway:both": "no", "highway": "residential", "lane_markings": "no", "maxspeed:type": "BR:urban", "name": "Rua Lacerda Coutinho", "oneway": "yes", "sidewalk": "both", "surface": "asphalt"}, "geometry": {"type": "LineString", "coordinates": [[-43.1898201, -22.9692758], [-43.1906502, -22.968379000000002], [-43.1907257, -22.968279400000004], [-43.1907223, -22.96824219999999], [-43.1906995, -22.9681854], [-43.1904185, -22.9679885]]}}, {"type": "Feature", "properties": {"osm_id": "way/207138523", "highway": "footway", "layer": "-1", "tunnel": "yes"}, "geometry": {"type": "LineString", "coordinates": [[-43.1807371, -22.964570599999995], [-43.1808449, -22.9645479], [-43.1808993, -22.96453169999999], [-43.1809531, -22.9645085], [-43.181036, -22.9643671]]}}, {"type": "Feature", "properties": {"osm_id": "way/207143229", "bicycle": "designated", "highway": "tertiary", "lanes": "3", "lit": "yes", "name": "Rua Tonelero", "oneway": "yes", "parking:both": "no", "parking:both:restriction": "no_parking", "sidewalk": "both", "surface": "asphalt"}, "geometry": {"type": "LineString", "coordinates": [[-43.1808152, -22.964448], [-43.1809036, -22.964491900000002], [-43.1810762, -22.9645795], [-43.1813414, -22.964705000000002], [-43.1813491, -22.9647085], [-43.1819106, -22.964990500000003], [-43.182264, -22.9651648], [-43.1823791, -22.965222199999992], [-43.18329, -22.965685199999996], [-43.183409, -22.9657457], [-43.1841081, -22.9660994]]}}, {"type": "Feature", "properties": {"osm_id": "way/228185886", "crossing": "traffic_signals", "footway": "crossing", "highway": "footway"}, "geometry": {"type": "LineString", "coordinates": [[-43.1804328, -22.968954399999998], [-43.180465100000006, -22.9689088], [-43.1804897, -22.9688745]]}}, {"type": "Feature", "properties": {"osm_id": "way/228185889", "footway": "crossing", "highway": "footway", "surface": "asphalt"}, "geometry": {"type": "LineString", "coordinates": [[-43.1781728, -22.967654099999997], [-43.1781795, -22.967644199999995], [-43.1781934, -22.967624599999997], [-43.1782225, -22.9675837], [-43.1782469, -22.967544]]}}, {"type": "Feature", "properties": {"osm_id": "way/228186028", "crossing": "traffic_signals", "footway": "crossing", "highway": "footway"}, "geometry": {"type": "LineString", "coordinates": [[-43.1833173, -22.970990300000004], [-43.1833256, -22.97098219999999], [-43.1833435, -22.9709633], [-43.1833712, -22.9709359], [-43.1834092, -22.970894900000005]]}}, {"type": "Feature", "properties": {"osm_id": "way/228186029", "footway": "crossing", "highway": "footway"}, "geometry": {"type": "LineString", "coordinates": [[-43.184315, -22.9718683], [-43.1843296, -22.9718538]]}}, {"type": "Feature", "properties": {"osm_id": "way/228186479", "crossing": "uncontrolled", "crossing:markings": "yes", "footway": "crossing", "highway": "footway"}, "geometry": {"type": "LineString", "coordinates": [[-43.187249, -22.9751684], [-43.1872031, -22.975191700000003], [-43.1871591, -22.975218400000003]]}}, {"type": "Feature", "properties": {"osm_id": "way/228186480", "crossing": "traffic_signals", "footway": "crossing", "highway": "footway"}, "geometry": {"type": "LineString", "coordinates": [[-43.1876302, -22.976071800000003], [-43.1876436, -22.976065699999996], [-43.1876686, -22.976053499999995], [-43.1877027, -22.9760369], [-43.1877499, -22.976011599999996]]}}, {"type": "Feature", "properties": {"osm_id": "way/228186481", "crossing": "traffic_signals", "footway": "crossing", "highway": "footway"}, "geometry": {"type": "LineString", "coordinates": [[-43.1856941, -22.973298599999996], [-43.1857054, -22.973289499999993], [-43.1857221, -22.973278599999997], [-43.1857613, -22.973246599999992], [-43.1858037, -22.9732151]]}}, {"type": "Feature", "properties": {"osm_id": "way/228186712", "crossing": "traffic_signals", "footway": "crossing", "highway": "footway"}, "geometry": {"type": "LineString", "coordinates": [[-43.1887805, -22.9785577], [-43.188792, -22.978554400000004], [-43.1888107, -22.9785488], [-43.188864, -22.978534599999996], [-43.1889076, -22.97851919999999]]}}, {"type": "Feature", "properties": {"osm_id": "way/234509633", "bicycle": "designated", "highway": "secondary", "lanes": "2", "lit": "yes", "name": "Rua Siqueira Campos", "old_name": "Rua Barroso", "oneway": "yes", "source": "survey", "surface": "asphalt"}, "geometry": {"type": "LineString", "coordinates": [[-43.187992, -22.9659691], [-43.1874314, -22.966292899999992], [-43.1870111, -22.966507999999997], [-43.1869698, -22.9665303], [-43.186752, -22.966640899999998], [-43.1866458, -22.966695000000005], [-43.1865452, -22.966751799999997]]}}, {"type": "Feature", "properties": {"osm_id": "way/280868324", "bicycle": "designated", "highway": "residential", "maxspeed": "30", "name": "Rua Maestro Francisco Braga", "oneway": "yes", "surface": "asphalt"}, "geometry": {"type": "LineString", "coordinates": [[-43.190377379773295, -22.96714530705473], [-43.1903596, -22.967164600000004], [-43.1899367, -22.9676231]]}}, {"type": "Feature", "properties": {"osm_id": "way/282737868", "bicycle": "designated", "highway": "residential", "name": "Rua Anita Garibaldi", "oneway": "yes", "sidewalk": "both", "surface": "asphalt"}, "geometry": {"type": "LineString", "coordinates": [[-43.1875214, -22.9697748], [-43.1875844, -22.9696969], [-43.1885264, -22.968540499999996], [-43.18858780000001, -22.968472800000004]]}}, {"type": "Feature", "properties": {"osm_id": "way/282737870", "bicycle": "designated", "highway": "residential", "lit": "yes", "maxspeed": "30", "name": "Rua Raimundo Corrêa", "oneway": "yes", "sidewalk": "both", "surface": "asphalt"}, "geometry": {"type": "LineString", "coordinates": [[-43.1879559, -22.9725195], [-43.1880585, -22.972428200000003], [-43.1891857, -22.971382299999995], [-43.1892723, -22.971302199999997]]}}, {"type": "Feature", "properties": {"osm_id": "way/282737973", "highway": "residential", "lit": "yes", "maxspeed": "30", "name": "Rua Djalma Ulrich", "oneway": "yes", "surface": "asphalt"}, "geometry": {"type": "LineString", "coordinates": [[-43.1919191, -22.978576299999993], [-43.1919402, -22.978534300000003], [-43.191946900000005, -22.978482199999995], [-43.1919486, -22.978417699999998], [-43.1919807, -22.978363200000008], [-43.1920466, -22.9783204], [-43.19277, -22.977994399999996], [-43.1929053, -22.9779334]]}}, {"type": "Feature", "properties": {"osm_id": "way/285717829", "highway": "living_street"}, "geometry": {"type": "LineString", "coordinates": [[-43.1909441, -22.9792724], [-43.1914761, -22.97914189999999]]}}, {"type": "Feature", "properties": {"osm_id": "way/329058531", "highway": "primary_link", "lanes": "1", "oneway": "yes", "surface": "asphalt"}, "geometry": {"type": "LineString", "coordinates": [[-43.1943705, -22.976534], [-43.19439100000001, -22.976604799999993], [-43.19439220000001, -22.976671900000003], [-43.1943929, -22.976709899999996], [-43.1943664, -22.9767458]]}}, {"type": "Feature", "properties": {"osm_id": "way/341671960", "foot": "no", "highway": "residential", "lanes": "2", "name": "Rua Rodolfo Dantas", "oneway": "yes", "surface": "asphalt"}, "geometry": {"type": "LineString", "coordinates": [[-43.1781963, -22.967308899999995], [-43.1781401, -22.967386200000004], [-43.1781109, -22.967413], [-43.178078, -22.9674288], [-43.177958, -22.967441499999996]]}}, {"type": "Feature", "properties": {"osm_id": "way/341671964", "description": "Avenida Atlântica (pista junto aos prédios)", "highway": "trunk", "lanes": "3", "lanes:backward:conditional": "3 @ (Mo-Fr 7:00-10:00)", "lit": "yes", "maxspeed": "70", "maxspeed:type": "sign", "name": "Avenida Atlântica", "oneway": "yes", "oneway:conditional": "-1 @ (Mo-Fr 07:00-10:00)", "sidewalk:left": "yes", "sidewalk:right": "separate", "surface": "asphalt", "wikidata": "Q3375901", "wikipedia": "pt:Avenida Atlântica"}, "geometry": {"type": "LineString", "coordinates": [[-43.1781963, -22.967308899999995], [-43.1783484, -22.96738689999999], [-43.1783998, -22.967412999999997], [-43.1784989, -22.967470699999996], [-43.1786756, -22.967575300000004], [-43.1797612, -22.9682093], [-43.18054970000001, -22.968701800000012], [-43.1805983, -22.9687284], [-43.1807318, -22.968808400000004], [-43.180877, -22.968900399999995], [-43.1817293, -22.96944609999999], [-43.1817896, -22.969489799999995], [-43.1824226, -22.969931900000002], [-43.1826357, -22.9700776], [-43.1832558, -22.970549299999988], [-43.1833929, -22.970645599999997]]}}, {"type": "Feature", "properties": {"osm_id": "way/341671973", "highway": "secondary", "lanes": "3", "name": "Rua Figueiredo de Magalhães", "oneway": "yes", "surface": "asphalt"}, "geometry": {"type": "LineString", "coordinates": [[-43.1846989, -22.971784600000003], [-43.1848917, -22.97155859999999], [-43.1849101, -22.971536199999992], [-43.1853153, -22.971047699999996], [-43.1854969, -22.970829399999996]]}}, {"type": "Feature", "properties": {"osm_id": "way/341671977", "foot": "no", "highway": "secondary", "lanes": "2", "name": "Rua Santa Clara", "oneway": "yes", "surface": "asphalt"}, "geometry": {"type": "LineString", "coordinates": [[-43.1858447, -22.972994700000005], [-43.1857733, -22.973059800000005], [-43.1857241, -22.9730955], [-43.1856628, -22.9731337]]}}, {"type": "Feature", "properties": {"osm_id": "way/341671980", "bicycle": "designated", "foot": "no", "highway": "residential", "lanes": "2", "maxspeed": "30", "name": "Rua Constante Ramos", "oneway": "yes", "surface": "asphalt"}, "geometry": {"type": "LineString", "coordinates": [[-43.1873201, -22.974924300000005], [-43.1871512, -22.9750173], [-43.1871077, -22.975041199999996]]}}, {"type": "Feature", "properties": {"osm_id": "way/341671983", "destination": "Fortaleza;Túnel Rebouças", "foot": "no", "highway": "trunk_link", "lanes": "1", "oneway": "yes"}, "geometry": {"type": "LineString", "coordinates": [[-43.187943, -22.976452699999996], [-43.1878781, -22.976273099999997], [-43.1878687, -22.9762398], [-43.1878627, -22.9762107], [-43.187862, -22.976187899999996], [-43.1878641, -22.976168800000004], [-43.1878708, -22.9761484], [-43.18789, -22.976124999999996]]}}, {"type": "Feature", "properties": {"osm_id": "way/341671985", "foot": "no", "highway": "trunk_link", "lanes": "2", "lit": "yes", "name": "Rua Miguel Lemos", "oneway": "yes", "surface": "asphalt"}, "geometry": {"type": "LineString", "coordinates": [[-43.189043500000004, -22.9782964], [-43.1889071, -22.9783338], [-43.1888601, -22.9783412], [-43.1887927, -22.9783319]]}}, {"type": "Feature", "properties": {"osm_id": "way/350974745", "bicycle": "no", "covered": "yes", "foot": "yes", "highway": "footway", "horse": "no", "layer": "-1", "lit": "yes", "motor_vehicle": "no", "name": "Galeria Menescal", "stroller": "yes", "surface": "paved", "wheelchair": "yes", "width": "5"}, "geometry": {"type": "LineString", "coordinates": [[-43.1873309, -22.969651499999998], [-43.186445, -22.970703400000005]]}}, {"type": "Feature", "properties": {"osm_id": "way/350978002", "bicycle": "no", "foot": "yes", "highway": "corridor", "layer": "-1", "motor_vehicle": "no"}, "geometry": {"type": "LineString", "coordinates": [[-43.1883201, -22.967273199999998], [-43.1876795, -22.966927099999996], [-43.1874775, -22.966813999999992], [-43.1872085, -22.966663399999998], [-43.1870983, -22.9665949]]}}, {"type": "Feature", "properties": {"osm_id": "way/350978003", "bicycle": "no", "foot": "yes", "highway": "footway", "motor_vehicle": "no"}, "geometry": {"type": "LineString", "coordinates": [[-43.1883487, -22.9672922], [-43.1883678, -22.967270999999997], [-43.1884131, -22.9672186], [-43.188387, -22.967200699999996]]}}, {"type": "Feature", "properties": {"osm_id": "way/350978004", "bicycle": "no", "foot": "yes", "highway": "corridor", "motor_vehicle": "no"}, "geometry": {"type": "LineString", "coordinates": [[-43.1878398, -22.9667893], [-43.1877408, -22.9668744], [-43.1876795, -22.966927099999996]]}}, {"type": "Feature", "properties": {"osm_id": "way/350978005", "bicycle": "no", "foot": "yes", "highway": "corridor", "layer": "-1", "motor_vehicle": "no"}, "geometry": {"type": "LineString", "coordinates": [[-43.1872085, -22.966663399999998], [-43.187567, -22.9664675], [-43.18813, -22.966159]]}}, {"type": "Feature", "properties": {"osm_id": "way/371430738", "highway": "residential", "name": "Rua Professor Gastão Bahiana", "oneway": "yes", "surface": "asphalt"}, "geometry": {"type": "LineString", "coordinates": [[-43.193334877182544, -22.977758228815095], [-43.1933204, -22.977759299999995], [-43.1932252, -22.977772700000003], [-43.193146, -22.977794900000003], [-43.1930671, -22.977817], [-43.19298390000001, -22.977865399999992], [-43.1929053, -22.9779334]]}}, {"type": "Feature", "properties": {"osm_id": "way/372967304", "highway": "path", "name": "Trilha Transcarioca", "network": "lwn", "route": "hiking", "route_ref": "paci"}, "geometry": {"type": "LineString", "coordinates": [[-43.184884192546946, -22.96174601390641], [-43.1848441, -22.9617275], [-43.1846139, -22.961652], [-43.1846511, -22.961576600000004], [-43.1840876, -22.961496100000005], [-43.183869, -22.961503699999998], [-43.1837736, -22.961392999999997], [-43.18365719282809, -22.961389275014977]]}}, {"type": "Feature", "properties": {"osm_id": "way/372967306", "highway": "path"}, "geometry": {"type": "LineString", "coordinates": [[-43.1857452, -22.964932499999996], [-43.1861744, -22.9636483], [-43.1860242, -22.963213600000003], [-43.186250811731, -22.96308932915582]]}}, {"type": "Feature", "properties": {"osm_id": "way/392002072", "highway": "primary", "lanes": "3", "name": "Praça Eugênio Jardim", "oneway": "yes", "postal_code": "22061-040", "surface": "asphalt"}, "geometry": {"type": "LineString", "coordinates": [[-43.193778, -22.976039399999998], [-43.1938018, -22.976084199999995], [-43.1938695, -22.9761861], [-43.1939258, -22.9762546], [-43.1939708, -22.976302699999994], [-43.1941867, -22.976448400000002], [-43.194247, -22.976481199999995], [-43.1943705, -22.976534], [-43.19447840000001, -22.976570899999988], [-43.19463471802219, -22.97662426889752]]}}, {"type": "Feature", "properties": {"osm_id": "way/392002073", "cycleway:left": "lane", "cycleway:left:oneway": "no", "cycleway:right": "no", "highway": "tertiary", "lanes": "3", "lit": "yes", "name": "Rua Tonelero", "oneway": "yes", "oneway:bicycle": "no", "parking:lane:both": "no_parking", "sidewalk": "both", "surface": "asphalt"}, "geometry": {"type": "LineString", "coordinates": [[-43.1878998, -22.968034399999993], [-43.1879417, -22.968056599999993], [-43.18858780000001, -22.968472800000004], [-43.1893536, -22.968968999999998], [-43.1894318, -22.969020799999996], [-43.1898201, -22.9692758], [-43.1899536, -22.969365499999995], [-43.1901312, -22.969478900000002], [-43.190276, -22.9695954], [-43.1902975, -22.969612900000005], [-43.1903454, -22.969655499999988], [-43.1903736, -22.9696876]]}}, {"type": "Feature", "properties": {"osm_id": "way/413497649", "highway": "residential", "name": "Rua Almirante Gonçalves", "oneway": "yes"}, "geometry": {"type": "LineString", "coordinates": [[-43.19084972976657, -22.979926144349907], [-43.1907891, -22.979927899999993]]}}, {"type": "Feature", "properties": {"osm_id": "way/424307429", "highway": "residential", "name": "Rua Almirante Gonçalves", "oneway": "yes", "surface": "asphalt"}, "geometry": {"type": "LineString", "coordinates": [[-43.1901602, -22.979950399999993], [-43.19001381195565, -22.97995581308513]]}}, {"type": "Feature", "properties": {"osm_id": "way/426499143", "highway": "primary", "lanes": "2", "lit": "yes", "name": "Rua Miguel Lemos", "oneway": "yes", "surface": "asphalt"}, "geometry": {"type": "LineString", "coordinates": [[-43.19060330000001, -22.977948899999998], [-43.1904057, -22.97799349999999], [-43.1897066, -22.978151399999994], [-43.1891789, -22.978263899999998], [-43.189043500000004, -22.9782964]]}}, {"type": "Feature", "properties": {"osm_id": "way/426499144", "highway": "primary", "lanes": "2", "name": "Praça Eugênio Jardim", "oneway": "yes", "postal_code": "22061-040", "surface": "asphalt"}, "geometry": {"type": "LineString", "coordinates": [[-43.19451130363691, -22.97673193492624], [-43.1944908, -22.976733899999996], [-43.1943664, -22.9767458], [-43.1938063, -22.9769873]]}}, {"type": "Feature", "properties": {"osm_id": "way/428661182", "highway": "secondary", "lanes": "4", "lanes:psv:forward:conditional": "2 @ (Mo-Fr 6:00-21:00;Sa 6:00-14:00)", "layer": "-1", "maxspeed": "60", "name": "Túnel Prefeito Sá Freire Alvim", "oneway": "yes", "surface": "asphalt", "tunnel": "yes", "wikidata": "Q10386044"}, "geometry": {"type": "LineString", "coordinates": [[-43.1929224, -22.978040499999995], [-43.19292213391769, -22.97811829279921]]}}, {"type": "Feature", "properties": {"osm_id": "way/470722532", "highway": "footway", "lit": "yes", "surface": "paved", "width": "2.5"}, "geometry": {"type": "LineString", "coordinates": [[-43.1940775, -22.976487400000003], [-43.1942185, -22.9765778]]}}, {"type": "Feature", "properties": {"osm_id": "way/470722532", "highway": "footway", "lit": "yes", "surface": "paved", "width": "2.5"}, "geometry": {"type": "LineString", "coordinates": [[-43.1942185, -22.9765778], [-43.1939556, -22.9764092], [-43.1938376, -22.976368699999995], [-43.1937376, -22.97639], [-43.1937092, -22.9764477], [-43.1937167, -22.976475999999998], [-43.1937508, -22.9765954], [-43.1938265, -22.976860499999997], [-43.1938499, -22.976897799999993], [-43.1939117, -22.9769007], [-43.1942384, -22.976766399999995], [-43.1942736, -22.976737999999994], [-43.1942939, -22.976698099999997], [-43.1942916, -22.9766693], [-43.1942185, -22.9765778]]}}, {"type": "Feature", "properties": {"osm_id": "way/470728301", "highway": "footway", "lit": "yes", "name": "Parque do Peixoto", "surface": "paved", "width": "4"}, "geometry": {"type": "LineString", "coordinates": [[-43.189929498074825, -22.966705103136928], [-43.1895236, -22.967143999999998], [-43.1895205, -22.967165100000003], [-43.1895273, -22.967184900000003], [-43.1899181, -22.9675103], [-43.1899383, -22.967513899999993], [-43.1899541, -22.967510199999996], [-43.1903116, -22.967128], [-43.19033375181677, -22.96710242716082]]}}, {"type": "Feature", "properties": {"osm_id": "way/535846707", "highway": "steps"}, "geometry": {"type": "LineString", "coordinates": [[-43.1881284, -22.965136199999996], [-43.1881044, -22.965091899999997], [-43.1881039, -22.965087799999992], [-43.1881067, -22.965084899999997], [-43.1881362, -22.965068500000005], [-43.1881391, -22.965065899999995], [-43.1881391, -22.9650626], [-43.1881223, -22.965025700000005], [-43.188122, -22.965021199999995], [-43.1881257, -22.9650172], [-43.188175904301126, -22.9649815322624]]}}, {"type": "Feature", "properties": {"osm_id": "way/586973600", "highway": "footway"}, "geometry": {"type": "LineString", "coordinates": [[-43.1926287, -22.972369099999998], [-43.1926462, -22.97240190000001], [-43.1927187, -22.972555000000007]]}}, {"type": "Feature", "properties": {"osm_id": "way/586980042", "alt_name": "Avenida Pompeu Loureiro", "cycleway:left": "lane", "highway": "tertiary", "lanes": "4", "maxspeed": "60", "name": "Rua Pompeu Loureiro", "oneway": "yes", "surface": "asphalt"}, "geometry": {"type": "LineString", "coordinates": [[-43.19234, -22.973143], [-43.19241970000001, -22.973307700000003], [-43.1924473, -22.9733657], [-43.1925303, -22.9735405], [-43.1926442, -22.973780299999998], [-43.1926631, -22.9738262], [-43.1926762, -22.973859599999997], [-43.1927289, -22.973959200000003], [-43.1927555, -22.97402], [-43.192888, -22.97426859999999], [-43.1931159, -22.9747133], [-43.1932518, -22.974978599999996], [-43.1932639, -22.975002300000007], [-43.1934977, -22.975458500000002]]}}, {"type": "Feature", "properties": {"osm_id": "way/586980043", "highway": "service", "source": "Bing"}, "geometry": {"type": "LineString", "coordinates": [[-43.19234, -22.973143], [-43.1925526, -22.973086699999996], [-43.1928389, -22.973035699999997], [-43.1930668, -22.972995500000003], [-43.1933445, -22.972939299999997]]}}, {"type": "Feature", "properties": {"osm_id": "way/587516441", "highway": "footway"}, "geometry": {"type": "LineString", "coordinates": [[-43.1920668, -22.973370299999996], [-43.1920458, -22.973308400000008], [-43.1920364, -22.973312100000005]]}}, {"type": "Feature", "properties": {"osm_id": "way/587516442", "highway": "footway"}, "geometry": {"type": "LineString", "coordinates": [[-43.1924473, -22.9733657], [-43.1923236, -22.973404200000008], [-43.1922463, -22.973426099999998], [-43.1921033, -22.973465], [-43.1920668, -22.973370299999996]]}}, {"type": "Feature", "properties": {"osm_id": "way/589276468", "alt_name": "Avenida Pompeu Loureiro", "cycleway:left": "lane", "highway": "tertiary", "lanes": "3", "name": "Rua Pompeu Loureiro", "oneway": "yes", "surface": "asphalt"}, "geometry": {"type": "LineString", "coordinates": [[-43.1934977, -22.975458500000002], [-43.1935069, -22.975476499999992]]}}, {"type": "Feature", "properties": {"osm_id": "way/622500513", "highway": "residential", "lanes": "2", "lit": "yes", "maxspeed": "30", "name": "Ladeira dos Tabajaras", "old_name": "Ladeira do Barroso", "surface": "asphalt"}, "geometry": {"type": "LineString", "coordinates": [[-43.187618, -22.9654397], [-43.1876656, -22.9653739], [-43.1876796, -22.965345200000005], [-43.1876944, -22.9653183], [-43.1877442, -22.965260099999988], [-43.1877541, -22.965250199999996], [-43.1877655, -22.965242399999998], [-43.1877802, -22.965235099999997], [-43.1878067, -22.9652257], [-43.1878419, -22.9652149], [-43.1878781, -22.9652032], [-43.1879371, -22.965187400000005], [-43.1881284, -22.965136199999996], [-43.1881899, -22.965116400000003], [-43.18828367452712, -22.965087459121687]]}}, {"type": "Feature", "properties": {"osm_id": "way/668524285", "highway": "footway"}, "geometry": {"type": "LineString", "coordinates": [[-43.1811458, -22.965638100000003], [-43.1811887, -22.965784299999996]]}}, {"type": "Feature", "properties": {"osm_id": "way/782532807", "highway": "steps"}, "geometry": {"type": "LineString", "coordinates": [[-43.1832939, -22.964524099999995], [-43.1836905, -22.964153299999992]]}}, {"type": "Feature", "properties": {"osm_id": "way/787840537", "bicycle": "designated", "highway": "secondary", "lanes": "2", "lit": "yes", "name": "Rua Siqueira Campos", "old_name": "Rua Barroso", "oneway": "yes", "source": "survey", "surface": "asphalt"}, "geometry": {"type": "LineString", "coordinates": [[-43.1865452, -22.966751799999997], [-43.1864777, -22.966799100000006], [-43.1864542, -22.966818799999995], [-43.1864404, -22.96683429999999], [-43.1864234, -22.966853400000005]]}}, {"type": "Feature", "properties": {"osm_id": "way/787840538", "highway": "service", "lanes": "1", "lit": "yes", "name": "Rua Siqueira Campos", "oneway": "yes", "surface": "cobblestone"}, "geometry": {"type": "LineString", "coordinates": [[-43.1867815, -22.9666968], [-43.1866968, -22.966739099999998], [-43.1866439, -22.966762800000005], [-43.1866197, -22.966765399999996], [-43.1865452, -22.966751799999997]]}}, {"type": "Feature", "properties": {"osm_id": "way/787840539", "bicycle": "designated", "highway": "secondary", "lanes": "2", "lit": "yes", "name": "Rua Siqueira Campos", "old_name": "Rua Barroso", "oneway": "yes", "source": "survey", "surface": "asphalt"}, "geometry": {"type": "LineString", "coordinates": [[-43.18866434002905, -22.965461611663994], [-43.1886633, -22.9654622], [-43.1885374, -22.96553829999999], [-43.1880991, -22.965899899999993], [-43.1880469, -22.965935299999995], [-43.187992, -22.9659691]]}}, {"type": "Feature", "properties": {"osm_id": "way/787840541", "highway": "secondary", "lanes": "3", "name": "Rua Figueiredo de Magalhães", "oneway": "yes", "surface": "asphalt"}, "geometry": {"type": "LineString", "coordinates": [[-43.1859845, -22.9702488], [-43.1860918, -22.97011820000001], [-43.186703300000005, -22.969398099999992], [-43.1867913, -22.9692945]]}}, {"type": "Feature", "properties": {"osm_id": "way/787840542", "highway": "secondary", "lanes": "4", "lanes:psv:forward:conditional": "2 @ (Mo-Fr 6:00-21:00;Sa 6:00-14:00)", "lit": "yes", "maxspeed": "60", "name": "Rua Barata Ribeiro", "oneway": "yes", "parking:lane:left": "parallel", "parking:lane:left:conditional": "no_parking @ (Mo-Fr 6:00-21:00;Sa 6:00-14:00)", "sidewalk": "both", "surface": "asphalt"}, "geometry": {"type": "LineString", "coordinates": [[-43.1852437, -22.968324000000006], [-43.1853605, -22.968395999999995], [-43.18602940000001, -22.968816699999998]]}}, {"type": "Feature", "properties": {"osm_id": "way/794061352", "description": "Avenida Atlântica (pista junto aos prédios)", "highway": "trunk", "lanes": "3", "lanes:backward:conditional": "3 @ (Mo-Fr 7:00-10:00)", "lit": "yes", "maxspeed": "70", "maxspeed:type": "sign", "name": "Avenida Atlântica", "oneway": "yes", "oneway:conditional": "-1 @ (Mo-Fr 07:00-10:00)", "sidewalk:left": "yes", "sidewalk:right": "separate", "surface": "asphalt", "wikidata": "Q3375901", "wikipedia": "pt:Avenida Atlântica"}, "geometry": {"type": "LineString", "coordinates": [[-43.1846989, -22.971784600000003], [-43.1848122, -22.9718972], [-43.1853531, -22.972463799999996], [-43.1855069, -22.972625000000004], [-43.1857356, -22.9728646], [-43.1858447, -22.972994700000005]]}}, {"type": "Feature", "properties": {"osm_id": "way/794061353", "cycleway:both": "no", "highway": "secondary", "lanes": "2", "name": "Rua Santa Clara", "oneway": "yes", "surface": "asphalt"}, "geometry": {"type": "LineString", "coordinates": [[-43.1872333, -22.971499499999997], [-43.1871153, -22.971627099999996], [-43.1865848, -22.97219619999999], [-43.1859516, -22.9728884]]}}, {"type": "Feature", "properties": {"osm_id": "way/794061354", "highway": "secondary", "lanes": "4", "lanes:psv:forward:conditional": "2 @ (Mo-Fr 6:00-21:00;Sa 6:00-14:00)", "maxspeed": "60", "name": "Avenida Nossa Senhora de Copacabana", "oneway": "yes", "surface": "asphalt"}, "geometry": {"type": "LineString", "coordinates": [[-43.1869016, -22.971153900000004], [-43.186828, -22.971080999999998], [-43.186445, -22.970703400000005], [-43.186116, -22.970391999999997], [-43.18602880000001, -22.9702955], [-43.1859845, -22.9702488], [-43.1858899, -22.970172699999996], [-43.1847679, -22.9692548], [-43.1847105, -22.969207899999994], [-43.1846193, -22.9691333]]}}, {"type": "Feature", "properties": {"osm_id": "way/794061358", "bicycle": "designated", "highway": "tertiary", "lanes": "3", "lit": "yes", "name": "Rua Tonelero", "oneway": "yes", "parking:both": "no", "parking:both:restriction": "no_parking", "sidewalk:left": "separate", "sidewalk:right": "yes", "surface": "asphalt"}, "geometry": {"type": "LineString", "coordinates": [[-43.1861948, -22.967138400000007], [-43.1863347, -22.967217800000004], [-43.1871941, -22.967669000000004], [-43.18774270000001, -22.9679466], [-43.1878998, -22.968034399999993]]}}, {"type": "Feature", "properties": {"osm_id": "way/794061359", "bicycle": "designated", "highway": "secondary", "lanes": "2", "name": "Rua Siqueira Campos", "old_name": "Rua Barroso", "oneway": "yes", "surface": "asphalt"}, "geometry": {"type": "LineString", "coordinates": [[-43.1864234, -22.966853400000005], [-43.1862797, -22.967033900000004], [-43.1862563, -22.967061700000006], [-43.1861948, -22.967138400000007]]}}, {"type": "Feature", "properties": {"osm_id": "way/794061367", "description": "Avenida Atlântica (pista junto aos prédios)", "highway": "trunk", "lanes": "3", "lanes:backward:conditional": "3 @ (Mo-Fr 7:00-10:00)", "lit": "yes", "maxspeed": "70", "maxspeed:type": "sign", "name": "Avenida Atlântica", "oneway": "yes", "oneway:conditional": "-1 @ (Mo-Fr 07:00-10:00)", "sidewalk:left": "yes", "sidewalk:right": "separate", "surface": "asphalt", "wikidata": "Q3375901", "wikipedia": "pt:Avenida Atlântica"}, "geometry": {"type": "LineString", "coordinates": [[-43.1833929, -22.970645599999997], [-43.1835352, -22.970767700000003], [-43.1835696, -22.970792999999997], [-43.1845286, -22.9716212], [-43.1845524, -22.971641900000005], [-43.1846583, -22.971744900000004], [-43.1846989, -22.971784600000003]]}}, {"type": "Feature", "properties": {"osm_id": "way/795084568", "alt_name": "Avenida Pompeu Loureiro", "cycleway:left": "lane", "highway": "primary", "lanes": "3", "name": "Rua Pompeu Loureiro", "oneway": "yes", "surface": "asphalt"}, "geometry": {"type": "LineString", "coordinates": [[-43.1935563, -22.9755792], [-43.193778, -22.976039399999998]]}}, {"type": "Feature", "properties": {"osm_id": "way/795084569", "description": "Avenida Atlântica (pista junto aos prédios)", "highway": "trunk", "lanes": "3", "lanes:backward:conditional": "3 @ (Mo-Fr 7:00-10:00)", "lit": "yes", "maxspeed": "70", "maxspeed:type": "sign", "name": "Avenida Atlântica", "oneway": "yes", "oneway:conditional": "-1 @ (Mo-Fr 07:00-10:00)", "sidewalk:left": "yes", "sidewalk:right": "separate", "surface": "asphalt", "wikidata": "Q3375901", "wikipedia": "pt:Avenida Atlântica"}, "geometry": {"type": "LineString", "coordinates": [[-43.1873201, -22.974924300000005], [-43.1874122, -22.9750794], [-43.1874512, -22.975140499999995], [-43.187577, -22.975337399999994], [-43.1876544, -22.975458599999996], [-43.1879303, -22.975924600000003], [-43.1880086, -22.976052399999993]]}}, {"type": "Feature", "properties": {"osm_id": "way/795084570", "description": "Avenida Atlântica (pista junto aos prédios)", "highway": "trunk", "lanes": "3", "lanes:backward:conditional": "3 @ (Mo-Fr 7:00-10:00)", "lit": "yes", "maxspeed": "70", "maxspeed:type": "sign", "name": "Avenida Atlântica", "oneway": "yes", "oneway:conditional": "-1 @ (Mo-Fr 07:00-10:00)", "sidewalk:left": "yes", "sidewalk:right": "separate", "surface": "asphalt", "wikidata": "Q3375901", "wikipedia": "pt:Avenida Atlântica"}, "geometry": {"type": "LineString", "coordinates": [[-43.1858447, -22.972994700000005], [-43.18594240000001, -22.97310459999999], [-43.1860607, -22.973258899999998], [-43.1865494, -22.973843399999996], [-43.1866689, -22.9740029], [-43.1868348, -22.974229299999998], [-43.1870212, -22.974487700000005], [-43.187217, -22.97477050000001], [-43.1873201, -22.974924300000005]]}}, {"type": "Feature", "properties": {"osm_id": "way/795084571", "bicycle": "designated", "highway": "residential", "lanes": "2", "maxspeed": "30", "name": "Rua Constante Ramos", "oneway": "yes", "sidewalk": "both", "surface": "asphalt"}, "geometry": {"type": "LineString", "coordinates": [[-43.1889086, -22.974016799999998], [-43.188824, -22.974065399999994], [-43.188002700000006, -22.9745436], [-43.1874488, -22.974849299999995], [-43.1873201, -22.974924300000005]]}}, {"type": "Feature", "properties": {"osm_id": "way/795084572", "highway": "secondary", "lanes": "4", "lanes:psv:forward:conditional": "2 @ (Mo-Fr 6:00-21:00;Sa 6:00-14:00)", "lit": "yes", "maxspeed": "60", "name": "Avenida Nossa Senhora de Copacabana", "oneway": "yes", "surface": "asphalt"}, "geometry": {"type": "LineString", "coordinates": [[-43.1889086, -22.974016799999998], [-43.188846, -22.9739248], [-43.1884763, -22.973329399999997], [-43.1884269, -22.973249799999994], [-43.1879559, -22.9725195], [-43.1875757, -22.9719385], [-43.1874812, -22.971798399999994], [-43.1874181, -22.971710800000007], [-43.18735110000001, -22.971630500000003], [-43.1872333, -22.971499499999997]]}}, {"type": "Feature", "properties": {"osm_id": "way/795084573", "highway": "secondary", "lanes": "4", "lanes:psv:forward:conditional": "2 @ (Mo-Fr 6:00-21:00;Sa 6:00-14:00)", "lit": "yes", "maxspeed": "60", "name": "Rua Barata Ribeiro", "oneway": "yes", "parking:lane:left:conditional": "no_parking @ (Mo-Fr 6:00-21:00;Sa 6:00-14:00)", "parking:left": "yes", "parking:left:orientation": "parallel", "surface": "asphalt"}, "geometry": {"type": "LineString", "coordinates": [[-43.1927734, -22.977453399999995], [-43.1928339, -22.977676899999995], [-43.1928616, -22.977776499999997], [-43.1929053, -22.9779334], [-43.1929224, -22.978040499999995]]}}, {"type": "Feature", "properties": {"osm_id": "way/795084574", "highway": "primary", "lanes": "2", "name": "Rua Miguel Lemos", "oneway": "yes", "surface": "asphalt"}, "geometry": {"type": "LineString", "coordinates": [[-43.1938063, -22.9769873], [-43.1929007, -22.97739659999999], [-43.1927734, -22.977453399999995]]}}, {"type": "Feature", "properties": {"osm_id": "way/795094238", "highway": "secondary", "lanes": "3", "name": "Rua Figueiredo de Magalhães", "oneway": "yes", "surface": "asphalt"}, "geometry": {"type": "LineString", "coordinates": [[-43.1878998, -22.968034399999993], [-43.1879843, -22.967937799999994], [-43.1880796, -22.967824599999997]]}}, {"type": "Feature", "properties": {"osm_id": "way/795100844", "bicycle": "designated", "highway": "tertiary", "lanes": "2", "lit": "yes", "maxspeed": "30", "name": "Rua Ministro Viveiros de Castro", "old_name": "Rua Buarque", "oneway": "yes", "parking:both": "street_side", "parking:both:fee": "no", "parking:both:orientation": "parallel", "surface": "asphalt"}, "geometry": {"type": "LineString", "coordinates": [[-43.179291976261254, -22.965197217842466], [-43.1793192, -22.96520960000001], [-43.179425, -22.9652581]]}}, {"type": "Feature", "properties": {"osm_id": "way/795100845", "highway": "secondary", "lanes": "4", "lanes:psv:forward:conditional": "2 @ (Mo-Fr 6:00-21:00;Sa 6:00-14:00)", "maxspeed": "60", "name": "Avenida Nossa Senhora de Copacabana", "oneway": "yes", "surface": "asphalt"}, "geometry": {"type": "LineString", "coordinates": [[-43.19103431074287, -22.979765129248435], [-43.1910262, -22.979673800000004], [-43.1909793, -22.979428700000007], [-43.1909441, -22.9792724], [-43.1908783, -22.978991599999997], [-43.1908374, -22.978838999999997], [-43.1908052, -22.9787164], [-43.1906419, -22.978095699999994], [-43.19060330000001, -22.977948899999998]]}}, {"type": "Feature", "properties": {"osm_id": "way/795100846", "highway": "primary", "lanes": "2", "name": "Rua Miguel Lemos", "oneway": "yes", "surface": "asphalt"}, "geometry": {"type": "LineString", "coordinates": [[-43.1927734, -22.977453399999995], [-43.1916963, -22.977720200000004], [-43.1912687, -22.9778239], [-43.1907954, -22.9779128], [-43.19060330000001, -22.977948899999998]]}}, {"type": "Feature", "properties": {"osm_id": "way/879950023", "access": "private", "highway": "service"}, "geometry": {"type": "LineString", "coordinates": [[-43.1926456, -22.9735243], [-43.1926611, -22.9735222], [-43.1936861, -22.973376399999996]]}}, {"type": "Feature", "properties": {"osm_id": "way/889245724", "highway": "footway", "lit": "yes", "surface": "paved", "width": "4"}, "geometry": {"type": "LineString", "coordinates": [[-43.185145, -22.9683635], [-43.184385600000006, -22.9678675], [-43.1838581, -22.968557099999998], [-43.1839425, -22.9686104], [-43.18427, -22.968817199999997], [-43.1846011, -22.9690263], [-43.185145, -22.9683635]]}}, {"type": "Feature", "properties": {"osm_id": "way/889245725", "highway": "footway", "lit": "yes", "surface": "paved", "width": "4"}, "geometry": {"type": "LineString", "coordinates": [[-43.1844818, -22.969198599999995], [-43.184489, -22.969185500000002], [-43.184494900000004, -22.969166899999998], [-43.1844954, -22.9691465], [-43.1844878, -22.9691309], [-43.1844701, -22.969113100000005], [-43.1844459, -22.96909739999999], [-43.18412, -22.9688935], [-43.1838401, -22.968714600000002], [-43.1838075, -22.968696699999995], [-43.18377900000001, -22.968687800000005], [-43.1837493, -22.968691299999996], [-43.183721, -22.9687128], [-43.18338640000001, -22.969145599999994], [-43.183374, -22.969164099999993], [-43.183367, -22.969185399999997], [-43.183368300000005, -22.9692071], [-43.183376, -22.9692235], [-43.1833952, -22.969241200000003], [-43.1836461, -22.9693886], [-43.1839943, -22.969609999999996], [-43.1840367, -22.969628699999998], [-43.1840659, -22.9696333], [-43.1840949, -22.9696296], [-43.1841214, -22.969616200000004], [-43.1844616, -22.969222000000002], [-43.1844818, -22.969198599999995]]}}, {"type": "Feature", "properties": {"osm_id": "way/900013695", "bicycle": "no", "foot": "yes", "highway": "corridor", "layer": "-1", "motor_vehicle": "no"}, "geometry": {"type": "LineString", "coordinates": [[-43.187567, -22.9664675], [-43.1874957, -22.966386299999993]]}}, {"type": "Feature", "properties": {"osm_id": "way/957176194", "foot": "no", "highway": "trunk_link", "lanes": "2", "oneway": "yes"}, "geometry": {"type": "LineString", "coordinates": [[-43.18789, -22.976124999999996], [-43.1879432, -22.976089499999997], [-43.1880086, -22.976052399999993]]}}, {"type": "Feature", "properties": {"osm_id": "way/957581775", "bicycle": "no", "foot": "yes", "highway": "footway", "motor_vehicle": "no"}, "geometry": {"type": "LineString", "coordinates": [[-43.1883487, -22.9672922], [-43.1883201, -22.967273199999998]]}}, {"type": "Feature", "properties": {"osm_id": "way/963015955", "highway": "living_street", "name": "Rua 5 de Julho"}, "geometry": {"type": "LineString", "coordinates": [[-43.18873750000001, -22.969647400000003], [-43.1888203, -22.969709599999998]]}}, {"type": "Feature", "properties": {"osm_id": "way/963020480", "bicycle": "no", "foot": "yes", "highway": "footway", "motor_vehicle": "no"}, "geometry": {"type": "LineString", "coordinates": [[-43.1870983, -22.9665949], [-43.1870876, -22.9665924], [-43.18703, -22.966562900000003]]}}, {"type": "Feature", "properties": {"osm_id": "way/963736206", "access": "private", "highway": "service", "name": "Túnel de Serviço"}, "geometry": {"type": "LineString", "coordinates": [[-43.1915855, -22.9715892], [-43.1916239, -22.971568299999998]]}}, {"type": "Feature", "properties": {"osm_id": "way/963737553", "bicycle": "designated", "highway": "residential", "maxspeed": "30", "name": "Rua Leopoldo Miguez", "oneway": "yes", "surface": "asphalt"}, "geometry": {"type": "LineString", "coordinates": [[-43.1919191, -22.978576299999993], [-43.1917177, -22.977804799999994], [-43.1916963, -22.977720200000004]]}}, {"type": "Feature", "properties": {"osm_id": "way/966307796", "bicycle": "yes", "crossing": "traffic_signals", "footway": "crossing", "highway": "footway"}, "geometry": {"type": "LineString", "coordinates": [[-43.1843296, -22.9718538], [-43.1843477, -22.971838499999993], [-43.1843826, -22.971806599999997], [-43.1844193, -22.971769600000002]]}}, {"type": "Feature", "properties": {"osm_id": "way/966307797", "footway": "sidewalk", "highway": "footway"}, "geometry": {"type": "LineString", "coordinates": [[-43.1847211, -22.971613499999997], [-43.1848199, -22.971503100000007]]}}, {"type": "Feature", "properties": {"osm_id": "way/966307798", "bicycle": "yes", "footway": "sidewalk", "highway": "footway"}, "geometry": {"type": "LineString", "coordinates": [[-43.184629, -22.971572000000002], [-43.1846501, -22.9715545], [-43.1847211, -22.971613499999997]]}}, {"type": "Feature", "properties": {"osm_id": "way/966307799", "highway": "cycleway"}, "geometry": {"type": "LineString", "coordinates": [[-43.1848565, -22.971495299999997], [-43.18483870000001, -22.9715174], [-43.1847412, -22.971629699999998], [-43.1847211, -22.971613499999997]]}}, {"type": "Feature", "properties": {"osm_id": "way/966307800", "cycleway": "crossing", "highway": "cycleway"}, "geometry": {"type": "LineString", "coordinates": [[-43.1849465, -22.971564], [-43.1849101, -22.971536199999992], [-43.1848565, -22.971495299999997]]}}, {"type": "Feature", "properties": {"osm_id": "way/966307819", "footway": "sidewalk", "highway": "footway"}, "geometry": {"type": "LineString", "coordinates": [[-43.189469, -22.9791786], [-43.189484, -22.979231200000005], [-43.18957106531889, -22.979520690105055]]}}, {"type": "Feature", "properties": {"osm_id": "way/966307820", "footway": "crossing", "highway": "footway"}, "geometry": {"type": "LineString", "coordinates": [[-43.1894506, -22.979112800000003], [-43.1894617, -22.9791526], [-43.189469, -22.9791786]]}}, {"type": "Feature", "properties": {"osm_id": "way/966307821", "footway": "sidewalk", "highway": "footway"}, "geometry": {"type": "LineString", "coordinates": [[-43.1891887, -22.9782965], [-43.1891925, -22.978310200000003], [-43.1891777, -22.978328900000005], [-43.189174900000005, -22.9783428], [-43.1891949, -22.978425499999993], [-43.189239, -22.97858919999999], [-43.1893908, -22.979057399999988], [-43.1893955, -22.979079799999997], [-43.1894012, -22.979098300000004], [-43.1894177, -22.979106900000005], [-43.1894479, -22.9791056]]}}, {"type": "Feature", "properties": {"osm_id": "way/966307822", "crossing": "uncontrolled", "crossing:markings": "yes", "footway": "crossing", "highway": "footway"}, "geometry": {"type": "LineString", "coordinates": [[-43.189043700000006, -22.978472799999995], [-43.1891007, -22.978455799999995], [-43.189134, -22.978445399999995]]}}, {"type": "Feature", "properties": {"osm_id": "way/966307823", "footway": "crossing", "highway": "footway"}, "geometry": {"type": "LineString", "coordinates": [[-43.1889076, -22.97851919999999], [-43.1889732, -22.978496800000002], [-43.189043700000006, -22.978472799999995]]}}, {"type": "Feature", "properties": {"osm_id": "way/966307824", "footway": "crossing", "highway": "footway"}, "geometry": {"type": "LineString", "coordinates": [[-43.189134, -22.978445399999995], [-43.1891949, -22.978425499999993]]}}, {"type": "Feature", "properties": {"osm_id": "way/966307825", "crossing": "traffic_signals", "footway": "crossing", "highway": "footway"}, "geometry": {"type": "LineString", "coordinates": [[-43.1891672, -22.978227999999998], [-43.1891789, -22.978263899999998], [-43.1891887, -22.9782965]]}}, {"type": "Feature", "properties": {"osm_id": "way/966307826", "footway": "sidewalk", "highway": "footway"}, "geometry": {"type": "LineString", "coordinates": [[-43.1887925, -22.977333699999996], [-43.1888, -22.9773556], [-43.1888429, -22.9774676], [-43.188979800000006, -22.9778257], [-43.1890156, -22.9779124], [-43.1891041, -22.978125699999996], [-43.1891417, -22.9782093], [-43.18915020000001, -22.978216599999993], [-43.1891555, -22.9782182], [-43.1891637, -22.978218899999995], [-43.1891672, -22.978227999999998]]}}, {"type": "Feature", "properties": {"osm_id": "way/966307827", "crossing": "uncontrolled", "crossing:markings": "yes", "footway": "crossing", "highway": "footway"}, "geometry": {"type": "LineString", "coordinates": [[-43.1887645, -22.977254200000008], [-43.1887786, -22.9772914], [-43.1887925, -22.977333699999996]]}}, {"type": "Feature", "properties": {"osm_id": "way/966307828", "footway": "sidewalk", "highway": "footway"}, "geometry": {"type": "LineString", "coordinates": [[-43.1881809, -22.976072599999995], [-43.1881849, -22.97608619999999], [-43.18817570000001, -22.9760974], [-43.1881741, -22.976106100000003], [-43.188177100000004, -22.97611819999999], [-43.1882662, -22.976292100000002], [-43.1887611, -22.977246300000004], [-43.1887645, -22.977254200000008]]}}, {"type": "Feature", "properties": {"osm_id": "way/966307829", "crossing": "uncontrolled", "crossing:markings": "yes", "footway": "crossing", "highway": "footway"}, "geometry": {"type": "LineString", "coordinates": [[-43.1881475, -22.9759944], [-43.1881592, -22.976023100000003], [-43.1881809, -22.976072599999995]]}}, {"type": "Feature", "properties": {"osm_id": "way/966307830", "footway": "sidewalk", "highway": "footway"}, "geometry": {"type": "LineString", "coordinates": [[-43.1877912, -22.975427399999997], [-43.1880441, -22.9758762], [-43.1881475, -22.9759944]]}}, {"type": "Feature", "properties": {"osm_id": "way/966307831", "crossing": "traffic_signals", "crossing:markings": "yes", "footway": "crossing", "highway": "footway"}, "geometry": {"type": "LineString", "coordinates": [[-43.1878802, -22.9759478], [-43.1879303, -22.975924600000003], [-43.1879685, -22.9759069]]}}, {"type": "Feature", "properties": {"osm_id": "way/966307832", "footway": "crossing", "highway": "footway", "surface": "paving_stones"}, "geometry": {"type": "LineString", "coordinates": [[-43.1877499, -22.976011599999996], [-43.1878032, -22.975985099999995], [-43.1878802, -22.9759478]]}}, {"type": "Feature", "properties": {"osm_id": "way/966307833", "footway": "crossing", "highway": "footway"}, "geometry": {"type": "LineString", "coordinates": [[-43.1877681, -22.975375400000004], [-43.18778410000001, -22.975411500000007], [-43.1877912, -22.975427399999997]]}}, {"type": "Feature", "properties": {"osm_id": "way/966307834", "footway": "sidewalk", "highway": "footway"}, "geometry": {"type": "LineString", "coordinates": [[-43.1874653, -22.974878400000005], [-43.1874705, -22.9748946], [-43.1874697, -22.97490850000001], [-43.187463400000006, -22.974941200000004], [-43.187464, -22.974950799999988], [-43.1875075, -22.975023799999995], [-43.1875495, -22.9750846], [-43.1876666, -22.9752539], [-43.18767700000001, -22.9752671], [-43.187738, -22.975323299999996], [-43.1877455, -22.975333499999998], [-43.1877681, -22.975375400000004]]}}, {"type": "Feature", "properties": {"osm_id": "way/966307835", "footway": "crossing", "highway": "footway"}, "geometry": {"type": "LineString", "coordinates": [[-43.1873654, -22.975105000000003], [-43.1873134, -22.9751344], [-43.187249, -22.9751684]]}}, {"type": "Feature", "properties": {"osm_id": "way/966307836", "crossing": "uncontrolled", "crossing:markings": "yes", "footway": "crossing", "highway": "footway"}, "geometry": {"type": "LineString", "coordinates": [[-43.1874567, -22.9750528], [-43.1874122, -22.9750794], [-43.1873654, -22.975105000000003]]}}, {"type": "Feature", "properties": {"osm_id": "way/966307837", "footway": "sidewalk", "highway": "footway"}, "geometry": {"type": "LineString", "coordinates": [[-43.1874321, -22.974819300000004], [-43.1874488, -22.974849299999995], [-43.1874653, -22.974878400000005]]}}, {"type": "Feature", "properties": {"osm_id": "way/966307838", "crossing": "traffic_signals", "crossing:markings": "yes", "footway": "crossing", "highway": "footway"}, "geometry": {"type": "LineString", "coordinates": [[-43.1858999, -22.973136799999995], [-43.18594240000001, -22.97310459999999], [-43.1860354, -22.973040100000006]]}}, {"type": "Feature", "properties": {"osm_id": "way/966307839", "footway": "crossing", "highway": "footway"}, "geometry": {"type": "LineString", "coordinates": [[-43.1858037, -22.9732151], [-43.1858344, -22.9731916], [-43.1858999, -22.973136799999995]]}}, {"type": "Feature", "properties": {"osm_id": "way/966307840", "footway": "sidewalk", "highway": "footway", "surface": "unhewn_cobblestone"}, "geometry": {"type": "LineString", "coordinates": [[-43.1859898, -22.972922099999998], [-43.1860763, -22.973012100000005], [-43.1862809, -22.973245299999995], [-43.1868759, -22.973984100000003], [-43.1869682, -22.9741102], [-43.1874271, -22.974809899999997]]}}, {"type": "Feature", "properties": {"osm_id": "way/966307841", "crossing": "uncontrolled", "crossing:markings": "yes", "footway": "crossing", "highway": "footway"}, "geometry": {"type": "LineString", "coordinates": [[-43.1859121, -22.972851799999997], [-43.1859516, -22.9728884], [-43.1859754, -22.9729095]]}}, {"type": "Feature", "properties": {"osm_id": "way/966307842", "footway": "sidewalk", "highway": "footway"}, "geometry": {"type": "LineString", "coordinates": [[-43.184958, -22.9716102], [-43.1848706, -22.971734499999997], [-43.1848713, -22.971745999999996], [-43.1854573, -22.972368899999996], [-43.1856075, -22.972528600000004], [-43.1859035, -22.9728433]]}}, {"type": "Feature", "properties": {"osm_id": "way/966307843", "crossing": "traffic_signals", "crossing:markings": "yes", "footway": "crossing", "highway": "footway"}, "geometry": {"type": "LineString", "coordinates": [[-43.1848263, -22.9715085], [-43.18483870000001, -22.9715174], [-43.1848917, -22.97155859999999], [-43.1849322, -22.971591900000004]]}}, {"type": "Feature", "properties": {"osm_id": "way/966307844", "bicycle": "yes", "crossing": "traffic_signals", "crossing:markings": "yes", "footway": "crossing", "highway": "footway"}, "geometry": {"type": "LineString", "coordinates": [[-43.1845147, -22.971678599999994], [-43.1845524, -22.971641900000005], [-43.184629, -22.971572000000002]]}}, {"type": "Feature", "properties": {"osm_id": "way/966307845", "bicycle": "yes", "footway": "crossing", "highway": "footway"}, "geometry": {"type": "LineString", "coordinates": [[-43.1844193, -22.971769600000002], [-43.1844694, -22.9717205], [-43.1845147, -22.971678599999994]]}}, {"type": "Feature", "properties": {"osm_id": "way/966307846", "crossing": "traffic_signals", "footway": "crossing", "highway": "footway"}, "geometry": {"type": "LineString", "coordinates": [[-43.1834977, -22.970802299999995], [-43.1835352, -22.970767700000003], [-43.18358330000001, -22.970711699999992]]}}, {"type": "Feature", "properties": {"osm_id": "way/966307847", "highway": "footway", "surface": "paving_stones"}, "geometry": {"type": "LineString", "coordinates": [[-43.1834092, -22.970894900000005], [-43.1834467, -22.970854299999996], [-43.1834977, -22.970802299999995]]}}, {"type": "Feature", "properties": {"osm_id": "way/966307848", "footway": "sidewalk", "highway": "footway", "surface": "unhewn_cobblestone"}, "geometry": {"type": "LineString", "coordinates": [[-43.1835301, -22.970584199999998], [-43.1836249, -22.970671100000004], [-43.18377720000001, -22.970797300000005], [-43.1846501, -22.9715545]]}}, {"type": "Feature", "properties": {"osm_id": "way/966307849", "crossing": "traffic_signals", "footway": "crossing", "highway": "footway"}, "geometry": {"type": "LineString", "coordinates": [[-43.1834367, -22.970516299999993], [-43.183479, -22.9705456], [-43.1835163, -22.9705756]]}}, {"type": "Feature", "properties": {"osm_id": "way/966307850", "footway": "sidewalk", "highway": "footway"}, "geometry": {"type": "LineString", "coordinates": [[-43.1827388, -22.970006699999995], [-43.1834367, -22.970516299999993]]}}, {"type": "Feature", "properties": {"osm_id": "way/966307851", "crossing": "uncontrolled", "crossing:markings": "yes", "footway": "crossing", "highway": "footway"}, "geometry": {"type": "LineString", "coordinates": [[-43.182672, -22.969963899999996], [-43.1827113, -22.969989499999997], [-43.1827388, -22.970006699999995]]}}, {"type": "Feature", "properties": {"osm_id": "way/966307852", "footway": "sidewalk", "highway": "footway"}, "geometry": {"type": "LineString", "coordinates": [[-43.1818508, -22.969365199999995], [-43.182672, -22.969963899999996]]}}, {"type": "Feature", "properties": {"osm_id": "way/966307853", "crossing": "uncontrolled", "crossing:markings": "yes", "footway": "crossing", "highway": "footway"}, "geometry": {"type": "LineString", "coordinates": [[-43.1817807, -22.969322500000004], [-43.1818167, -22.969343600000002], [-43.1818508, -22.969365199999995]]}}, {"type": "Feature", "properties": {"osm_id": "way/966307854", "footway": "sidewalk", "highway": "footway"}, "geometry": {"type": "LineString", "coordinates": [[-43.18087400000001, -22.968721299999995], [-43.1817807, -22.969322500000004]]}}, {"type": "Feature", "properties": {"osm_id": "way/966307855", "crossing": "traffic_signals", "footway": "crossing", "highway": "footway"}, "geometry": {"type": "LineString", "coordinates": [[-43.18057120000001, -22.968766800000004], [-43.1805983, -22.9687284], [-43.1806288, -22.968687800000005]]}}, {"type": "Feature", "properties": {"osm_id": "way/966307856", "highway": "footway"}, "geometry": {"type": "LineString", "coordinates": [[-43.1804897, -22.9688745], [-43.1805339, -22.9688161], [-43.18057120000001, -22.968766800000004]]}}, {"type": "Feature", "properties": {"osm_id": "way/966307857", "crossing": "uncontrolled", "crossing:markings": "yes", "footway": "crossing", "highway": "footway"}, "geometry": {"type": "LineString", "coordinates": [[-43.1807964, -22.968680000000003], [-43.1808252, -22.9686959], [-43.18087400000001, -22.968721299999995]]}}, {"type": "Feature", "properties": {"osm_id": "way/966307858", "footway": "sidewalk", "highway": "footway"}, "geometry": {"type": "LineString", "coordinates": [[-43.1798823, -22.968121699999994], [-43.1798973, -22.968132800000003], [-43.1799569, -22.9681979], [-43.1806791, -22.968619899999993], [-43.1807964, -22.968680000000003]]}}, {"type": "Feature", "properties": {"osm_id": "way/966307859", "crossing": "uncontrolled", "crossing:markings": "yes", "footway": "crossing", "highway": "footway"}, "geometry": {"type": "LineString", "coordinates": [[-43.1798105, -22.968077999999995], [-43.1798483, -22.968100900000003], [-43.1798823, -22.968121699999994]]}}, {"type": "Feature", "properties": {"osm_id": "way/966307860", "footway": "sidewalk", "highway": "footway"}, "geometry": {"type": "LineString", "coordinates": [[-43.1783092, -22.967207100000003], [-43.1784098, -22.967255399999996], [-43.1784405, -22.967262800000004], [-43.1784915, -22.9672689], [-43.1785414, -22.96727819999999], [-43.1786016, -22.967300399999992], [-43.1787838, -22.967394300000002], [-43.1796674, -22.967902999999996], [-43.1796893, -22.967923699999993], [-43.1797026, -22.9679464], [-43.1797162, -22.967986100000005], [-43.179735, -22.968013599999992], [-43.1797664, -22.9680461], [-43.1798105, -22.968077999999995]]}}, {"type": "Feature", "properties": {"osm_id": "way/966307861", "footway": "sidewalk", "highway": "footway"}, "geometry": {"type": "LineString", "coordinates": [[-43.1783729, -22.967353399999997], [-43.1784037, -22.967308699999997], [-43.1784405, -22.967262800000004]]}}, {"type": "Feature", "properties": {"osm_id": "way/966307862", "crossing": "traffic_signals", "footway": "crossing", "highway": "footway"}, "geometry": {"type": "LineString", "coordinates": [[-43.178222, -22.967166900000002], [-43.1782682, -22.9671893], [-43.1783092, -22.967207100000003]]}}, {"type": "Feature", "properties": {"osm_id": "way/966307863", "crossing": "traffic_signals", "footway": "crossing", "highway": "footway", "surface": "asphalt"}, "geometry": {"type": "LineString", "coordinates": [[-43.178316, -22.9674333], [-43.1783484, -22.96738689999999], [-43.1783729, -22.967353399999997]]}}, {"type": "Feature", "properties": {"osm_id": "way/966307864", "highway": "footway", "surface": "paving_stones"}, "geometry": {"type": "LineString", "coordinates": [[-43.1782469, -22.967544], [-43.1782806, -22.967490099999992], [-43.178316, -22.9674333]]}}, {"type": "Feature", "properties": {"osm_id": "way/966307865", "footway": "sidewalk", "highway": "footway", "surface": "sett"}, "geometry": {"type": "LineString", "coordinates": [[-43.17749019039377, -22.966768881394348], [-43.178222, -22.967166900000002]]}}, {"type": "Feature", "properties": {"osm_id": "way/968778111", "highway": "service", "name": "Largo Ibrahim Sued", "oneway": "yes", "surface": "cobblestone"}, "geometry": {"type": "LineString", "coordinates": [[-43.1784989, -22.967470699999996], [-43.1786016, -22.967300399999992], [-43.178659, -22.967237499999996], [-43.1786924, -22.967222500000002], [-43.1787268, -22.967221399999996], [-43.1787667, -22.96723469999999], [-43.1787918, -22.9672539], [-43.1788074, -22.967285599999997], [-43.1788052, -22.967329799999998], [-43.1787838, -22.967394300000002], [-43.1786756, -22.967575300000004]]}}, {"type": "Feature", "properties": {"osm_id": "way/1008882125", "highway": "service", "lanes": "1", "lit": "yes", "name": "Rua Siqueira Campos", "oneway": "yes", "surface": "cobblestone"}, "geometry": {"type": "LineString", "coordinates": [[-43.18703, -22.966562900000003], [-43.1867815, -22.9666968]]}}, {"type": "Feature", "properties": {"osm_id": "way/1009984228", "highway": "secondary", "lanes": "4", "lanes:psv:forward:conditional": "2 @ (Mo-Fr 6:00-21:00;Sa 6:00-14:00)", "lit": "yes", "maxspeed": "60", "name": "Rua Barata Ribeiro", "oneway": "yes", "parking:lane:left": "parallel", "parking:lane:left:conditional": "no_parking @ (Mo-Fr 6:00-21:00;Sa 6:00-14:00)", "sidewalk": "both", "surface": "asphalt"}, "geometry": {"type": "LineString", "coordinates": [[-43.18602940000001, -22.968816699999998], [-43.1866778, -22.9692264], [-43.1867913, -22.9692945]]}}, {"type": "Feature", "properties": {"osm_id": "way/1009984230", "bicycle": "designated", "highway": "tertiary", "lanes": "3", "lit": "yes", "name": "Rua Tonelero", "oneway": "yes", "parking:both": "no", "parking:both:restriction": "no_parking", "sidewalk": "both", "surface": "asphalt"}, "geometry": {"type": "LineString", "coordinates": [[-43.1841081, -22.9660994], [-43.1843854, -22.966239700000003], [-43.185225, -22.9666431], [-43.1852659, -22.96666369999999], [-43.1857392, -22.9668934], [-43.1860854, -22.967083899999988], [-43.1861077, -22.967095599999993], [-43.1861948, -22.967138400000007]]}}, {"type": "Feature", "properties": {"osm_id": "way/1010069098", "highway": "secondary", "lanes": "4", "lanes:psv:forward:conditional": "2 @ (Mo-Fr 6:00-21:00;Sa 6:00-14:00)", "maxspeed": "60", "name": "Avenida Nossa Senhora de Copacabana", "oneway": "yes", "surface": "asphalt"}, "geometry": {"type": "LineString", "coordinates": [[-43.1872333, -22.971499499999997], [-43.1871175, -22.97137559999999], [-43.1870238, -22.9712749], [-43.1869016, -22.971153900000004]]}}, {"type": "Feature", "properties": {"osm_id": "way/1018799019", "cycleway:right": "no", "highway": "secondary", "lanes": "4", "lanes:psv:forward:conditional": "2 @ (Mo-Fr 06:00-21:00; Sa 06:00-14:00)", "lit": "yes", "maxspeed": "60", "name": "Avenida Nossa Senhora de Copacabana", "oneway": "yes", "sidewalk": "both", "surface": "asphalt"}, "geometry": {"type": "LineString", "coordinates": [[-43.1846193, -22.9691333], [-43.1844854, -22.969047299999996], [-43.1840063, -22.968739699999997]]}}, {"type": "Feature", "properties": {"osm_id": "way/1046608890", "area": "yes", "highway": "pedestrian", "surface": "paving_stones"}, "geometry": {"type": "LineString", "coordinates": [[-43.1856084, -22.9729987], [-43.1856443, -22.973038299999985], [-43.1856617, -22.9730482], [-43.1856802, -22.9730533], [-43.1857036, -22.973052799999998], [-43.1857333, -22.973042499999995], [-43.1857546, -22.973014399999997], [-43.1857601, -22.972990799999994], [-43.1857559, -22.972968599999994], [-43.1857444, -22.972952099999993], [-43.1852709, -22.972437000000003], [-43.1847888, -22.9719415], [-43.1847583, -22.9719137], [-43.1847445, -22.9719054], [-43.184732200000006, -22.971900199999997], [-43.1847158, -22.9719003], [-43.1846899, -22.971907999999992], [-43.1846725, -22.971919999999997], [-43.1846633, -22.9719311], [-43.1846609, -22.971941899999997], [-43.1846641, -22.971954899999997], [-43.1846764, -22.9719742], [-43.184716, -22.972017400000002], [-43.1850475, -22.972351800000002], [-43.18511920000001, -22.972427], [-43.1851391, -22.9724527], [-43.1851519, -22.972476699999994], [-43.185166, -22.972504399999995], [-43.18518650000001, -22.9725307], [-43.1856084, -22.9729987]]}}, {"type": "Feature", "properties": {"osm_id": "way/1046608891", "area": "yes", "highway": "pedestrian", "surface": "paving_stones"}, "geometry": {"type": "LineString", "coordinates": [[-43.1844415, -22.97178939999999], [-43.1844777, -22.971826399999998], [-43.1845086, -22.9718561], [-43.1845421, -22.9718684], [-43.184585, -22.971859800000004], [-43.1846078, -22.9718388], [-43.1846199, -22.971803], [-43.1846085, -22.9717715], [-43.1845773, -22.971734699999992], [-43.1845147, -22.971678599999994], [-43.1840244, -22.971239699999998], [-43.1837479, -22.971003299999996], [-43.1834977, -22.970802299999995], [-43.1834567, -22.970769300000004], [-43.1834288, -22.970751699999997], [-43.1833954, -22.970753999999992], [-43.18336390000001, -22.970777399999992], [-43.1833469, -22.970816300000003], [-43.1833638, -22.970855499999995], [-43.1834092, -22.970894900000005], [-43.1834317, -22.970914399999998], [-43.1836496, -22.971094099999988], [-43.183927, -22.971334899999995], [-43.18418830000001, -22.971563399999994], [-43.1844193, -22.971769600000002], [-43.1844415, -22.97178939999999]]}}, {"type": "Feature", "properties": {"osm_id": "way/1046608892", "area": "yes", "highway": "pedestrian"}, "geometry": {"type": "LineString", "coordinates": [[-43.1831128, -22.970659600000005], [-43.1831433, -22.970687999999996], [-43.1831956, -22.9707238], [-43.1832372, -22.970737400000008], [-43.1832649, -22.9707273], [-43.1832828, -22.9707139], [-43.1833004, -22.970694199999993], [-43.1833043, -22.970669499999996], [-43.1832995, -22.9706499], [-43.1832882, -22.9706299], [-43.1832332, -22.970579300000004], [-43.1829542, -22.9703805], [-43.1829629, -22.970406499999996], [-43.1830317, -22.970551399999998], [-43.1831128, -22.970659600000005]]}}, {"type": "Feature", "properties": {"osm_id": "way/1046608893", "area": "yes", "highway": "pedestrian"}, "geometry": {"type": "LineString", "coordinates": [[-43.1818992, -22.969787199999992], [-43.1818304, -22.9697446], [-43.1811679, -22.969302599999995], [-43.1811035, -22.9692396], [-43.181078, -22.9692124], [-43.181019, -22.969174100000004], [-43.1807589, -22.9690136], [-43.180725300000006, -22.96897909999999], [-43.18072370000001, -22.968954799999995], [-43.180728, -22.968934299999997], [-43.180745400000006, -22.968918499999997], [-43.1807723, -22.968906199999996], [-43.1808038, -22.9689096], [-43.1812028, -22.969172900000004], [-43.1817254, -22.969519099999996], [-43.1817732, -22.9695814], [-43.1818548, -22.969714600000003], [-43.1818992, -22.969787199999992]]}}, {"type": "Feature", "properties": {"osm_id": "way/1046608894", "area": "yes", "highway": "pedestrian"}, "geometry": {"type": "LineString", "coordinates": [[-43.1804174, -22.968674799999995], [-43.18057120000001, -22.968766800000004], [-43.1806145, -22.968794599999995], [-43.1806467, -22.9688328], [-43.1806494, -22.968866199999997], [-43.1806306, -22.9689007], [-43.18059310000001, -22.96891799999999], [-43.1805555, -22.968911899999995], [-43.1805086, -22.9688859], [-43.1804897, -22.9688745], [-43.1789358, -22.9679331], [-43.1786807, -22.9677885], [-43.1782469, -22.967544], [-43.1781915, -22.967512700000004], [-43.1781778, -22.967501000000002], [-43.17817, -22.9674883], [-43.1781642, -22.967470199999998], [-43.178164, -22.967453999999996], [-43.178168500000005, -22.9674395], [-43.1781809, -22.9674249], [-43.1781997, -22.967411900000002], [-43.1782156, -22.96740349999999], [-43.1782382, -22.9674033], [-43.1782577, -22.967403899999997], [-43.1782887, -22.9674177], [-43.178316, -22.9674333], [-43.1792424, -22.967965699999997], [-43.1793969, -22.9680491], [-43.17963850000001, -22.968204200000002], [-43.1804174, -22.968674799999995]]}}, {"type": "Feature", "properties": {"osm_id": "way/1059980146", "highway": "service", "tunnel": "building_passage"}, "geometry": {"type": "LineString", "coordinates": [[-43.1936237, -22.976093100000007], [-43.1935578, -22.9758663]]}}, {"type": "Feature", "properties": {"osm_id": "way/1063321872", "highway": "secondary", "lanes": "3", "name": "Rua Figueiredo de Magalhães", "oneway": "yes", "surface": "asphalt"}, "geometry": {"type": "LineString", "coordinates": [[-43.1854969, -22.970829399999996], [-43.1858624, -22.97039609999999], [-43.1859845, -22.9702488]]}}, {"type": "Feature", "properties": {"osm_id": "way/1066501169", "highway": "primary", "lanes": "2", "name": "Rua Bolívar", "oneway": "yes", "surface": "asphalt"}, "geometry": {"type": "LineString", "coordinates": [[-43.1900286, -22.975883300000003], [-43.1902315, -22.975868300000002], [-43.1912304, -22.975793299999996], [-43.1921884, -22.975711899999997], [-43.1922824, -22.975703899999992], [-43.1934047, -22.975594600000008], [-43.1935563, -22.9755792]]}}, {"type": "Feature", "properties": {"osm_id": "way/1066501170", "highway": "secondary", "lanes": "4", "lanes:psv:forward:conditional": "2 @ (Mo-Fr 6:00-21:00;Sa 6:00-14:00)", "maxspeed": "60", "name": "Avenida Nossa Senhora de Copacabana", "oneway": "yes", "surface": "asphalt"}, "geometry": {"type": "LineString", "coordinates": [[-43.19060330000001, -22.977948899999998], [-43.1903601, -22.977075100000004], [-43.19031780000001, -22.976926899999995], [-43.1902839, -22.97679859999999], [-43.1900899, -22.9760852], [-43.1900286, -22.975883300000003]]}}, {"type": "Feature", "properties": {"osm_id": "way/1067026432", "covered": "yes", "highway": "footway"}, "geometry": {"type": "LineString", "coordinates": [[-43.1805385, -22.9647274], [-43.1806072, -22.964710499999992], [-43.1805911, -22.96463019999999], [-43.1806186, -22.964590199999993]]}}, {"type": "Feature", "properties": {"osm_id": "way/1067026433", "conveying": "both", "highway": "steps", "incline": "down", "indoor": "yes", "level": "0;-1"}, "geometry": {"type": "LineString", "coordinates": [[-43.1806186, -22.964590199999993], [-43.1807371, -22.964570599999995]]}}, {"type": "Feature", "properties": {"osm_id": "way/1067026434", "highway": "footway", "layer": "-1", "tunnel": "yes"}, "geometry": {"type": "LineString", "coordinates": [[-43.1811484, -22.964188699999998], [-43.1813279, -22.963919299999993], [-43.181426, -22.963767799999996]]}}, {"type": "Feature", "properties": {"osm_id": "way/1067026435", "conveying": "both", "highway": "steps", "layer": "-1", "tunnel": "yes"}, "geometry": {"type": "LineString", "coordinates": [[-43.181036, -22.9643671], [-43.1811484, -22.964188699999998]]}}, {"type": "Feature", "properties": {"osm_id": "way/1067026436", "highway": "footway"}, "geometry": {"type": "LineString", "coordinates": [[-43.1809036, -22.964491900000002], [-43.180802, -22.964650200000005], [-43.1807557, -22.964657199999998]]}}, {"type": "Feature", "properties": {"osm_id": "way/1067026437", "covered": "yes", "highway": "footway"}, "geometry": {"type": "LineString", "coordinates": [[-43.1807557, -22.964657199999998], [-43.1807187, -22.964665499999995], [-43.1806864, -22.964695400000004], [-43.1806072, -22.964710499999992]]}}, {"type": "Feature", "properties": {"osm_id": "way/1067026438", "highway": "footway", "layer": "-1", "tunnel": "yes"}, "geometry": {"type": "LineString", "coordinates": [[-43.1813443, -22.9639283], [-43.1813279, -22.963919299999993], [-43.1813135, -22.96391119999999]]}}, {"type": "Feature", "properties": {"osm_id": "way/1067026439", "conveying": "yes", "highway": "steps", "layer": "-1;-2", "tunnel": "yes"}, "geometry": {"type": "LineString", "coordinates": [[-43.1813443, -22.9639283], [-43.1813688, -22.9638903]]}}, {"type": "Feature", "properties": {"osm_id": "way/1067026440", "conveying": "yes", "highway": "steps", "layer": "-1;-2", "tunnel": "yes"}, "geometry": {"type": "LineString", "coordinates": [[-43.1813135, -22.96391119999999], [-43.1813389, -22.96387319999999]]}}, {"type": "Feature", "properties": {"osm_id": "way/1067026441", "highway": "footway", "layer": "-1", "tunnel": "yes"}, "geometry": {"type": "LineString", "coordinates": [[-43.1814511, -22.963780699999994], [-43.181426, -22.963767799999996], [-43.1814027, -22.963754099999996]]}}, {"type": "Feature", "properties": {"osm_id": "way/1067026442", "conveying": "yes", "highway": "steps", "layer": "-1;-2", "tunnel": "yes"}, "geometry": {"type": "LineString", "coordinates": [[-43.1814027, -22.963754099999996], [-43.181348, -22.963725099999994]]}}, {"type": "Feature", "properties": {"osm_id": "way/1067026443", "conveying": "yes", "highway": "steps", "layer": "-1;-2", "tunnel": "yes"}, "geometry": {"type": "LineString", "coordinates": [[-43.1814511, -22.963780699999994], [-43.1815057, -22.96381149999999]]}}, {"type": "Feature", "properties": {"osm_id": "way/1067026444", "highway": "footway", "layer": "-2", "tunnel": "yes"}, "geometry": {"type": "LineString", "coordinates": [[-43.181348, -22.963725099999994], [-43.1813396, -22.963736900000004]]}}, {"type": "Feature", "properties": {"osm_id": "way/1067026445", "highway": "footway", "layer": "-2", "tunnel": "yes"}, "geometry": {"type": "LineString", "coordinates": [[-43.1815057, -22.96381149999999], [-43.1814983, -22.963823999999992]]}}, {"type": "Feature", "properties": {"osm_id": "way/1067026446", "highway": "footway", "layer": "-2", "tunnel": "yes"}, "geometry": {"type": "LineString", "coordinates": [[-43.181423, -22.9637833], [-43.1814057, -22.963811299999996]]}}, {"type": "Feature", "properties": {"osm_id": "way/1067026447", "highway": "footway", "layer": "-2", "tunnel": "yes"}, "geometry": {"type": "LineString", "coordinates": [[-43.1813752, -22.9638611], [-43.1813593, -22.963884899999996]]}}, {"type": "Feature", "properties": {"osm_id": "way/1098639889", "highway": "service", "name": "Rua Tenreiro Aranha", "oneway": "no", "surface": "asphalt"}, "geometry": {"type": "LineString", "coordinates": [[-43.1866968, -22.966739099999998], [-43.1867318, -22.9667814], [-43.1867394, -22.966786800000005], [-43.186749, -22.966789699999993], [-43.1868367, -22.96679959999999], [-43.1868915, -22.966810300000006], [-43.1869266, -22.966816099999992], [-43.187125, -22.966876499999994], [-43.1871613, -22.966899399999992], [-43.1871891, -22.966925099999997], [-43.1873024, -22.967043699999998]]}}, {"type": "Feature", "properties": {"osm_id": "way/1185548382", "access": "private", "highway": "service", "name": "Túnel de Serviço"}, "geometry": {"type": "LineString", "coordinates": [[-43.1929987, -22.977989899999997], [-43.19298390000001, -22.977865399999992]]}}, {"type": "Feature", "properties": {"osm_id": "way/1191285270", "highway": "service"}, "geometry": {"type": "LineString", "coordinates": [[-43.1936237, -22.976093100000007], [-43.1936682, -22.976139400000005]]}}, {"type": "Feature", "properties": {"osm_id": "way/1305995541", "highway": "footway"}, "geometry": {"type": "LineString", "coordinates": [[-43.18635510000001, -22.967120700000002], [-43.1862563, -22.967061700000006]]}}, {"type": "Feature", "properties": {"osm_id": "way/1305995542", "highway": "footway"}, "geometry": {"type": "LineString", "coordinates": [[-43.1881461, -22.966151], [-43.188073, -22.9660893], [-43.1880605, -22.966084899999995], [-43.1880453, -22.966087299999998], [-43.1874893, -22.966380099999995], [-43.1873798, -22.966437899999992], [-43.1870876, -22.9665924], [-43.1868067, -22.9667412], [-43.1867318, -22.9667814], [-43.1866703, -22.966812299999997], [-43.1865912, -22.966855799999994], [-43.1865527, -22.966883599999996], [-43.1865067, -22.9669301], [-43.18635510000001, -22.967120700000002], [-43.1863452, -22.967132799999998], [-43.186343, -22.967146399999997], [-43.186349, -22.967157599999993], [-43.1863633, -22.967166099999993], [-43.1863347, -22.967217800000004]]}}, {"type": "Feature", "properties": {"osm_id": "way/1305995543", "bicycle": "no", "foot": "yes", "highway": "corridor", "layer": "-1", "motor_vehicle": "no"}, "geometry": {"type": "LineString", "coordinates": [[-43.188387, -22.967200699999996], [-43.1878398, -22.9667893], [-43.187567, -22.9664675]]}}, {"type": "Feature", "properties": {"osm_id": "way/1305995544", "bicycle": "no", "foot": "yes", "highway": "footway", "motor_vehicle": "no"}, "geometry": {"type": "LineString", "coordinates": [[-43.18813, -22.966159], [-43.1881461, -22.966151], [-43.18821, -22.966115999999996]]}}, {"type": "Feature", "properties": {"osm_id": "way/1305995545", "bicycle": "no", "foot": "yes", "highway": "footway", "motor_vehicle": "no"}, "geometry": {"type": "LineString", "coordinates": [[-43.1874957, -22.966386299999993], [-43.1874893, -22.966380099999995], [-43.1874567, -22.9663427]]}}, {"type": "Feature", "properties": {"osm_id": "way/1305995547", "highway": "service"}, "geometry": {"type": "LineString", "coordinates": [[-43.1881955, -22.967679599999993], [-43.188099, -22.967621599999994], [-43.187651, -22.9673522]]}}, {"type": "Feature", "properties": {"osm_id": "way/1305995548", "highway": "footway"}, "geometry": {"type": "LineString", "coordinates": [[-43.1877683, -22.967905999999992], [-43.1877896, -22.96787429999999], [-43.1878393, -22.9677978], [-43.1876924, -22.967596099999998], [-43.1875576, -22.9674357], [-43.18748070000001, -22.967457099999997], [-43.1873191, -22.967503799999992], [-43.1872958, -22.96751490000001], [-43.1872793, -22.9675289], [-43.1872154, -22.9676309], [-43.1871941, -22.967669000000004]]}}, {"type": "Feature", "properties": {"osm_id": "way/1306214886", "highway": "footway"}, "geometry": {"type": "LineString", "coordinates": [[-43.1805339, -22.9688161], [-43.1782806, -22.967490099999992]]}}, {"type": "Feature", "properties": {"osm_id": "way/1308619172", "crossing": "uncontrolled", "crossing:markings": "yes", "footway": "crossing", "highway": "footway"}, "geometry": {"type": "LineString", "coordinates": [[-43.1903975, -22.9770647], [-43.1903601, -22.977075100000004], [-43.1903363, -22.977080600000004]]}}, {"type": "Feature", "properties": {"osm_id": "way/1308619173", "crossing": "uncontrolled", "crossing:markings": "yes", "footway": "crossing", "highway": "footway"}, "geometry": {"type": "LineString", "coordinates": [[-43.1902839, -22.97679859999999], [-43.190313, -22.9767911]]}}, {"type": "Feature", "properties": {"osm_id": "way/1308619174", "crossing": "uncontrolled", "crossing:markings": "yes", "footway": "crossing", "highway": "footway"}, "geometry": {"type": "LineString", "coordinates": [[-43.1902839, -22.97679859999999], [-43.1902616, -22.9768042]]}}, {"type": "Feature", "properties": {"osm_id": "way/1308619175", "footway": "sidewalk", "highway": "footway"}, "geometry": {"type": "LineString", "coordinates": [[-43.1894479, -22.9791056], [-43.1898709, -22.979020999999992], [-43.1898838, -22.97898939999999], [-43.1896896, -22.978214199999996], [-43.1896664, -22.978206899999993], [-43.1891925, -22.978310200000003]]}}, {"type": "Feature", "properties": {"osm_id": "way/1308619176", "footway": "sidewalk", "highway": "footway"}, "geometry": {"type": "LineString", "coordinates": [[-43.1891637, -22.978218899999995], [-43.189656, -22.978112100000004], [-43.1896581, -22.978070599999995], [-43.1894918, -22.977437499999997], [-43.1894318, -22.977200399999997], [-43.1893927, -22.977204599999997], [-43.1888, -22.9773556]]}}, {"type": "Feature", "properties": {"osm_id": "way/1308619177", "footway": "sidewalk", "highway": "footway"}, "geometry": {"type": "LineString", "coordinates": [[-43.1887611, -22.977246300000004], [-43.1893996, -22.977093700000005], [-43.1893996, -22.977057200000004], [-43.1892129, -22.976328200000005], [-43.1891324, -22.976009200000007], [-43.1890897, -22.976005999999995], [-43.188214, -22.9760788], [-43.188201, -22.976080699999997], [-43.1881849, -22.97608619999999]]}}, {"type": "Feature", "properties": {"osm_id": "way/1308619178", "area": "yes", "highway": "pedestrian", "lit": "yes", "surface": "unhewn_cobblestone"}, "geometry": {"type": "LineString", "coordinates": [[-43.1880171, -22.9761942], [-43.1879977, -22.976174499999996], [-43.1879698, -22.976167399999998], [-43.1879422, -22.976169600000002], [-43.1879195, -22.976185200000003], [-43.1879082, -22.976204399999993], [-43.1879077, -22.97622579999999], [-43.1879148, -22.976242199999994], [-43.1879399, -22.976294100000004], [-43.18810880000001, -22.976610200000003], [-43.1881262, -22.9766503], [-43.1881504, -22.976744800000002], [-43.1881651, -22.976783000000008], [-43.1882448, -22.9769368], [-43.18845700000001, -22.977393400000004], [-43.1884827, -22.97745339999999], [-43.1887009, -22.977963799999998], [-43.1888172, -22.978261], [-43.1888432, -22.978286500000006], [-43.1888855, -22.97829769999999], [-43.1889213, -22.978290200000004], [-43.188944, -22.97826099999999], [-43.1889517, -22.97823199999999], [-43.1889473, -22.9781914], [-43.188611900000005, -22.977407099999997], [-43.1886037, -22.977388000000005], [-43.1885185, -22.977199100000004], [-43.1884263, -22.9770179], [-43.18826030000001, -22.976659600000005], [-43.1880171, -22.9761942]]}}, {"type": "Feature", "properties": {"osm_id": "way/1308619179", "area": "yes", "highway": "pedestrian"}, "geometry": {"type": "LineString", "coordinates": [[-43.1877943, -22.976086399999993], [-43.1878236, -22.9761059], [-43.1878571, -22.976107699999996], [-43.1878841, -22.9761006], [-43.1879035, -22.97608779999999], [-43.187918700000004, -22.976056499999995], [-43.1879208, -22.976032100000005], [-43.1879104, -22.976004099999997], [-43.1878802, -22.9759478], [-43.1877935, -22.975801899999993], [-43.1874463, -22.97523], [-43.1873654, -22.975105000000003], [-43.1873252, -22.975042899999995], [-43.18731030000001, -22.975033599999986], [-43.1872886, -22.97502709999999], [-43.1872627, -22.975028300000005], [-43.18724, -22.975036000000003], [-43.1872201, -22.975053], [-43.1872093, -22.9750809], [-43.1872113, -22.975105], [-43.187249, -22.9751684], [-43.1877499, -22.976011599999996], [-43.1877943, -22.976086399999993]]}}, {"type": "Feature", "properties": {"osm_id": "way/1308619180", "footway": "crossing", "highway": "footway"}, "geometry": {"type": "LineString", "coordinates": [[-43.1871591, -22.975218400000003], [-43.1871414, -22.975228], [-43.1871305, -22.975234]]}}, {"type": "Feature", "properties": {"osm_id": "way/1308622195", "footway": "crossing", "highway": "footway"}, "geometry": {"type": "LineString", "coordinates": [[-43.1804137, -22.968980700000003], [-43.1804218, -22.96896990000001], [-43.1804328, -22.968954399999998]]}}, {"type": "Feature", "properties": {"osm_id": "way/1308622197", "area": "yes", "highway": "pedestrian", "surface": "sett"}, "geometry": {"type": "LineString", "coordinates": [[-43.1777982, -22.967149], [-43.17733738816701, -22.966902165126108]]}}, {"type": "Feature", "properties": {"osm_id": "way/1308622197", "area": "yes", "highway": "pedestrian", "surface": "sett"}, "geometry": {"type": "LineString", "coordinates": [[-43.17722907680156, -22.966996640864874], [-43.1779793, -22.967394500000005], [-43.1780205, -22.96740949999999], [-43.1780522, -22.9674052], [-43.1780831, -22.9673906], [-43.1781017, -22.9673571], [-43.1780933, -22.967318399999996], [-43.1777982, -22.967149]]}}, {"type": "Feature", "properties": {"osm_id": "way/1308635845", "footway": "sidewalk", "highway": "footway"}, "geometry": {"type": "LineString", "coordinates": [[-43.1848199, -22.971503100000007], [-43.185196, -22.971063599999997], [-43.1852207, -22.9710206], [-43.1844684, -22.970376000000005], [-43.1840227, -22.969989299999998], [-43.1839688, -22.969994599999993], [-43.1835301, -22.970584199999998]]}}, {"type": "Feature", "properties": {"osm_id": "way/1308635846", "footway": "sidewalk", "highway": "footway"}, "geometry": {"type": "LineString", "coordinates": [[-43.184958, -22.9716102], [-43.1853304, -22.971139100000002], [-43.1853735, -22.9711458], [-43.1858605, -22.971579200000008], [-43.1862655, -22.9719326], [-43.186488100000005, -22.972148999999995], [-43.1864877, -22.972198500000005], [-43.1860646, -22.9726762], [-43.1859035, -22.9728433]]}}, {"type": "Feature", "properties": {"osm_id": "way/1308635847", "footway": "sidewalk", "highway": "footway"}, "geometry": {"type": "LineString", "coordinates": [[-43.1859898, -22.972922099999998], [-43.1865655, -22.972300099999995], [-43.186598000000004, -22.972298699999996], [-43.1869558, -22.972907999999997], [-43.1871777, -22.973289099999995], [-43.1873713, -22.973611], [-43.1875827, -22.9739523], [-43.1878038, -22.9743094], [-43.1879208, -22.97451], [-43.1879119, -22.9745351], [-43.1874271, -22.974809899999997]]}}, {"type": "Feature", "properties": {"osm_id": "way/1308636544", "crossing": "traffic_signals", "footway": "crossing", "highway": "footway"}, "geometry": {"type": "LineString", "coordinates": [[-43.1821431, -22.967454499999995], [-43.1821018, -22.967516899999993], [-43.1820752, -22.967552299999998]]}}, {"type": "Feature", "properties": {"osm_id": "way/1308636545", "crossing": "traffic_signals", "footway": "crossing", "highway": "footway"}, "geometry": {"type": "LineString", "coordinates": [[-43.1818494, -22.967290300000002], [-43.1818176, -22.9673344], [-43.1817871, -22.967373699999996]]}}, {"type": "Feature", "properties": {"osm_id": "way/1308636546", "crossing": "uncontrolled", "crossing:markings": "yes", "footway": "crossing", "highway": "footway"}, "geometry": {"type": "LineString", "coordinates": [[-43.1815719, -22.967116899999997], [-43.1815217, -22.967101400000004], [-43.1814862, -22.9670908]]}}, {"type": "Feature", "properties": {"osm_id": "way/1310448546", "area": "yes", "highway": "pedestrian"}, "geometry": {"type": "LineString", "coordinates": [[-43.1858814, -22.973114799999998], [-43.1858592, -22.973099799999996], [-43.1858336, -22.973097199999994], [-43.1857964, -22.973113499999993], [-43.185779, -22.973135699999997], [-43.185774, -22.973152200000005], [-43.1857762, -22.9731708], [-43.1857827, -22.973185499999996], [-43.1858037, -22.9732151], [-43.1860763, -22.9735294], [-43.1860666, -22.973473399999996], [-43.1860498, -22.973375799999992], [-43.1859981, -22.9732454], [-43.1858999, -22.973136799999995], [-43.1858814, -22.973114799999998]]}}, {"type": "Feature", "properties": {"osm_id": "way/1313447225", "highway": "steps", "incline": "down"}, "geometry": {"type": "LineString", "coordinates": [[-43.1832621, -22.971091899999998], [-43.1832758, -22.97110169999999]]}}, {"type": "Feature", "properties": {"osm_id": "way/1313447226", "highway": "footway"}, "geometry": {"type": "LineString", "coordinates": [[-43.1832621, -22.971091899999998], [-43.183314, -22.9710341]]}}, {"type": "Feature", "properties": {"osm_id": "way/1313447227", "handrail": "yes", "highway": "steps", "incline": "down"}, "geometry": {"type": "LineString", "coordinates": [[-43.1833449, -22.971127200000005], [-43.1832932, -22.9710891]]}}, {"type": "Feature", "properties": {"osm_id": "way/1313447228", "highway": "footway"}, "geometry": {"type": "LineString", "coordinates": [[-43.1833449, -22.971127200000005], [-43.1833812, -22.9710912]]}}, {"type": "Feature", "properties": {"osm_id": "way/1333534370", "conveying": "yes", "highway": "steps"}, "geometry": {"type": "LineString", "coordinates": [[-43.1927549, -22.97634889999999], [-43.1928704, -22.976320199999996]]}}, {"type": "Feature", "properties": {"osm_id": "way/1333534371", "conveying": "yes", "highway": "steps"}, "geometry": {"type": "LineString", "coordinates": [[-43.1938241, -22.976683099999995], [-43.1938613, -22.976669499999996]]}}, {"type": "Feature", "properties": {"osm_id": "way/1333534886", "highway": "path", "informal": "yes"}, "geometry": {"type": "LineString", "coordinates": [[-43.1938613, -22.976669499999996], [-43.1938245, -22.9765777], [-43.1937508, -22.9765954], [-43.19372, -22.976602999999997], [-43.1936808, -22.9766125], [-43.193592, -22.9762098], [-43.1935308, -22.976202000000004], [-43.1929068, -22.976358300000005], [-43.1928983, -22.976346900000003], [-43.1928704, -22.976320199999996]]}}, {"type": "Feature", "properties": {"osm_id": "way/1339950041", "highway": "service"}, "geometry": {"type": "LineString", "coordinates": [[-43.1864542, -22.966818799999995], [-43.1863455, -22.966762000000003]]}}, {"type": "Feature", "properties": {"osm_id": "way/1339953207", "footway": "crossing", "highway": "footway"}, "geometry": {"type": "LineString", "coordinates": [[-43.186752, -22.966640899999998], [-43.1867815, -22.9666968], [-43.1868067, -22.9667412]]}}, {"type": "Feature", "properties": {"osm_id": "way/1340176547", "footway": "crossing", "highway": "footway"}, "geometry": {"type": "LineString", "coordinates": [[-43.188752, -22.9785659], [-43.1887805, -22.9785577]]}}, {"type": "Feature", "properties": {"osm_id": "way/1340176548", "highway": "footway"}, "geometry": {"type": "LineString", "coordinates": [[-43.1894479, -22.9791056], [-43.1894506, -22.979112800000003]]}}, {"type": "Feature", "properties": {"osm_id": "way/1340176549", "highway": "footway"}, "geometry": {"type": "LineString", "coordinates": [[-43.1873134, -22.9751344], [-43.1878032, -22.975985099999995]]}}, {"type": "Feature", "properties": {"osm_id": "way/1340176550", "highway": "footway"}, "geometry": {"type": "LineString", "coordinates": [[-43.1844694, -22.9717205], [-43.1841043, -22.9714138], [-43.1835423, -22.9709323], [-43.1834467, -22.970854299999996]]}}, {"type": "Feature", "properties": {"osm_id": "way/1340176551", "cycleway:both": "no", "highway": "secondary", "lanes": "2", "name": "Rua Santa Clara", "oneway": "yes", "surface": "asphalt"}, "geometry": {"type": "LineString", "coordinates": [[-43.1859516, -22.9728884], [-43.1858447, -22.972994700000005]]}}, {"type": "Feature", "properties": {"osm_id": "way/1340176552", "highway": "footway"}, "geometry": {"type": "LineString", "coordinates": [[-43.1889732, -22.978496800000002], [-43.1890648, -22.978786199999995], [-43.1891757146912, -22.97913214376229]]}}, {"type": "Feature", "properties": {"osm_id": "way/1340176557", "area": "yes", "highway": "pedestrian", "lit": "yes"}, "geometry": {"type": "LineString", "coordinates": [[-43.18930639458669, -22.979260574897662], [-43.1891977, -22.9788964], [-43.1890807, -22.978572400000004], [-43.189043700000006, -22.978472799999995], [-43.1890164, -22.978399599999996], [-43.1890013, -22.9783851], [-43.1889756, -22.978376899999994], [-43.1889305, -22.978379799999992], [-43.1888933, -22.97839250000001], [-43.188881, -22.9784131], [-43.1888821, -22.978441100000005], [-43.1889076, -22.97851919999999], [-43.1890073, -22.978801799999996], [-43.18908893507734, -22.97904685727997]]}}, {"type": "Feature", "properties": {"osm_id": "way/1340627093", "highway": "footway"}, "geometry": {"type": "LineString", "coordinates": [[-43.1787667, -22.96723469999999], [-43.17879400000001, -22.96718939999999]]}}, {"type": "Feature", "properties": {"osm_id": "way/1341397011", "highway": "footway"}, "geometry": {"type": "LineString", "coordinates": [[-43.1843019, -22.971881699999997], [-43.184315, -22.9718683]]}}, {"type": "Feature", "properties": {"osm_id": "way/1341397012", "footway": "sidewalk", "highway": "footway"}, "geometry": {"type": "LineString", "coordinates": [[-43.1832922, -22.9710156], [-43.1833173, -22.970990300000004]]}}, {"type": "Feature", "properties": {"osm_id": "way/1341397013", "footway": "sidewalk", "highway": "footway"}, "geometry": {"type": "LineString", "coordinates": [[-43.1836249, -22.970671100000004], [-43.18358330000001, -22.970711699999992]]}}, {"type": "Feature", "properties": {"osm_id": "way/1341420438", "footway": "sidewalk", "highway": "footway"}, "geometry": {"type": "LineString", "coordinates": [[-43.1856693, -22.973315599999996], [-43.1856941, -22.973298599999996]]}}, {"type": "Feature", "properties": {"osm_id": "way/1341420442", "footway": "sidewalk", "highway": "footway"}, "geometry": {"type": "LineString", "coordinates": [[-43.1806791, -22.968619899999993], [-43.1806288, -22.968687800000005]]}}, {"type": "Feature", "properties": {"osm_id": "way/1341420443", "footway": "sidewalk", "highway": "footway"}, "geometry": {"type": "LineString", "coordinates": [[-43.1835301, -22.970584199999998], [-43.1835163, -22.9705756]]}}, {"type": "Feature", "properties": {"osm_id": "way/1341420444", "footway": "sidewalk", "highway": "footway"}, "geometry": {"type": "LineString", "coordinates": [[-43.1848199, -22.971503100000007], [-43.1848263, -22.9715085]]}}, {"type": "Feature", "properties": {"osm_id": "way/1341420445", "footway": "sidewalk", "highway": "footway"}, "geometry": {"type": "LineString", "coordinates": [[-43.184958, -22.9716102], [-43.1849322, -22.971591900000004]]}}, {"type": "Feature", "properties": {"osm_id": "way/1341420446", "footway": "sidewalk", "highway": "footway"}, "geometry": {"type": "LineString", "coordinates": [[-43.1859035, -22.9728433], [-43.1859121, -22.972851799999997]]}}, {"type": "Feature", "properties": {"osm_id": "way/1341420447", "footway": "sidewalk", "highway": "footway"}, "geometry": {"type": "LineString", "coordinates": [[-43.1859898, -22.972922099999998], [-43.1859754, -22.9729095]]}}, {"type": "Feature", "properties": {"osm_id": "way/1341420448", "footway": "sidewalk", "highway": "footway"}, "geometry": {"type": "LineString", "coordinates": [[-43.1860763, -22.973012100000005], [-43.1860354, -22.973040100000006]]}}, {"type": "Feature", "properties": {"osm_id": "way/1341420449", "footway": "sidewalk", "highway": "footway"}, "geometry": {"type": "LineString", "coordinates": [[-43.1874271, -22.974809899999997], [-43.1874321, -22.974819300000004]]}}, {"type": "Feature", "properties": {"osm_id": "way/1341420450", "footway": "crossing", "highway": "footway"}, "geometry": {"type": "LineString", "coordinates": [[-43.1875075, -22.975023799999995], [-43.1874567, -22.9750528]]}}, {"type": "Feature", "properties": {"osm_id": "way/1341427439", "highway": "footway"}, "geometry": {"type": "LineString", "coordinates": [[-43.1824598, -22.970184299999996], [-43.1822777, -22.9700497], [-43.1822664, -22.970035200000005], [-43.1822598, -22.9700186], [-43.1822462, -22.9699759]]}}, {"type": "Feature", "properties": {"osm_id": "way/1341427440", "highway": "footway"}, "geometry": {"type": "LineString", "coordinates": [[-43.1825911, -22.9701677], [-43.1825821, -22.970132099999994], [-43.1825709, -22.9701145], [-43.1825566, -22.9701006], [-43.1823538, -22.969956599999996]]}}, {"type": "Feature", "properties": {"osm_id": "way/1341427441", "highway": "footway"}, "geometry": {"type": "LineString", "coordinates": [[-43.1858344, -22.9731916], [-43.1860666, -22.973473399999996], [-43.1860964, -22.9734781]]}}, {"type": "Feature", "properties": {"osm_id": "way/1341427442", "highway": "footway"}, "geometry": {"type": "LineString", "coordinates": [[-43.1864627, -22.9738416], [-43.1865873, -22.9740154], [-43.1865953, -22.974032999999995], [-43.1865991, -22.974050899999998], [-43.1865934, -22.9741074]]}}, {"type": "Feature", "properties": {"osm_id": "way/1341427443", "highway": "footway"}, "geometry": {"type": "LineString", "coordinates": [[-43.1864837, -22.9740868], [-43.1863684, -22.973919099999993], [-43.1863625, -22.9739015], [-43.1863617, -22.9738811], [-43.1863704, -22.973823600000003]]}}, {"type": "Feature", "properties": {"osm_id": "way/1341431759", "highway": "footway"}, "geometry": {"type": "LineString", "coordinates": [[-43.1903596, -22.967164600000004], [-43.1903116, -22.967128]]}}, {"type": "Feature", "properties": {"osm_id": "way/1341431761", "highway": "footway"}, "geometry": {"type": "LineString", "coordinates": [[-43.1866703, -22.966812299999997], [-43.1867203, -22.966875400000003], [-43.1867602, -22.9669293], [-43.1867952, -22.9669797], [-43.186708, -22.967013099999992]]}}, {"type": "Feature", "properties": {"osm_id": "way/1341431764", "highway": "footway"}, "geometry": {"type": "LineString", "coordinates": [[-43.1873191, -22.967503799999992], [-43.1873363, -22.967526899999992], [-43.1874624, -22.967688700000004], [-43.187514, -22.967739500000004], [-43.1875706, -22.967777700000003], [-43.1876951, -22.967844400000004], [-43.1877896, -22.96787429999999]]}}, {"type": "Feature", "properties": {"osm_id": "way/1341431765", "bicycle": "yes", "footway": "crossing", "highway": "footway", "segregated": "yes"}, "geometry": {"type": "LineString", "coordinates": [[-43.1880212, -22.967961999999996], [-43.1879843, -22.967937799999994], [-43.1879091, -22.9678894]]}}, {"type": "Feature", "properties": {"osm_id": "way/1341431766", "highway": "footway"}, "geometry": {"type": "LineString", "coordinates": [[-43.1866135, -22.966916800000003], [-43.1866223, -22.96693369999999]]}}, {"type": "Feature", "properties": {"osm_id": "way/1341431767", "highway": "footway"}, "geometry": {"type": "LineString", "coordinates": [[-43.1867203, -22.966875400000003], [-43.1866135, -22.966916800000003], [-43.1865556, -22.9669375], [-43.1865437, -22.966939899999996], [-43.186531900000006, -22.966939099999998], [-43.1865067, -22.9669301]]}}, {"type": "Feature", "properties": {"osm_id": "way/1341431768", "highway": "footway"}, "geometry": {"type": "LineString", "coordinates": [[-43.1875037, -22.967478899999996], [-43.18748070000001, -22.967457099999997]]}}, {"type": "Feature", "properties": {"osm_id": "way/1341639363", "footway": "crossing", "highway": "footway"}, "geometry": {"type": "LineString", "coordinates": [[-43.1871049, -22.975246300000006], [-43.1871305, -22.975234]]}}, {"type": "Feature", "properties": {"osm_id": "way/1341639364", "footway": "crossing", "highway": "footway"}, "geometry": {"type": "LineString", "coordinates": [[-43.1880441, -22.9758762], [-43.1879685, -22.9759069]]}}, {"type": "Feature", "properties": {"osm_id": "way/1341646195", "highway": "footway"}, "geometry": {"type": "LineString", "coordinates": [[-43.1877696, -22.9680417], [-43.1877616, -22.96801599999999], [-43.1877143, -22.967988800000008]]}}, {"type": "Feature", "properties": {"osm_id": "way/1341646196", "bicycle": "yes", "footway": "crossing", "highway": "footway", "segregated": "yes"}, "geometry": {"type": "LineString", "coordinates": [[-43.1877143, -22.967988800000008], [-43.18774270000001, -22.9679466], [-43.1877683, -22.967905999999992]]}}, {"type": "Feature", "properties": {"osm_id": "way/1341646197", "highway": "footway"}, "geometry": {"type": "LineString", "coordinates": [[-43.1879091, -22.9678894], [-43.1878393, -22.9677978]]}}, {"type": "Feature", "properties": {"osm_id": "way/1341646198", "highway": "cycleway"}, "geometry": {"type": "LineString", "coordinates": [[-43.1878807, -22.9681242], [-43.1868384, -22.969325599999998], [-43.1867572, -22.969417699999997], [-43.18602880000001, -22.9702955], [-43.1858892, -22.970465499999996], [-43.1853419, -22.971078499999997], [-43.1849465, -22.971564]]}}, {"type": "Feature", "properties": {"osm_id": "way/1341646199", "bicycle": "yes", "footway": "crossing", "highway": "footway", "segregated": "yes"}, "geometry": {"type": "LineString", "coordinates": [[-43.1880212, -22.967961999999996], [-43.1879417, -22.968056599999993], [-43.1878807, -22.9681242]]}}, {"type": "Feature", "properties": {"osm_id": "way/1341646200", "bicycle": "yes", "footway": "crossing", "highway": "footway", "segregated": "yes"}, "geometry": {"type": "LineString", "coordinates": [[-43.1878807, -22.9681242], [-43.1878434, -22.968097299999997], [-43.1877696, -22.9680417]]}}, {"type": "Feature", "properties": {"osm_id": "way/1341649004", "foot": "yes", "footway": "crossing", "highway": "footway"}, "geometry": {"type": "LineString", "coordinates": [[-43.1883678, -22.967270999999997], [-43.1884176, -22.9673026]]}}, {"type": "Feature", "properties": {"osm_id": "way/1341649005", "highway": "cycleway"}, "geometry": {"type": "LineString", "coordinates": [[-43.1885035, -22.967355599999998], [-43.1880212, -22.967961999999996]]}}, {"type": "Feature", "properties": {"osm_id": "way/1341649006", "bicycle": "yes", "foot": "yes", "footway": "crossing", "highway": "footway", "segregated": "yes"}, "geometry": {"type": "LineString", "coordinates": [[-43.1884176, -22.9673026], [-43.1884609, -22.967329699999997], [-43.1885035, -22.967355599999998]]}}, {"type": "Feature", "properties": {"osm_id": "way/1341850348", "highway": "service", "oneway": "yes"}, "geometry": {"type": "LineString", "coordinates": [[-43.1884258, -22.967158699999995], [-43.1884954, -22.9672088], [-43.1885333, -22.967236200000002]]}}, {"type": "Feature", "properties": {"osm_id": "way/1344439807", "footway": "crossing", "highway": "footway"}, "geometry": {"type": "LineString", "coordinates": [[-43.187597, -22.976089199999993], [-43.1876302, -22.976071800000003]]}}, {"type": "Feature", "properties": {"osm_id": "way/1344439808", "footway": "sidewalk", "highway": "footway"}, "geometry": {"type": "LineString", "coordinates": [[-43.1803896, -22.969014500000004], [-43.1804137, -22.968980700000003]]}}, {"type": "Feature", "properties": {"osm_id": "way/1344439809", "footway": "sidewalk", "highway": "footway"}, "geometry": {"type": "LineString", "coordinates": [[-43.1781487, -22.9676921], [-43.1781728, -22.967654099999997]]}}, {"type": "Feature", "properties": {"osm_id": "way/1345230223", "footway": "sidewalk", "highway": "footway"}, "geometry": {"type": "LineString", "coordinates": [[-43.1841333, -22.971735700000004], [-43.1841144, -22.97177]]}}, {"type": "Feature", "properties": {"osm_id": "way/1345230224", "footway": "sidewalk", "highway": "footway"}, "geometry": {"type": "LineString", "coordinates": [[-43.1846857, -22.97224959999999], [-43.1846542, -22.9722904]]}}, {"type": "Feature", "properties": {"osm_id": "way/1345230225", "footway": "sidewalk", "highway": "footway"}, "geometry": {"type": "LineString", "coordinates": [[-43.1856943, -22.973345700000003], [-43.18566330000001, -22.9733823]]}}, {"type": "Feature", "properties": {"osm_id": "way/1345230226", "footway": "sidewalk", "highway": "footway"}, "geometry": {"type": "LineString", "coordinates": [[-43.1861732, -22.973940699999996], [-43.186129, -22.973973899999997]]}}, {"type": "Feature", "properties": {"osm_id": "way/1345230227", "footway": "sidewalk", "highway": "footway"}, "geometry": {"type": "LineString", "coordinates": [[-43.1864498, -22.974311999999998], [-43.1864076, -22.974341399999993]]}}, {"type": "Feature", "properties": {"osm_id": "way/1345230228", "footway": "sidewalk", "highway": "footway"}, "geometry": {"type": "LineString", "coordinates": [[-43.1870711, -22.975192100000005], [-43.1870312, -22.975215000000002]]}}, {"type": "Feature", "properties": {"osm_id": "way/1345230229", "footway": "sidewalk", "highway": "footway"}, "geometry": {"type": "LineString", "coordinates": [[-43.1876684, -22.9762227], [-43.187624, -22.976243900000004]]}}, {"type": "Feature", "properties": {"osm_id": "way/1345230230", "footway": "sidewalk", "highway": "footway"}, "geometry": {"type": "LineString", "coordinates": [[-43.1874479, -22.975820200000005], [-43.1874029, -22.9758472]]}}, {"type": "Feature", "properties": {"osm_id": "way/1345230231", "footway": "sidewalk", "highway": "footway"}, "geometry": {"type": "LineString", "coordinates": [[-43.1881074, -22.9770483], [-43.188069000000006, -22.977070499999993]]}}, {"type": "Feature", "properties": {"osm_id": "way/1345230232", "footway": "sidewalk", "highway": "footway"}, "geometry": {"type": "LineString", "coordinates": [[-43.1886871, -22.978398099999996], [-43.1886474, -22.978421199999993]]}}, {"type": "Feature", "properties": {"osm_id": "way/1345230265", "handrail": "yes", "highway": "steps", "incline": "down"}, "geometry": {"type": "LineString", "coordinates": [[-43.1771605, -22.967181399999998], [-43.1771651, -22.9672207]]}}, {"type": "Feature", "properties": {"osm_id": "way/1345230266", "footway": "sidewalk", "highway": "footway"}, "geometry": {"type": "LineString", "coordinates": [[-43.1771769, -22.9671494], [-43.1771605, -22.967181399999998]]}}, {"type": "Feature", "properties": {"osm_id": "way/1345230267", "handrail": "yes", "highway": "steps", "incline": "down"}, "geometry": {"type": "LineString", "coordinates": [[-43.1779013, -22.967596499999996], [-43.177967, -22.9676363]]}}, {"type": "Feature", "properties": {"osm_id": "way/1345230268", "footway": "sidewalk", "highway": "footway"}, "geometry": {"type": "LineString", "coordinates": [[-43.1779175, -22.96755949999999], [-43.1779013, -22.967596499999996]]}}, {"type": "Feature", "properties": {"osm_id": "way/1345230269", "highway": "steps", "incline": "down"}, "geometry": {"type": "LineString", "coordinates": [[-43.178369, -22.967852699999998], [-43.1782799, -22.967810900000007]]}}, {"type": "Feature", "properties": {"osm_id": "way/1345230270", "footway": "sidewalk", "highway": "footway"}, "geometry": {"type": "LineString", "coordinates": [[-43.17838390000001, -22.967824000000004], [-43.178369, -22.967852699999998]]}}, {"type": "Feature", "properties": {"osm_id": "way/1345230271", "highway": "steps", "incline": "down"}, "geometry": {"type": "LineString", "coordinates": [[-43.1791489, -22.968299099999992], [-43.179209900000004, -22.968340199999993]]}}, {"type": "Feature", "properties": {"osm_id": "way/1345230272", "footway": "sidewalk", "highway": "footway"}, "geometry": {"type": "LineString", "coordinates": [[-43.1791694, -22.968264599999998], [-43.1791489, -22.968299099999992]]}}, {"type": "Feature", "properties": {"osm_id": "way/1345230273", "highway": "steps", "incline": "down"}, "geometry": {"type": "LineString", "coordinates": [[-43.1795833, -22.96855280000001], [-43.1795194, -22.9685214]]}}, {"type": "Feature", "properties": {"osm_id": "way/1345230274", "footway": "sidewalk", "highway": "footway"}, "geometry": {"type": "LineString", "coordinates": [[-43.1796029, -22.9685248], [-43.1795833, -22.96855280000001]]}}, {"type": "Feature", "properties": {"osm_id": "way/1345230275", "highway": "steps", "incline": "down"}, "geometry": {"type": "LineString", "coordinates": [[-43.1804402, -22.9690942], [-43.1805048, -22.9691428]]}}, {"type": "Feature", "properties": {"osm_id": "way/1345230276", "footway": "sidewalk", "highway": "footway"}, "geometry": {"type": "LineString", "coordinates": [[-43.180467300000004, -22.969059500000004], [-43.1804402, -22.9690942]]}}, {"type": "Feature", "properties": {"osm_id": "way/1345230277", "highway": "steps", "incline": "down"}, "geometry": {"type": "LineString", "coordinates": [[-43.1808837, -22.969372999999994], [-43.1808149, -22.969336099999996]]}}, {"type": "Feature", "properties": {"osm_id": "way/1345230278", "footway": "sidewalk", "highway": "footway"}, "geometry": {"type": "LineString", "coordinates": [[-43.1809089, -22.969337500000005], [-43.1808837, -22.969372999999994]]}}, {"type": "Feature", "properties": {"osm_id": "way/1345230279", "highway": "steps", "incline": "down"}, "geometry": {"type": "LineString", "coordinates": [[-43.1810877, -22.969509100000003], [-43.1811367, -22.9695492]]}}, {"type": "Feature", "properties": {"osm_id": "way/1345230280", "footway": "sidewalk", "highway": "footway"}, "geometry": {"type": "LineString", "coordinates": [[-43.1811158, -22.9694709], [-43.1810877, -22.969509100000003]]}}, {"type": "Feature", "properties": {"osm_id": "way/1345230281", "highway": "steps", "incline": "down"}, "geometry": {"type": "LineString", "coordinates": [[-43.1815089, -22.969788], [-43.1814498, -22.9697553]]}}, {"type": "Feature", "properties": {"osm_id": "way/1345230282", "footway": "sidewalk", "highway": "footway"}, "geometry": {"type": "LineString", "coordinates": [[-43.1815303, -22.969749899999993], [-43.1815089, -22.969788]]}}, {"type": "Feature", "properties": {"osm_id": "way/1345230283", "footway": "sidewalk", "highway": "footway"}, "geometry": {"type": "LineString", "coordinates": [[-43.1823818, -22.970325399999997], [-43.1823617, -22.970367]]}}, {"type": "Feature", "properties": {"osm_id": "way/1345230284", "highway": "steps", "incline": "down"}, "geometry": {"type": "LineString", "coordinates": [[-43.1823617, -22.970367], [-43.1824054, -22.9704081]]}}, {"type": "Feature", "properties": {"osm_id": "way/1345230285", "highway": "steps", "incline": "down"}, "geometry": {"type": "LineString", "coordinates": [[-43.1827394, -22.970648900000004], [-43.1826894, -22.970618600000005]]}}, {"type": "Feature", "properties": {"osm_id": "way/1345230286", "footway": "sidewalk", "highway": "footway"}, "geometry": {"type": "LineString", "coordinates": [[-43.1827714, -22.9706115], [-43.1827394, -22.970648900000004]]}}, {"type": "Feature", "properties": {"osm_id": "way/1345230287", "highway": "steps", "incline": "down"}, "geometry": {"type": "LineString", "coordinates": [[-43.1835484, -22.971291599999997], [-43.183602, -22.9713433]]}}, {"type": "Feature", "properties": {"osm_id": "way/1345230288", "highway": "steps", "incline": "down"}, "geometry": {"type": "LineString", "coordinates": [[-43.1839256, -22.9716179], [-43.18386520000001, -22.971574000000004]]}}, {"type": "Feature", "properties": {"osm_id": "way/1345230289", "highway": "steps", "incline": "down"}, "geometry": {"type": "LineString", "coordinates": [[-43.1829595, -22.97081169999999], [-43.1830089, -22.970861399999993]]}}, {"type": "Feature", "properties": {"osm_id": "way/1345230290", "footway": "sidewalk", "highway": "footway"}, "geometry": {"type": "LineString", "coordinates": [[-43.182985, -22.970774799999994], [-43.1829595, -22.97081169999999]]}}, {"type": "Feature", "properties": {"osm_id": "way/1345230291", "highway": "footway"}, "geometry": {"type": "LineString", "coordinates": [[-43.1835728, -22.971253799999992], [-43.1835484, -22.971291599999997]]}}, {"type": "Feature", "properties": {"osm_id": "way/1345230292", "highway": "footway"}, "geometry": {"type": "LineString", "coordinates": [[-43.1839589, -22.971584699999998], [-43.1839256, -22.9716179]]}}, {"type": "Feature", "properties": {"osm_id": "way/1345230293", "highway": "steps", "incline": "down"}, "geometry": {"type": "LineString", "coordinates": [[-43.1841144, -22.97177], [-43.1841152, -22.9718128]]}}, {"type": "Feature", "properties": {"osm_id": "way/1345230294", "highway": "steps", "incline": "down"}, "geometry": {"type": "LineString", "coordinates": [[-43.1846542, -22.9722904], [-43.1846551, -22.9723335]]}}, {"type": "Feature", "properties": {"osm_id": "way/1345230295", "highway": "steps", "incline": "down"}, "geometry": {"type": "LineString", "coordinates": [[-43.18566330000001, -22.9733823], [-43.1856599, -22.973425199999994]]}}, {"type": "Feature", "properties": {"osm_id": "way/1345230296", "highway": "steps", "incline": "down"}, "geometry": {"type": "LineString", "coordinates": [[-43.186129, -22.973973899999997], [-43.1861636, -22.9740239]]}}, {"type": "Feature", "properties": {"osm_id": "way/1345230297", "highway": "steps", "incline": "down"}, "geometry": {"type": "LineString", "coordinates": [[-43.1864076, -22.974341399999993], [-43.1863711, -22.9743]]}}, {"type": "Feature", "properties": {"osm_id": "way/1345230298", "highway": "steps", "incline": "down"}, "geometry": {"type": "LineString", "coordinates": [[-43.187624, -22.976243900000004], [-43.187593400000004, -22.976195900000004]]}}, {"type": "Feature", "properties": {"osm_id": "way/1345230299", "highway": "steps", "incline": "down"}, "geometry": {"type": "LineString", "coordinates": [[-43.1870312, -22.975215000000002], [-43.1870208, -22.9752603]]}}, {"type": "Feature", "properties": {"osm_id": "way/1345230300", "highway": "steps", "incline": "down"}, "geometry": {"type": "LineString", "coordinates": [[-43.1874029, -22.9758472], [-43.1874261, -22.975896699999993]]}}, {"type": "Feature", "properties": {"osm_id": "way/1345230301", "highway": "steps", "incline": "down"}, "geometry": {"type": "LineString", "coordinates": [[-43.188069000000006, -22.977070499999993], [-43.1880546, -22.977107499999995]]}}, {"type": "Feature", "properties": {"osm_id": "way/1345230302", "highway": "steps", "incline": "down"}, "geometry": {"type": "LineString", "coordinates": [[-43.1886474, -22.978421199999993], [-43.188625, -22.978463200000007]]}}, {"type": "Feature", "properties": {"osm_id": "way/1347516517", "highway": "service"}, "geometry": {"type": "LineString", "coordinates": [[-43.1932639, -22.975002300000007], [-43.1933793, -22.974987099999996], [-43.1936147, -22.974969900000005]]}}, {"type": "Feature", "properties": {"osm_id": "way/1347516518", "access": "private", "highway": "residential"}, "geometry": {"type": "LineString", "coordinates": [[-43.1933974, -22.974960600000003], [-43.193875600000005, -22.9749038]]}}, {"type": "Feature", "properties": {"osm_id": "way/1347516519", "highway": "residential"}, "geometry": {"type": "LineString", "coordinates": [[-43.1932518, -22.974978599999996], [-43.1933974, -22.974960600000003]]}}, {"type": "Feature", "properties": {"osm_id": "way/1347516520", "highway": "residential", "name": "Travessa Santa Leocádia", "oneway": "no", "surface": "paving_stones"}, "geometry": {"type": "LineString", "coordinates": [[-43.1932096, -22.9742396], [-43.192888, -22.97426859999999]]}}, {"type": "Feature", "properties": {"osm_id": "way/1347516521", "highway": "residential"}, "geometry": {"type": "LineString", "coordinates": [[-43.1931159, -22.9747133], [-43.1932459, -22.974698199999995]]}}, {"type": "Feature", "properties": {"osm_id": "way/1347516522", "access": "private", "highway": "residential"}, "geometry": {"type": "LineString", "coordinates": [[-43.1932459, -22.974698199999995], [-43.193604, -22.974663599999992], [-43.1939279, -22.974661800000003]]}}, {"type": "Feature", "properties": {"osm_id": "way/1347911709", "highway": "service"}, "geometry": {"type": "LineString", "coordinates": [[-43.1819106, -22.964990500000003], [-43.1819572, -22.964912699999992], [-43.1820104, -22.9648514], [-43.1825761, -22.964199000000008]]}}, {"type": "Feature", "properties": {"osm_id": "way/1347911711", "access": "private", "highway": "residential"}, "geometry": {"type": "LineString", "coordinates": [[-43.1885473, -22.970701999999996], [-43.1885343, -22.970716499999998], [-43.188035, -22.971273699999998]]}}, {"type": "Feature", "properties": {"osm_id": "way/1347912060", "highway": "residential"}, "geometry": {"type": "LineString", "coordinates": [[-43.1915657, -22.978685000000002], [-43.1916758, -22.979051600000002]]}}, {"type": "Feature", "properties": {"osm_id": "way/1347912061", "highway": "residential"}, "geometry": {"type": "LineString", "coordinates": [[-43.1916758, -22.979051600000002], [-43.19171286818737, -22.979173199397668]]}}, {"type": "Feature", "properties": {"osm_id": "way/1347912061", "highway": "residential"}, "geometry": {"type": "LineString", "coordinates": [[-43.19176272931, -22.979129703428818], [-43.1916758, -22.979051600000002]]}}, {"type": "Feature", "properties": {"osm_id": "way/1347916180", "access": "private", "highway": "residential"}, "geometry": {"type": "LineString", "coordinates": [[-43.18173034788379, -22.96307017761445], [-43.1817976, -22.9630932], [-43.1818371, -22.963114799999996], [-43.1823327, -22.9634772], [-43.1823387, -22.963499999999996], [-43.1823327, -22.9635204], [-43.1821355, -22.9637698]]}}, {"type": "Feature", "properties": {"osm_id": "way/1347922139", "highway": "service"}, "geometry": {"type": "LineString", "coordinates": [[-43.1913984, -22.978296599999993], [-43.19136100000001, -22.9783005], [-43.1912309, -22.978323299999996]]}}, {"type": "Feature", "properties": {"osm_id": "way/1347977958", "access": "private", "highway": "residential"}, "geometry": {"type": "LineString", "coordinates": [[-43.1895391, -22.9694913], [-43.1896048, -22.969540999999996], [-43.1896739, -22.969593199999995]]}}, {"type": "Feature", "properties": {"osm_id": "way/1347977959", "access": "private", "highway": "residential"}, "geometry": {"type": "LineString", "coordinates": [[-43.1896048, -22.969540999999996], [-43.1896578, -22.969472100000004]]}}, {"type": "Feature", "properties": {"osm_id": "way/1347977960", "highway": "service"}, "geometry": {"type": "LineString", "coordinates": [[-43.1927128, -22.9732505], [-43.1925298, -22.973286300000005], [-43.1925063, -22.9732906], [-43.19241970000001, -22.973307700000003]]}}, {"type": "Feature", "properties": {"osm_id": "way/1347977961", "highway": "service"}, "geometry": {"type": "LineString", "coordinates": [[-43.1925303, -22.9735405], [-43.1926456, -22.9735243]]}}, {"type": "Feature", "properties": {"osm_id": "way/1347977962", "access": "private", "highway": "residential", "name": "Travessa Maria Amelia"}, "geometry": {"type": "LineString", "coordinates": [[-43.193013, -22.9737379], [-43.1929911, -22.9737407]]}}, {"type": "Feature", "properties": {"osm_id": "way/1347977963", "access": "private", "highway": "residential"}, "geometry": {"type": "LineString", "coordinates": [[-43.1911625, -22.973289999999995], [-43.19146690000001, -22.973135700000004]]}}, {"type": "Feature", "properties": {"osm_id": "way/1347977964", "highway": "residential"}, "geometry": {"type": "LineString", "coordinates": [[-43.1910512, -22.97334439999999], [-43.1911625, -22.973289999999995]]}}, {"type": "Feature", "properties": {"osm_id": "way/1347998327", "highway": "living_street"}, "geometry": {"type": "LineString", "coordinates": [[-43.1922568, -22.973987599999997], [-43.1922946, -22.974078999999996]]}}, {"type": "Feature", "properties": {"osm_id": "way/1348125675", "highway": "footway"}, "geometry": {"type": "LineString", "coordinates": [[-43.1879208, -22.97451], [-43.1879682, -22.974486499999994]]}}, {"type": "Feature", "properties": {"osm_id": "way/1348154756", "highway": "service"}, "geometry": {"type": "LineString", "coordinates": [[-43.1820104, -22.9648514], [-43.1819766, -22.96473419999999], [-43.1819659, -22.964696599999996], [-43.1819444, -22.964657699999997], [-43.1819129, -22.964621900000004], [-43.1816313, -22.964484799999997]]}}, {"type": "Feature", "properties": {"osm_id": "way/1348154757", "access": "private", "highway": "residential"}, "geometry": {"type": "LineString", "coordinates": [[-43.1817976, -22.9630932], [-43.181695, -22.963214799999996], [-43.1816735, -22.9632457], [-43.1816601, -22.963287599999997], [-43.1816581, -22.963322200000004], [-43.1816702, -22.9633445], [-43.1821107, -22.963669799999998]]}}, {"type": "Feature", "properties": {"osm_id": "way/1348154758", "bicycle": "designated", "highway": "residential", "lit": "yes", "maxspeed": "30", "name": "Rua Marechal Mascarenhas de Morais", "oneway": "no", "parking:condition:left": "free", "parking:lane:left": "parallel", "parking:lane:right": "no_parking", "surface": "sett"}, "geometry": {"type": "LineString", "coordinates": [[-43.182718900000005, -22.964800299999997], [-43.1827892, -22.9647178]]}}, {"type": "Feature", "properties": {"osm_id": "way/1348154759", "highway": "footway"}, "geometry": {"type": "LineString", "coordinates": [[-43.1860278, -22.967345399999992], [-43.1860716, -22.967375899999997], [-43.1860781, -22.967380400000003], [-43.1864968, -22.967658300000004]]}}, {"type": "Feature", "properties": {"osm_id": "way/1348257965", "highway": "residential"}, "geometry": {"type": "LineString", "coordinates": [[-43.1907858, -22.971665599999998], [-43.1908299, -22.971632999999997], [-43.1911598, -22.971373099999997]]}}, {"type": "Feature", "properties": {"osm_id": "way/1348282122", "highway": "residential"}, "geometry": {"type": "LineString", "coordinates": [[-43.194009, -22.973719200000005], [-43.1939057, -22.973725299999998], [-43.1938937, -22.973719699999997], [-43.193889, -22.973709799999998], [-43.1938702, -22.973614699999995]]}}, {"type": "Feature", "properties": {"osm_id": "way/1348282123", "highway": "residential"}, "geometry": {"type": "LineString", "coordinates": [[-43.194026300000004, -22.973899899999996], [-43.194009, -22.973719200000005], [-43.1939963, -22.973586300000004]]}}, {"type": "Feature", "properties": {"osm_id": "way/1348282124", "highway": "service"}, "geometry": {"type": "LineString", "coordinates": [[-43.1915638, -22.971841099999995], [-43.1916587, -22.971787300000003], [-43.1917258, -22.9717497]]}}, {"type": "Feature", "properties": {"osm_id": "way/1349221872", "highway": "residential"}, "geometry": {"type": "LineString", "coordinates": [[-43.1896578, -22.969472100000004], [-43.1898201, -22.9692758]]}}, {"type": "Feature", "properties": {"osm_id": "way/1349690816", "highway": "footway"}, "geometry": {"type": "LineString", "coordinates": [[-43.183713, -22.968672799999997], [-43.1837493, -22.968691299999996]]}}, {"type": "Feature", "properties": {"osm_id": "way/1349690817", "highway": "footway"}, "geometry": {"type": "LineString", "coordinates": [[-43.1845196, -22.96925780000001], [-43.1844616, -22.969222000000002]]}}, {"type": "Feature", "properties": {"osm_id": "way/1349690818", "highway": "footway"}, "geometry": {"type": "LineString", "coordinates": [[-43.1844854, -22.969047299999996], [-43.1844459, -22.96909739999999]]}}, {"type": "Feature", "properties": {"osm_id": "way/1349690820", "highway": "service"}, "geometry": {"type": "LineString", "coordinates": [[-43.1803812, -22.964329900000003], [-43.1803907, -22.964327699999995], [-43.180445, -22.9643342]]}}, {"type": "Feature", "properties": {"osm_id": "way/1349690821", "covered": "yes", "highway": "service"}, "geometry": {"type": "LineString", "coordinates": [[-43.1803083, -22.964435300000005], [-43.1803153, -22.9644194], [-43.1803696, -22.9643366], [-43.1803812, -22.964329900000003]]}}, {"type": "Feature", "properties": {"osm_id": "way/1349690822", "highway": "service"}, "geometry": {"type": "LineString", "coordinates": [[-43.1803584, -22.964492699999997], [-43.18031100000001, -22.964449599999995], [-43.1803083, -22.964435300000005]]}}, {"type": "Feature", "properties": {"osm_id": "way/1349690823", "highway": "residential"}, "geometry": {"type": "LineString", "coordinates": [[-43.1886167, -22.970634], [-43.1885473, -22.970701999999996]]}}, {"type": "Feature", "properties": {"osm_id": "way/1349690824", "foot": "yes", "highway": "living_street", "name": "Travessa Angrense"}, "geometry": {"type": "LineString", "coordinates": [[-43.1876333, -22.971875600000004], [-43.1875757, -22.9719385]]}}, {"type": "Feature", "properties": {"osm_id": "way/1349830742", "access": "private", "highway": "residential", "lit": "yes", "maxspeed": "30", "name": "Rua Assis Brasil", "oneway": "no", "parking:condition:right": "free", "parking:lane:left": "no_parking", "parking:lane:right": "parallel", "surface": "cobblestone"}, "geometry": {"type": "LineString", "coordinates": [[-43.18095700823111, -22.963744789060947], [-43.1805737, -22.964168499999992]]}}, {"type": "Feature", "properties": {"osm_id": "way/1349830743", "access": "private", "highway": "residential", "lit": "yes", "maxspeed": "30", "name": "Rua Otaviano Hudson", "oneway": "no", "surface": "asphalt"}, "geometry": {"type": "LineString", "coordinates": [[-43.1816537, -22.963922499999995], [-43.18117, -22.9644714]]}}, {"type": "Feature", "properties": {"osm_id": "way/1350012305", "alt_name": "Rua Luiz Renato Caldas", "cycleway:both": "no", "highway": "residential", "lit": "yes", "maxspeed:type": "BR:urban", "name": "Rua General Azevedo Pimentel", "oneway": "no", "surface": "paved"}, "geometry": {"type": "LineString", "coordinates": [[-43.1805511, -22.9659197], [-43.1808494, -22.9654356]]}}, {"type": "Feature", "properties": {"osm_id": "way/1350012306", "cycleway:left": "no", "cycleway:right": "shared_lane", "cycleway:right:oneway": "no", "foot": "no", "highway": "residential", "name": "Rua Rodolfo Dantas", "oneway": "yes", "sidewalk": "both", "surface": "asphalt"}, "geometry": {"type": "LineString", "coordinates": [[-43.1782682, -22.9671893], [-43.1781963, -22.967308899999995]]}}, {"type": "Feature", "properties": {"osm_id": "way/1350012307", "bicycle": "designated", "foot": "no", "highway": "residential", "lanes": "1", "lit": "yes", "maxspeed": "30", "name": "Rua República do Peru", "oneway": "yes", "parking:condition:both": "free", "parking:lane:both": "parallel", "surface": "asphalt"}, "geometry": {"type": "LineString", "coordinates": [[-43.1807318, -22.968808400000004], [-43.1808252, -22.9686959]]}}, {"type": "Feature", "properties": {"osm_id": "way/1350019333", "fixme": "resurvey", "highway": "residential", "name": "Travessa Jaú"}, "geometry": {"type": "LineString", "coordinates": [[-43.1858119, -22.9667706], [-43.1857392, -22.9668934]]}}, {"type": "Feature", "properties": {"osm_id": "way/1350019334", "access": "private", "highway": "residential", "lanes": "1", "lit": "yes", "maxspeed": "30", "name": "Rua República do Peru", "oneway": "no", "parking:both:fee": "no", "surface": "asphalt"}, "geometry": {"type": "LineString", "coordinates": [[-43.183868600000004, -22.965222000000004], [-43.183910600000004, -22.965169]]}}, {"type": "Feature", "properties": {"osm_id": "way/1357114335", "alt_name": "Rua Tonelero", "highway": "residential", "lit": "yes", "maxspeed": "30", "name": "Rua Guimarães Natal", "oneway": "no", "parking:condition:left": "free", "parking:condition:right": "free", "parking:lane:left": "perpendicular", "parking:lane:right": "parallel", "surface": "asphalt"}, "geometry": {"type": "LineString", "coordinates": [[-43.18037557459206, -22.96425198688577], [-43.1804734, -22.9642881]]}}, {"type": "Feature", "properties": {"osm_id": "way/1390930398", "highway": "service", "motor_vehicle": "yes", "source": "survey", "tunnel": "building_passage"}, "geometry": {"type": "LineString", "coordinates": [[-43.190845, -22.974379999999996], [-43.1907797, -22.9742155]]}}, {"type": "Feature", "properties": {"osm_id": "way/1390930399", "highway": "service", "motor_vehicle": "yes", "source": "survey"}, "geometry": {"type": "LineString", "coordinates": [[-43.1908893, -22.974494400000005], [-43.190845, -22.974379999999996]]}}, {"type": "Feature", "properties": {"osm_id": "way/1436515964", "alt_name": "Avenida Pompeu Loureiro", "cycleway:left": "lane", "highway": "tertiary", "lanes": "3", "name": "Rua Pompeu Loureiro", "oneway": "yes", "surface": "asphalt"}, "geometry": {"type": "LineString", "coordinates": [[-43.1935069, -22.975476499999992], [-43.1935563, -22.9755792]]}}, {"type": "Feature", "properties": {"osm_id": "way/1447113316", "highway": "service", "oneway": "yes"}, "geometry": {"type": "LineString", "coordinates": [[-43.1874512, -22.975140499999995], [-43.1875495, -22.9750846], [-43.187635400000005, -22.97505260000001], [-43.1876602, -22.975050999999997], [-43.1876996, -22.975058800000003], [-43.187722, -22.975077399999996], [-43.1877518, -22.975121499999997], [-43.1877548, -22.975171700000004], [-43.18774270000001, -22.9752014], [-43.1877279, -22.9752162], [-43.18767700000001, -22.9752671], [-43.187577, -22.975337399999994]]}}, {"type": "Feature", "properties": {"osm_id": "way/1447116742", "highway": "service"}, "geometry": {"type": "LineString", "coordinates": [[-43.1887083, -22.977494000000007], [-43.1888429, -22.9774676], [-43.1888893, -22.977469499999998], [-43.1889195, -22.9774726], [-43.1889604, -22.977490499999995], [-43.1889879, -22.977533700000002]]}}, {"type": "Feature", "properties": {"osm_id": "way/1447147231", "highway": "footway"}, "geometry": {"type": "LineString", "coordinates": [[-43.1871512, -22.9750173], [-43.1868843, -22.974658100000003], [-43.1864837, -22.9740868]]}}, {"type": "Feature", "properties": {"osm_id": "way/1447369171", "highway": "service", "oneway": "yes"}, "geometry": {"type": "LineString", "coordinates": [[-43.1853531, -22.972463799999996], [-43.1854573, -22.972368899999996], [-43.1855295, -22.972318], [-43.1855597, -22.972313599999993], [-43.1855882, -22.972320999999994], [-43.1856519, -22.972394200000004], [-43.185661, -22.972433099999996], [-43.1856569, -22.972464000000002], [-43.1856075, -22.972528600000004], [-43.1855069, -22.972625000000004]]}}, {"type": "Feature", "properties": {"osm_id": "way/1450418649", "highway": "residential", "name": "Travessa Maria Amelia"}, "geometry": {"type": "LineString", "coordinates": [[-43.1929911, -22.9737407], [-43.1926442, -22.973780299999998]]}}, {"type": "Feature", "properties": {"osm_id": "way/1450418650", "highway": "residential", "name": "Rua Emilio Berla"}, "geometry": {"type": "LineString", "coordinates": [[-43.1931493, -22.973983299999993], [-43.1927555, -22.97402]]}}, {"type": "Feature", "properties": {"osm_id": "way/1550793244", "highway": "footway"}, "geometry": {"type": "LineString", "coordinates": [[-43.1877143, -22.967988800000008], [-43.1874405, -22.967840499999998], [-43.1872896, -22.9677677], [-43.1871715, -22.9677092], [-43.1865613, -22.967401299999995], [-43.186305, -22.967265199999993], [-43.1862159, -22.96722609999999], [-43.1861842, -22.967231699999992], [-43.1860805, -22.9673634], [-43.1860716, -22.967375899999997], [-43.1860325, -22.967448299999997], [-43.185924500000006, -22.9676079], [-43.1858707, -22.967654500000002], [-43.1858625, -22.9676616], [-43.1857987, -22.967730500000002], [-43.1857445, -22.9677996], [-43.1856787, -22.967871000000002], [-43.1855848, -22.967981799999993], [-43.1855619, -22.9680098]]}}, {"type": "Feature", "properties": {"osm_id": "way/1550793245", "highway": "footway"}, "geometry": {"type": "LineString", "coordinates": [[-43.186305, -22.967265199999993], [-43.1863347, -22.967217800000004]]}}]}